Id,Title,CCLI,Themes,Notes,Last Scheduled Date,Song Tag 1,Arrangement 1 Name,Arrangement 1 BPM,Arrangement 1 Length,Arrangement 1 Notes,Arrangement 1 Keys,Arrangement 1 Chord Chart,Arrangement 1 Chord Chart Key,Arrangement 1 Tag 1,Arrangement 1 Tag 2,Arrangement 2 Name,Arrangement 2 BPM,Arrangement 2 Length,Arrangement 2 Notes,Arrangement 2 Keys,Arrangement 2 Chord Chart,Arrangement 2 Chord Chart Key,Arrangement 2 Tag 1,Arrangement 2 Tag 2,Arrangement 3 Name,Arrangement 3 BPM,Arrangement 3 Length,Arrangement 3 Notes,Arrangement 3 Keys,Arrangement 3 Chord Chart,Arrangement 3 Chord Chart Key,Arrangement 3 Tag 1,Arrangement 3 Tag 2
2071891,Hosanna (Praise Is Rising),4662491,", anxious, battle, Bid, Big, Christmas, desert song, Easter, New, Praise, quality time, Real, Salvation, Second Coming, Sin, spirit, Triumphal Entry, Worship","","March 29, 2026","",Default Arrangement,124,300,"","A, C, D, G","Verse 1

Praise is rising
Eyes are turning to You
We turn to You
Hope is stirring
Hearts are yearning for You
We long for You

Misc 1

(Pre-Chorus)
'Cause when we see You
We find strength to face the day
In Your presence
All our fears are washed away
(Washed away)

Chorus 1

Hosanna hosanna
You are the God who saves us
Worthy of all our praises
Hosanna hosanna
Come have Your way among us
We welcome You here Lord Jesus

Verse 2

Hear the sound of
Hearts returning to You
We turn to You
In Your Kingdom
Broken lives are made new
You make us new

Misc 2

(Ending)
Hosanna hosanna",C,"","",,,,,,,,,,,,
2071908,Came To My Rescue,4705190,", Grace, Humility, Presence, Salvation, Surrender, Worship","","May 24, 2026","",Default Arrangement,83,300,"","A, B, Bb, C, F, G","",,Speed: Slow,"",,,,,,,,,,,,
2071911,Mighty To Save,4591782,", Anger, Baptism, beautiful, Communion, Compassion, Easter, Evangelism, Faithful, Forgiveness, god you reing, his love, Holy Spirit, Hope, Joy, kingdom, kingdom od god, Love, mighty to save, Missions,","","April 07, 2024","",Mighty To Save,,330,"","A, D, F, G","Verse 1

Ev’ryone needs compassion
Love that's never failing
Let mercy fall on me
Ev’ryone needs forgiveness
The kindness of a Saviour
The hope of nations


Chorus 1

Saviour He can move the mountains
My God is mighty to save
He is mighty to save
Forever Author of salvation
He rose and conquered the grave
Jesus conquered the grave


Verse 2

So take me as You find me
All my fears and failures
Fill my life again
I give my life to follow
Ev’rything I believe in
Now I surrender


Misc 1

(Bridge)
Shine your light and let the whole world see
We're singing
For the glory of the risen King
Jesus
Shine your light and let the whole world see
We're singing
For the glory of the risen King",D,"","",Mighty to Save (Claudio Carrasco version),72,300,"",C,"",,Speed: Medium,"",,,,,,
2182461,Beautiful,5124024,Creation,"","November 01, 2020","",Default Arrangement,76,300,"","Bb: Original Key, D: Original Key, G","Verse 1

I see Your face in ev'ry sunrise
The colors of the morning are inside Your eyes
The world awakens in the light of the day
I look up to the sky and say
You're beautiful

Verse 2

I see Your power in the moonlit night
Where planets are in motion and galaxies are bright
We are amazed in the light of the stars
It's all proclaiming who You are
You're beautiful

Misc 1

(Interlude)
You're beautiful

Verse 3

I see You there hanging on a tree
You bled and then You died
And then You rose again for me
Now You are sitting on Your heavenly throne
Soon we will be coming home
You're beautiful

Misc 2

(Interlude)
You're beautiful
Let's sing it out

Verse 4

When we arrive at eternity's shore
Where death is just a memory and tears are no more
We'll enter in as the wedding bells ring
Your bride will come together and we'll sing
You're beautiful

Misc 3

(Interlude)
Oh You're beautiful

Misc 4

(Ending)
I see Your face You're beautiful
You're beautiful You're beautiful
I see Your face You're beautiful
You're beautiful You're beautiful
I see Your face
I see Your face
I see Your face You're beautiful
You're beautiful
You're beautiful",G,Speed: Medium,Style: Rock,,,,,,,,,,,,
2291807,Hosanna,4785835,", Canonns, Christmas, Cross, Exaltation, global, Hope, hosanna, palm sunday, storm, take it all, you are","","September 29, 2024","",Default Arrangement,,300,"","C, E","",G,Speed: Medium,Style: Rock,,,,,,,,,,,,
2300402,How He Loves,5032549,", Amazed by you, Father, follow you, Glory, God's Attributes, how he loves, Love, oh how he loves us, Wisdom","","June 28, 2026","",Default Arrangement,,300,"","B, C, D, G","",,Speed: Medium,Style: Rock,,,,,,,,,,,,
2300405,Beautiful Things,5665521,"Beauty, Cleansing, Purity, Renewal","","September 29, 2024","",Default Arrangement,,300,"","A, B, C, D, E, G"," 2025-11-10 version

 INTRO    <s>agtr theme, keys drone tonic cello fading, others out</s>
[G / A/G / | D / / / | G / A/G / | D / / / ]

    VERSE 1    <s>agtr theme plus ldv, others out</s>
[G / A/G / | D / / / | G / A/G / | D / / /]
All this pain, I wonder if I'll
ever find my way, I wonder if my

[G / A/G | Bm7 / A / | G / A/G / | D / / / { <s>keys cello at end</s>}]
life could really change, At all.

    VERSE 2    <s>continue keys cello</s>
[G / A/G / | D / / / | G / A/G / | D / / /]
All this earth, Could all that is 
lost ever be found, Could a garden

[G / A/G | Bm7 / A / | G / A/G / | D / / /]
come up from this ground, At all

    CHORUS 1A    <s>agtr 1/8 low rhythm; keys hold tonic; drums, bass, egtr hits</s>
[D / / / | D / / / | D / / / | D / / /]
You make beautiful things
You make beautiful things out of the dust

[D / / / | D / / / | D / / / | D / / /]
<s>(Add bgv melody</s>) You make beautiful things
You make beautiful things out of us

    TURN    <s>agtr, piano theme; others out</s>
[G / A/G | D / / /]

    VERSE 3    <s>all in; piano continue theme; agtr 1/8th rhythm; egtr 1/4 diads</s>
[G / A/G / | D / / / | G / A/G / | D / / /]
All around, Hope is springing
{<s>(add bgv harmony)</s> }up from this old ground, Out of chaos

[G / A/G | Bm7 / Asus / | G / A/G / | D / / /]
life is being found, In You

    CHORUS 1B    <s> bgv melody; agtr 1/8 low rhythm; pad CPC; drums, bass, egtr hits</s>
[D / / / | Dmaj7 / / / | D6 / / / | D / / /]
You make beautiful things
You make beautiful things out of the dust
COLUMN_BREAK
[D / / / | Dmaj7 / / / | D6 / / / | D / D+ /]
You make beautiful things
You make beautiful things out of us

[G / / / | A/G / / / | G / / / | A/G / / / <s>bgv harmony; full rhythm</s>]
You make beautiful things
You make beautiful things out of the dust

[D / / / | D / / / | D / / / | D / / /]
You make beautiful things
You make beautiful things out of us

    INSTRUMENTAL 1A    <s>BIG; egtr lead, vocal 'ahs'</s>
[D / / / | F#m7 / / / | G / / / | D / / /]
[D / / / | F#m7 / / / | G / / / | D / / /]

    BRIDGE    <s>DOWN bgv only melody; piano melody + tonic, others out?</s>
[D / / / | A/D / / / | G/D / / / | D / / /]
You make me new You are making me new

[D / / / | A/D / / / | G/D / / / | D / / /]
{<s>add additional vocal harmony</s>} You make me new
You are making me new (making me new)

    CHORUS 1C    <s>add ldv melody, bgv continue bridge; add snare; bass hold tonic</s>
[D / / / | A/D / / / | G/D / / / | D / / /]
You make beautiful things
You make beautiful things out of the dust

[Dmaj7/G / / / | Dmaj7/G / / / | D6/G / / / | D6/G / / /    {<s>All in, dissonant; egtr ◆</s>}]
You make beautiful things
You make beautiful things out of us

[D / / / | A/D / / / | G/D / / / | D / / /   {<s>dissonance resolves</s>}]
You make beautiful things
You make beautiful things out of the dust

    INSTRUMENTAL 1B  {<s>BIG egtr lead, somewhat dissonant; vocal ahs</s>}
[D / / / | F#m7 / / / | G / / / | D / / /]
[D / / / | F#m7 / / / | G / / / | D / / /]

    CHORUS 1D     {<s>dissonance resolves; egtr bridge theme</s>}
[D / / / | F#m7/ / / | G / / / | D / / /]
You make beautiful things
You make beautiful things out of us",D,Speed: Medium,Style: Rock,,,,,,,,,,,,
2324746,Open Up The Sky,5097302,"Father, God's Attributes, Jesus, Touch, Waiting","","March 09, 2014","",Default Arrangement,84,300,"","A, D","",,Speed: Medium,Style: Rock,,,,,,,,,,,,
2324749,Lead Me To The Cross,4785828,", Cross, Praise, Prayer","","January 21, 2024","",Default Arrangement,70,300,"","B, C, C#, C#m, D, E","Verse 1

Saviour I come quiet my soul
Remember redemption's hill
Where Your blood was spilled
For my ransom

Misc 1

(Pre-Chorus)
Ev’rything I once held dear
I count it all as loss

Chorus 1

Lead me to the cross
Where Your love poured out
Bring me to my knees
Lord I lay me down
Rid me of myself
I belong to You
Oh lead me lead me to the cross

Verse 2

You were as I tempted and tried human
The word became flesh
Bore my sin and death
Now You're risen

Misc 2

(Bridge)
To Your heart
To Your heart
Lead me to Your heart
Lead me to Your heart",D,Speed: Slow,Style: Rock,,,,,,,,,,,,
2397459,How Deep The Father's Love For Us,1558110,", Calvary, Cross, Easter, Holy Week, Love, maundy thursday, Sacrifice","Phillips, Criag, and Dean","August 09, 2026","",Default Arrangement,,300,"","C, D, E, F, G","Verse 1

How deep the Father's love for us
How vast beyond all measure
That He should give His only Son
To make a wretch His treasure
How great the pain of searing loss
The Father turns His face away
As wounds which mar the Chosen One
Bring many sons to glory

Verse 2

Behold the Man upon a cross
My sin upon His shoulders
Ashamed I hear my mocking voice
Call out among the scoffers
It was my sin that held Him there
Until it was accomplished
His dying breath has brought me life
I know that it is finished

Verse 3

I will not boast in anything
No gifts no pow’r no wisdom
But I will boast in Jesus Christ
His death and resurrection
Why should I gain from His reward
I cannot give an answer
But this I know with all my heart
His wounds have paid my ransom",E,Speed: Medium,Style: Traditional,Stuart Townend,61,249,"","D, E, G","",E,"","",,,,,,
2458947,Come Thou Fount Of Every Blessing,2919359,"","","November 23, 2025","",Default Arrangement,,210,"","C, D, E","",,"","",,,,,,,,,,,,
2458953,Before The Throne Of God Above,2306412,", God's Attributes, Jesus, Lamb of God, Majesty, Redemption, Savior, Worship","","December 13, 2020",Type: Hymn,Default Arrangement,79,203,"","A, C, D, G","",,"","",Default Arrangement,,0,"",D,"",D,"","",,,,,,
2458957,Jesus Paid It All,4689508,", Crucifixion, Jesus, Reconciliation, Redemption, Sacrifice","","August 16, 2026","",Default Arrangement,,240,"","A, B, G"," <s>Only agtr, pads, piano</s>
  INTRODUCTION
[|A . . | D . . | Bm7 . . | D . . |]
[|A . . | D . . | Bm7 . . | D . . |]

  VERSE 1
I [A]hear the Savior say
Thy [E]strength indeed is [A]small
Child of [F#m7]weakness watch and [D]pray
Find in [A]Me thine [E]all in [A]all

  CHORUS 1A
[A]Jesus paid it [F#m7]all
[A/C#]All to Him I [E]owe
[A/C#]Sin had left a [D]crimson stain
He [A]washed it [E]white as [(A)]snow

  INTERLUDE 1A <s>All in</s>
[|A . . | D . . | Bm7 . .  | D . . |]

  VERSE 2
Lord [A] now indeed I find
Thy [E]pow'r and Thine [A]alone
Can [F#m7]change the leper's [D]spots
And [A]melt the [E]heart of [A]stone
COLUMN_BREAK
  CHORUS 1B
[A]Jesus paid it [F#m7]all
[A/C#]All to Him I [E]owe
[A/C#]Sin had left a [D]crimson stain
He [A]washed it [E]white as [(A)]snow

  INTERLUDE 1B
[|A . . | D . . | Bm7 . .  | D . . |]
[|A . . | D . . | Bm7 . .  | D . . |]

  VERSE 3 <s>bass, drums out </s>
And [A]when before the throne
I [E]stand in Him com[A]plete
Jesus [F#m7]died my soul to [D]save
My [A]lips shall [E]still [A]repeat

  CHORUS 1C <s>All in </s>
[A]Jesus paid it [F#m7]all
[A/C#]All to Him I [E]owe
[A/C#]Sin had left a [D]crimson stain
He [A]washed it [E]white as [A]snow

  CHORUS 1D
[A]Jesus paid it [F#m7]all
[A/C#]All to Him I [E]owe
[A/C#]Sin had left a [D]crimson stain
He [A]washed it [E]white as [A]snow
COLUMN_BREAK
  PREBRIDGE
He [A]washed it [E]white as [A]snow
He [A]washed it [E]white as [(A)]snow

  INSTRUMENTAL 1 <s>Building</s>
[|A . . | Asus . . ][| A . . |Asus . .|]
[|A . . | Asus . . ][| A . . |Asus . .|]

  BRIDGE 1 <s>All VOX on melody</s>
Oh [A]praise the One Who [Asus]paid my debt
And [A]raised this life up [Asus]from the dead
Oh [A]praise the One Who [Asus]paid my debt
And [A]raised this life up [Asus]from the dead

  BRIDGE 2A <s>VOX harmony BIG</s>
Oh [A]praise the One [A/C#]Who [D]paid my debt
[A/C#]And [Bm7]]raised this life [A/C#]]up [D]from the dead
Oh [A]praise the One [A/C#]Who [D]paid my debt
[A/C#]And [Bm7]raised this life [A/C#]]up [D]from the dead
(Jesus)
COLUMN_BREAK
  INSTRUMENTAL 2
[| A . A/C# | D . A/C# | Bm7 . A/C# | D . . |]
[| A . A/C# | D . A/C# | Bm7 . A/C# | D . . |]

  BRIDGE 2B
Oh [A]praise the One [A/C#]Who [D]paid my debt
[A/C#]And [Bm7]]raised this life [A/C#]]up [D]from the dead
<s>Vocals only</s>
Oh [A]praise the One [A/C#]Who [D]paid my debt
[A/C#]And [Bm7]raised this life [A/C#]]up [D]from the dead
",A,"","",,,,,,,,,,,,
3062953,All My Fountains,5925670,"God's Love, Refreshing, River","","July 21, 2024","",Default Arrangement,,300,"","D, E, G","",E,Speed: Fast,Style: Rock,,,,,,,,,,,,
3786191,Your Love Never Fails,5337172,", chrsistmas, Love, Sustainer","","May 12, 2024","",Default Arrangement,,225,"","A, D, G","","","","",,,,,,,,,,,,
4050031,Give Me Jesus,4874344,", Adoration, Desire, Jesus","","October 04, 2020","",Default Arrangement,,180,"","A, A#: Extra chord charts, B, C, G","",C,"","",,,,,,,,,,,,
4207575,Everlasting God,4556538,", awakening, Christmas, Comfort, commited, Communion, Compassion, cost, Deliverance, Doubt, Easter, Eternal, Everlasting, god is great, God's Attributes, God's Sovereignty, Hope, made to worship, Miss","","November 17, 2024","",Default Arrangement,,210,"","A, B, Bb, G: G","Verse 1

Strength will rise as we wait upon the Lord
We will wait upon the Lord
We will wait upon the Lord
Strength will rise as we wait upon the Lord
We will wait upon the Lord
We will wait upon the Lord

Misc 1

(Pre-Chorus)
Our God You reign forever
Our Hope our strong Deliv'rer

Chorus 1

You are the everlasting God
The everlasting God
You do not faint
You won't grow weary
You're the defender of the weak
You comfort those in need
You lift us up on wings like eagles",G,"","",,,,,,,,,,,,
4483703,All Creation Sing (Joy To The World),5305393,"Christ, Christmas, Jesus, Proclamation, Singing","","December 22, 2019","",Default Arrangement,,180,"","A, G","

CHORUS
D2                 A             E       E
All of heaven and all creation sing, the wonders of his love

VERSE 1 
A                                         D2    E         F#M
Joy to the world, the Lord has come. Let earth receive Her King
A                  A                     A                          
Let every heart prepare him room. And heaven and nature sing, 
    E
and heaven and nature sing,
    A                       D2  E
And heaven and heaven and nature sing

VERSE 2
A                                         D2       E       F#M
Joy to the world, the savior reigns. Let men their songs employ
A                                 A             A               
While fields and floods, rocks hills and plains repeat the sounding joy 
   E
Repeat the sounding joy
   A                  D2     E
Repeat, repeat the sounding joy

VERSE 3
A                                             D2         E      F#M
He rules the world with truth and grace. And makes the nations prove 
     A                  A                A                          
The glories of his righteousness. And wonders of his love,
    E
And wonders of his love.
    A                    D2  E
And wonders, wonders of his love.


",D,"","",,,,,,,,,,,,
4483711,O Come All Ye Faithful,31054,", Adoration, another chance, Christmas, jesus loves me, Praise, Seasonal","","December 24, 2025","",Chris Tomlin,72,346,"","A, F","Verse 1

O come all ye faithful
Joyful and triumphant
O come ye O come ye to Bethlehem
Come and behold Him
Born the King of angels

Chorus 1

O come let us adore Him
O come let us adore Him
O come let us adore Him
Christ the Lord

Verse 2

Sing choirs of angels
Sing in exultation
O sing all ye bright
Hosts of heav'n above
Glory to God all
Glory in the highest

Verse 3

Yea Lord we greet Thee
Born this happy morning
Jesus to Thee be all glory giv'n
Word of the Father
Now in flesh appearing",A,"","",Default Arrangement,,240,"","C, F, G","","","","",Pentatonix O Come All Ye Faithful,,218,"","B, E, G","Verse 1

O come all ye faithful
Joyful and triumphant
O come ye O come ye to Bethlehem
Come and behold Him
Born the King of angels

Chorus 1

O come let us adore Him
O come let us adore Him
O come let us adore Him
Christ the Lord

Verse 2

Sing choirs of angels
Sing in exultation
O sing all ye bright
Hosts of heav'n above
Glory to God all
Glory in the highest

Verse 3

Yea Lord we greet Thee
Born this happy morning
Jesus to Thee be all glory giv'n
Word of the Father
Now in flesh appearing",G,Speed: Fast,Style: Contemporary
4955195,Cornerstone,6158927,"","","August 02, 2026","",Default Arrangement,,300,"","A, B, C, G: G","Intro: G / / / | / / / / | Em / / / | / / / / | C / / / | D / / / |

Verse 1
G
  My hope is built on nothing less
C                        D
  Than Jesus' blood and righteousness
Em                      G/D
  I dare not trust the sweetest frame
C              D           G / / / | / / / / |
  But wholly trust is Jesus' name

Chorus
         C     Em    D
Christ alone, Cornerstone
G/B          C            Em       D
Weak made strong in the Savior's love
G/B           C
Through the storm
Em    D 
He is Lord
         G / / / | / / / / |  *Last Time (C x 4 Measures)
Lord of all

Verse 2
G
  When darkness seems to hide His face
C                    D
  I rest on His unchanging grace
Em                   G/D
  In every high and stormy gale
C             D             G 
  My anchor holds within the veil
C             D             G 
  My anchor holds within the veil

Bridge 
        Em / / / | / / / /
He is Lord
         C / / / | D / / / |
Lord of all

Verse 3
G
  When He shall come with trumpet sound
C                   D
  Oh may I then in Him be found
Em                        G/D
  Dressed in His righteousness alone
C              D         G 
  Faultless, stand before the throne
",G,"","",Hillsong Worship,71.5,419,"",C,"",C,"","",,,,,,
5328775,How Great Thou Art,14181,"Adoration, Greatness, Majesty, Power, Second Coming, Worship","","August 17, 2025","",Default Arrangement,120,210,"","A, G","","","","",,,,,,,,,,,,
5414353,Trading My Sorrows,2574653,", 2574653, Discipleship, Encouragement, enoucragement, i am free, Joy, Life, Redemption, Suffering, Trials","","September 07, 2025","",Default Arrangement,,180,"","A, Ab, D, E, G","",D,"","",,,,,,,,,,,,
5446097,Christ The Lord Is Risen Today,27965,", Ascension, christ the lord is risen today, Easter, God's Attributes, Joy, Love, Majesty, Praise, Redemption, Rejoice, Resurrection, Seasonal, Victory, Warfare","","April 09, 2023","",Default Arrangement,,180,"","A, C, G","",C,"","",Easter Funk in A,,0,"We are going to play this in A.  Guitar players can play in the key of (G) with a capo on 2.  These chords are a pretty loose base line.  I realize you are used to working off of a recording, but I honestly don't have a recording that I can give you that gets us anywhere close, so you'll just have to trust that we can get it together in practice.",A,"",,"","",,,,,,
5803801,Open The Eyes Of My Heart,2298355,", Cleansing, Eyes, Heart, Humility, Leadership, Longing, Prayer, shout to the lord, Stirred in the spirit, Surrender","","September 21, 2025","",Default Arrangement,,0,"","D, E","",E,"","",,,,,,,,,,,,
5803817,Amazing Grace (My Chains Are Gone),4768151,", Commitment, content, enough, Freedom, Grace, Mercy, party, Testimony","","July 12, 2026","",Default Arrangement,,300,"","C, D, E","",A,"","",,,,,,,,,,,,
5996773,Draw Me Close,1459484,"Adoration, Desire, Friendship, God's Attributes, Jesus, Love","","July 02, 2023","",Default Arrangement,,180,"",Bb,"",Bb,"","",,,,,,,,,,,,
6128767,All The Poor And Powerless,5881130,"Praise, Proclamation, Worship","","March 17, 2024",Type: Chorus,All Sons & Daughters,74,337,"",G,"Verse 1

All the poor and powerless
And all the lost and lonely
And all the thieves will come confess
And know that You are holy
And know that You are holy

Chorus 1

And all will sing out hallelujah
And we will cry out hallelujah

Verse 2

All the hearts who are content
And all who feel unworthy
And all who hurt with nothin' left
Will know that You are holy

Misc 1

(Bridge)
Shout it
Go on and scream it from the mountains
Go on and tell it to the masses
That He is God (yeah)
(REPEAT)

Chorus 2

We will sing out hallelujah
And we will cry out hallelujah
We will sing out hallelujah
And shout yeah",G,"","",Default Arrangement,,360,"","A, G","Verse 1

All the poor and powerless
And all the lost and lonely
And all the thieves will come confess
And know that You are holy
And know that You are holy

Chorus 1

And all will sing out hallelujah
And we will cry out hallelujah

Verse 2

All the hearts who are content
And all who feel unworthy
And all who hurt with nothin' left
Will know that You are holy

Misc 1

(Bridge)
Shout it
Go on and scream it from the mountains
Go on and tell it to the masses
That He is God (yeah)
(REPEAT)

Chorus 2

We will sing out hallelujah
And we will cry out hallelujah
We will sing out hallelujah
And shout yeah",A,"","",,,,,,
6628375,Revelation Song,4447960,", all the way my saviour leads me, call, Christmas, Communion, consumed, Cross, Forgiveness, God's Love, Heaven, Holy, holy is the lord, craig smith, how he loves, inside out, King of Kings, Lamb, mig","","April 02, 2026","",Default Arrangement,,240,"","C, D, F, F#","Verse 1
Worthy is the, Lamb who was slain
Holy Holy is He
Sing a new song, to Him who sits on
Heaven's mercy seat

Chorus
Holy, Holy, Holy is the Lord God almighty
Who was and is and is to come
With all creation I sing praise to the King of Kings
You are my everything and I will adore you

Verse 2
Clothed in rainbows, of living color
Flashes of lighting rolls of thunder
Blessing and honor strength, glory and power be
To you the only wise King

Verse 3
Filled with wonder, awestruck wonder
At the mention of Your name
Jesus your name is power, breath and living water
Such a marvelous mystery

",D,"","",,,,,,,,,,,,
7036717,Away In A Manger,38583,"Adoration, Blessing, Christmas, Eternal Life, Peace, Seasonal","","December 24, 2025",Type: Chorus,Default Arrangement,,240,"","D, E, F: F, G","INTRO- G Em C

G 		      C            G
Away in a manger, No crib for His bed 
        D	 	     G
The little Lord Jesus, lay down His sweet head 
G			    C		  G
The stars in the sky, Look down where he lay 
     Am		G	D	     G		
The little Lord Jesus, asleep on the hay 


     G 		          C        G
The cattle are lowing the baby awakes
        D	           G
But little Lord Jesus no crying he makes
        G	             C   	    G
I love you Lord Jesus; look down from the sky
     Am		G	   D	     G		
And stay by my side until morning is nigh


   G 		        C            G
Be near me Lord Jesus I ask thee to stay
        D	 	           G
Close by me forever, And love me, I pray
      G			       C	    G
Bless all the dear Children in they tender care
     Am		G	D	     G		
And fit us for Heaven to live with thee there",D,"","",,,,,,,,,,,,
7129273,The First Noel,1614872,"Christmas, Seasonal","","December 28, 2025","",Default Arrangement,,240,"","","","","","",Phil Whickham Arrangement,,0,"",D,"",,"","",,,,,,
7492397,This Is Amazing Grace,6333821,"Grace, Kingship, Worthiness","","May 10, 2026",Type: Chorus,Default Arrangement,98,278,"","Bb, C: Female lead/key, G","","","",Style: Rock,,,,,,,,,,,,
7859101,Be Thou My Vision,30639,", Aspiration, Consecration, Dedication, Life in Christ, Vision","","July 19, 2026","",Be Thou My Vision (fast-ish),,240,I want to do this like Rend Collective does it (see video) but with the more traditional lyrics.,D,"Verse 1
[D]Be Thou my [Bm]vision O [G]Lord of my [D]heart
[A]Nought be all [Bm]else to me,[G]save Thou [A]art
[Bm]Thou my best [G]thought, by [D]day or by [G]night[A]
[D]Waking or [Bm]sleeping, Thy [G]presence [A]my [D]light.


Verse 2
[D]Be Thou [Em7]my [Bm]wisdom and [G]Thou my [A]true [D]word
[A]I ever with [Bm] thee and [G]Thous with me [A]Lord
[Bm]Thou my great [G]father [A]and [D]I Thy true [G]son[A]
[D]Thou in [Em7]me [Bm]dwelling and [G]I with [A]Thee [D]one


Verse 3
[D]Riches [Em7]I [Bm]heed not, [A]nor [G]man's empty [D]praise
[A]Thou mine [Bm]inheritance [G]now and [A]always
[Bm]Thou and Thou [G]only, [D]first in [D/F#]my [G]heart[A]
[D]High King of [Bm]heaven, my [G]treasure [A]Thou [D]art.


Verse 4
[D]High King [Em7]of [Bm]heaven, [A]my [G]vict’ry [D]won,
[A]May I reach [Bm]heaven's joys, [G]O bright heaven's [A]Sun!
[Bm]Heart of my [G]own heart, [D]whatever [D/F#]be[G]fall,[A]
[D]Still be my [Bm]vision, O [G]Ruler [A]of [D]all. 
",D,"","",Default Arrangement,90,270,"","C, D, E","",E,"","",,,,,,
7973169,Doxology,56204,"Benediction, Praise, Worship","","October 30, 2022","",Default Arrangement,,60,"",G,"",G,"","",,,,,,,,,,,,
8411815,My Lighthouse,7002032,"","","November 03, 2024","",Default Arrangement,110,225,"","C: Original Key, G","
Verse 1:
[C]In my wrestling and [F]in my [C]doubts,
[F]in my [C]failures, You [G]won't walk out.
[C]Your great love will [F]lead me [C]through.
[F]       You are the [C]peace in my [G]troubled [C]sea,
[F]       You are the [C]peace in my [G]troubled [C]sea.

Verse 2:
[C]In the silence You [F]won't let [C]go,
[F]in the [C]questions Your [G]truth will hold.
[C]Your great love will [F]lead me [C]through.
[F]        You are the [C]peace in my [G]troubled [C]sea,
[F]        You are the [C]peace in my [G]troubled [C]sea

Chorus:
[F]My Lighth[C]ouse, [Am]my Lighth[G]ouse,
[F]shining in the da[C]rkness, I [Am]will follow Yo[G]u.
[F]My Lighth[C]ouse, [Am]my Lighth[G]ouse,
[F]I will trust the pro[C]mise
[Am]You will carry me[G] safe to [F]sho[C]re,[| G |]
safe to [F]sho[C]re,[| G |]
safe to [F]sho[C]re,[| G |]
safe to [C]shore

COLUMN_BREAK

Verse 3:
[C]I won't fear what to[F]morrow [C]brings,
[F]with each [C]morning I'll [G]rise and sing.
[C]My God's love will [F]lead me [C]through.
[F]       You are the [C]peace in my [G]troubled [C]sea,
[F]       You are the [C]peace in my [G]troubled [C]sea.


<b>Mid Section</b>
[F]       Fire be[C]fore us,[Am]     You're the b[G]rightest,
[F]      You will [C]lead us [Am]through the [G]storms.
 ",C,"","",,,,,,,,,,,,
8541739,You Never Let Go,4674166,", Assurance, Encouragement, Faith, Faithfulness, fear, fight back, Generosity, God's Attributes, Love, Perseverance, The Stand","","April 28, 2024","",Default Arrangement,,274,"","A, B: You Never Let Go B, E, G","Verse 1

Even though I walk through the valley
Of the shadow of death
Your perfect love is casting out fear
And even when I'm caught in the middle
Of the storms of this life
I won't turn back I know You are near

Misc 1

(Pre-Chorus)
And I will fear no evil
For my God is with me
And if my God is with me
Whom then shall I fear
Whom then shall I fear

Chorus 1

Oh no You never let go
Through the calm and through the storm
Oh no You never let go
In ev'ry high and ev'ry low
Oh no You never let go
Lord You never let go of me

Verse 2

And I can see a light that is coming
For the heart that holds on
A glorious light beyond all compare
And there will be an end to these troubles
But until that day comes
We'll live to know You here on the earth

Chorus 2

Oh no You never let go
Through the calm and through the storm
Oh no You never let go
In ev'ry high and ev'ry low
Oh no You never let go
Lord You never let go of me
You keep on runnin' and You never let go
Singin'

Misc 2

(Bridge)
Yes I can see a light
That is coming for the heart that holds on
And there will be an end to these troubles
But until that day comes
Still I will praise You
Still I will praise You
(REPEAT)",G,"","",,,,,,,,,,,,
8582919,How Can I Keep From Singing,4822372,"Proclamation, rock of ages, Singing, Worship, your love is extravegant","","July 25, 2021","",Default Arrangement,,240,"",Bb,"How Can I Keep From Singing

Artist: Chris Tomlin
Capo: 3

	G	D/F#
There is an endless song echoes in my soul
	Em7	C	D	G
I hear the music ring and though storms may come
	D/F#	Em7	D/F#	G	Em7	C	
I am holding on to 	the 	rock 	I	 cling

G	C	D
How can I keep from singing Your praise?
	C	G/B	C	D
How can I ever say enough? How amazing is Your love?
G	C	D
How can I keep from shouting Your name? 
	C	G/B	C	D	G
I know I am loved by the King and it makes my heart want to sing


I will lift my eyes In the darkest night
For I know my Savior lives.
And I will walk with You, Knowing You see me through,
And sing the songs You give.

How can I keep from singing Your praise?
How can I ever say enough? How amazing is Your love?
How can I keep from shouting Your name?
I know I am loved by the King and it makes my heart want to sing

	Am7	G/B	C	D
I can sing in the troubled times, sing when I win.
	Am7	G/B	C	D
I can sing when I lose my step and I fall down again.
	Am7		G/B	C		D
I can sing 'cause You pick me up, sing 'cause You're there.
	Am7		G/B			C	D
I can sing 'cause You hear me, Lord, when I call to You in prayer.
	Am7	G/B	C	D
I can sing with my last breath, sing for I know
	Am7	G/B	C	D
That I'll sing with the angels, and the saints around the throne.
",D,"","",,,,,,,,,,,,
8741529,"10,000 Reasons (Bless The Lord)",6016351,"Blessing, , Christian Life, Praise, Adoration","","June 29, 2025","",Default Arrangement,,240,"","A, C, D, E, F, G","Chorus
Bless the [C]Lord, o my [G]soul, [D]O my [Em]soul
[C]Worship His [G]holy [Dsus D]name
Sing like [C]never [G]before, [C]O [D]my [Em]soul, I’ll [C]worship Your [D]holy [Gsus G]name


Verse 1
The [C]sun comes [G]up, it’s a [D]new day [Em]dawning
It’s [C]time to [G]sing your [D]song [Em]again
Whate[C]ver may [G]pass, and what[D]ever lies bef[Em (rest)]ore me 
[C]Let me be [G]singing when the e[Dsus]ven-ing [Gsus G]comes


Verse 2
You’re [C]rich in [G]love, and You’re [D]slow to [Em]anger
Your [C]name is [G]great  and Your [D]heart is [Em]kind
For [C]all Your go[G]odness I will [D]keep on [Em (rest)]singing
[C]Ten thousand [G]reasons for my [Dsus]heart to [Gsus G]find


Verse 3
And [C]on that [G]day when my [D]strength is [Em]failing
The [C]end draws [G]near and my [D]time has [Em]come
[C]Still my [G]soul will sing Your [D]praise [Em (rest)]unending
 [C]Ten thousand [G]years and then for[Dsus]e - - verm[Gsus G (extra measure)]ore

Tag Ending
I’ll [C]worship [D]our holy [Em]name (X2)  I’ll [C]worship Your [D]holy [G]name
",G,"","",,,,,,,,,,,,
8770825,It Is Well,7021972,"","","August 23, 2026","",Default Arrangement,,300,"","C, D: Tenor, G: Original Key","
Intro
/G  D / Em      / G  D / Em    /

Verse 1
G                 D       Em
Grander earth has quaked before
Moved by the sound of His voice
Seas that are shaken and stirred
Can be calmed and broken for my regard

Chorus 1
           C2             D(4)   Em7
Through it all through it all my eyes are on You
            C2            D(4)      Em
Through it all through it all it is well
            C2            D(4)   Em7
Through it all through it all my eyes are on You
      Dsus         D (to verse 2)
It is well with me
      Dsus           D (to bridge)
It is well, it is well 

Verse 2
G                     D     Em
Far be it from me to not believe
Even when my eyes can't see
And this mountain that's in front of me
Will be thrown into the midst of the sea

Bridge 1
       G      D        Em       C
So let go my soul and trust in Him
               G          D       Em    C2(no3)
The waves and wind still know His name

Bridge 2
      C2        D  Em
It is well with my   soul
   G/B   C2       D  Em
It is   well with my   soul
   G/B   C2       D  Em
It is   well with my   soul
       C2        Dsus  D      Em
It is well it is well with my soul


Ending
      C2         Dsus  D      Em
It is well it is well with my soul
  G/B  C2         Dsus  D     G
It is  well it is well with my soul",G,"","",,,,,,,,,,,,
8899155,Angels We Have Heard On High,27721,"Adoration, Christmas, Glory, Jesus, Light of the World, Lordship Of Jesus, Praise, Renewal, Seasonal","","December 15, 2024","",Default Arrangement,,210,"","C, D, E, F","Verse 1

Angels we have heard on high
Sweetly singing o'er the plains
And the mountains in reply
Echoing their joyous strains

Chorus 1

Gloria
In excelsis Deo
Gloria
In excelsis Deo

Verse 2

Shepherds why this jubilee
Why your joyous strains prolong
What the gladsome tidings be
Which inspire your heav'nly song

Verse 3

Come to Bethlehem and see
Christ whose birth the angels sing
Come adore on bended knee
Christ the Lord the newborn King

Verse 4

See Him in a manger laid
Whom the choirs of angels praise
Mary Joseph lend your aid
While our hearts in love we raise",G,"","",,,,,,,,,,,,
8949987,Joy To The World,24016,"Christmas, Joy, joy to the world, Seasonal","","December 28, 2025","",Default Arrangement,,180,"","C, D","C   G      C          C   G   C
Joy to the world, the Lord is come!
    F     G           C
Let earth receive her King;
    C   F  C        C    F   C 
Let every heart prepare him room,
    C  
And heaven and nature sing,
    G
And heaven and nature sing,
   C             F         C  G   C  
And heaven and heaven and nature sing.

C F  C G C

C   G      C          C   G   C
Joy to the World, the Savior reigns!
    F     G           C
Let men their songs employ;
          C   F  C                C    F   C 
While fields and floods, rocks, hills and plains
    C  
Repeat the sounding joy,
    G
Repeat the sounding joy,
   C             F         C  G   C  
Repeat, repeat, the sounding joy.

C F   C G C

No more let sins and sorrows grow,
Nor thorns infest the ground;
He comes to make His blessing flow
Far as the curse is found,
Far as the curse is found,
Far as, far as the curse is found.

He rules the world with truth and grace,
And makes the nations prove
The glories of His righteousness,
And wonders of His love,
And wonders of His love,
And wonders, wonders, of His love.",C,"","",,,,,,,,,,,,
8950085,Angels From The Realms Of Glory,1041115,"","","December 23, 2018","",Default Arrangement,,180,"",G,"",G,"","",,,,,,,,,,,,
8950105,The Wonderful Cross,3148435,", Communion, Contentment, Cross, drifting, Good Friday, Gratitude, Salvation, The Lord's Table, Were You THere","","August 02, 2026","",Default Arrangement,,220,"","C, D, E, G","Verse 1
D         D       G         D
When I survey the wondrous cross
D            G          D     A
On which the Prince of Glory died
D           D       G        D
My richest gain I count but loss
D            G        A     D
And pour contempt on all my pride


Verse 2
D             D        G         D
See from His head His hands His feet
D            G         D     A
Sorrow and love flow mingled down
D               D       G      D
Did e'er such love and sorrow meet
D            G        A     D
Or thorns compose so rich a crown


Chorus
      G         D/F#         G         D/F#
O the wonderful cross O the wonderful cross
        G                D/F#             A
Bids me come and die and find that I may truly live
      G         D/F#         G         D/F#
O the wonderful cross O the wonderful cross
        G               D/F#                A
All who gather here by grace draw near and bless Your name


Verse 3
D                D       G       D
Were the whole realm of nature mine
D               G      D        A
That were an offering far too small
D         D       G    D
Love so amazing so divine
D           G       A      D
Demands my soul my life my all",D,"","",,,,,,,,,,,,
8962947,Hark The Herald Angels Sing,27738,"Angels, Christmas, Praise, Proclamation, Rejoice, Seasonal","","December 17, 2023","",Default Arrangement,,180,"","C, D, E, F, G","",G,"","",,,,,,,,,,,,
9000003,Go Tell It On The Mountain (Go Tell It),6132871,"Advent, Birth, Christmas, Dedication, Evangelism, Greatness, Jesus, Life Of Jesus, Proclamation, Salvation, Shepherd, Son of God, Testimony, Witness","","December 28, 2025","",Default Arrangement,,180,"","E, G","{(Mercy Me version)}

Chorus

[G]Go tell it on the mountain
[D]Over the hills and [G]ev'rywhere
[Em]Go tell it on the mo[G]untain
That [D]Jesus Christ is [G]born

Verse 1

While [G]shepherds kept their watching
O'er [D]]silent flocks by [G]night
Be[Bm]hold throughout the [Em]heavens
There [Am]shone a holy [D]light[D7]

Verse 2

The [G]shepherds feared and trembled
When [D]lo above the [G]earth
Rang [Bm]out the angel [Em]chorus
That [Am]hailed the Savior's [D]birth[D7]

Verse 3

Down [G]in a lowly manger
The [D]humble Christ was [G]born
And [Bm]God sent us sal[Em]vation
That [Am]blessed [A/C#]Christmas [D]morn[D7]",G,"","",,,,,,,,,,,,
9000019,Little Drummer Boy,3241002,"","","December 14, 2014","",Default Arrangement,,210,"","","","","","",,,,,,,,,,,,
9039089,It Came Upon A Midnight Clear,2596356,Christmas,"","December 28, 2025","",Default Arrangement,,210,"",Bb,"",Bb,"","",,,,,,,,,,,,
9039159,Do You Hear What I Hear,75687,", Christmas, Light, Saviour","","December 28, 2014","",Default Arrangement,,180,"",C,"",C,"","",,,,,,,,,,,,
9039173,What Child Is This,30983,", Christmas, Incarnation, Jesus, Seasonal","","December 28, 2025","",Default Arrangement,,180,"","A, E, G","Verse 1

What Child is this who laid to rest
On Mary's lap is sleeping
Whom angels greet with anthems sweet
While shepherds watch are keeping
This this is Christ the King
Whom shepherds guard and angels sing
Haste haste to bring Him laud
The Babe the Son of Mary

Verse 2

Why lies He in such mean estate
Where ox and ass are feeding
Good Christian fear for sinners here
The silent Word is pleading
Nails spear shall pierce Him through
The cross be borne for me for you
Hail hail the Word made flesh
The Babe the Son of Mary

Verse 3

So bring Him incense gold and myrrh
Come peasant king to own Him
The King of kings salvation brings
Let loving hearts enthrone Him
Raise raise the song on high
The Virgin sings her lullaby
Joy joy for Christ is born
The Babe the Son of Mary

Ending

This this is Christ the King
Whom shepherds guard and angels sing
Haste haste to bring Him laud
The Babe the Son of Mary",Abm,"","",,,,,,,,,,,,
9039595,O Holy Night,32015,"Christmas, Jesus, Joy, Seasonal","","December 18, 2022","",Default Arrangement,,240,"","A, C, G","Verse 1

O holy night the stars are brightly shining
It is the night of the dear Savior's birth
Long lay the world in sin and error pining
Till He appeared and the soul felt its worth
A thrill of hope the weary world rejoices
For yonder breaks a new and glorious morn

Chorus 1

Fall on your knees
O hear the angel voices
O night divine
O night when Christ was born
O night O holy night
O night divine

Verse 2

Led by the light of faith serenely beaming
With glowing hearts by His cradle we stand
So led by light of a star sweetly gleaming
Here came the wise men from Orient land
The King of kings lay thus in lowly manger
In all our trials born to be our Friend

Chorus 2

He knows our need
To our weakness is no stranger
Behold your King
Before Him lowly bend
Behold your King
Before Him lowly bend

Verse 3

Truly He taught us to love one another
His law is love and His gospel is peace
Chains shall He break for the slave is our brother
And in His name all oppression shall cease
Sweet hymns of joy in grateful chorus raise we
Let all within us praise His holy name

Chorus 3

Christ is the Lord
O praise His name forever
His power and glory
Evermore proclaim
His power and glory
Evermore proclaim",C,"","",,,,,,,,,,,,
9703219,Lord I Need You,5925687,"Confession, Declaration, Praise, Worship","","August 02, 2026","",Default Arrangement,75,205,"","A, B, Bb, C, G","Verse 1
Lord, I c[G]ome,[C] I con[G]fess
[D/F#]Bowing [Em]here I f[D]ind my [C]rest
Without [G]you I f[C]all ap[G]art
You're the [G]one, that [D]guides my [C]heart

Chorus
Lord I [G]need You, [C]oh, I [G]need [D/F#]you
[Em]Every [C]hour I [G]need [D]you
My [G/B]one de[C]fense, my r[G/D]igthteous[C]ness
Oh [G/D]God, how I [D]need [G]you

Verse 2 
Where sin runs [G]deep, Your [C]grace is [G]more
[D/F#]Where grace is [Em]found is [D]where you [C]are
And where you [G]are, Lord [C]I am [G]free
Holin[G]ess is [D]Christ in [C]me

Bridge 
[C]Teach my [G/B]song to [D]rise to [Em]you
[Em]When temptation [G/B]comes my [C]way
And when I [C]cannot [G/B]stand I'll [D]fall on [Em]you
[C]Jesus you're my [D]hope and [G]stay",G,"","",,,,,,,,,,,,
9703345,Great Is Thy Faithfulness,18723,"Adoration, Assurance, Faithfulness, Hope, Nature, Peace","","April 07, 2024","",Default Arrangement,,240,"","Bb, C, G","",D,"","",,,,,,,,,,,,
9968705,This I Believe,7018338,"","","February 08, 2026","",Default Arrangement,71,300,"","A, C, D, E, F, G","    INTRODUCTION
{<s>bass, drums out; 1/8 note rhythm, tonic pad, piano lead</s>}
[|C / / Em | D / / G/B | C / / Em | D / / G/B]

    VERSE 1  {<s>vocals unison; instruments like intro</s>}
[|C / / ]Our Father ever[Em]lasting [|D / / ]the all cre[ G/B]ating one [|C / / ]
God [Em]al[|D / /]mighty[G/B]
[|C / /]Through Your Holy [Em]Spirit [|D / /]conceiving Christ [G/B]the [|C / / /]Son
Jesus our [|D / / /]Savior

    CHORUS 1A {<s>alto harmony, agtr light groove, piano 1/4, bass CPC, egtr lead</s>}
[|G / /]I believe in God our [Am]Father [|C / /]I believe in Christ the [D]Son
[|Em / / /]I believe in the Holy Spirit [|C / / /]Our God is three in One
[|G / /]I believe in the resurr[Am]ection [|C / /]that we will rise a[D]gain
[|Em / / /]For I believe in the [|C /]name of [D /]Jesus

    INSTRUMENTAL
{<s>full band: bass, tom 1, 1.75, 2, 4; piano 1/8 lead; egtr rhythm pattern </s>}
[|C / / Em | D / / G/B | C / / Em | D / / G/B]

    VERSE 2   {<s>piano softer 1/8; alto harmony</s>}
[|C / /]Our judge and our de[Em]fender[|D / /] suffered and cru[G/B]ci[|C / /]fied
Forgiveness [Em]is [|D / /]in you[G/B]
<s>Building to 1/8s in drum and bass</s>
[|C / /]Descended into [Em]darkness [|D / /]You rose in glor[G/B]ious [|C / / /]life
Forever seated [|D / / /]high

    CHORUS 1B  {<s>BIG; bass 1,3,4; egtr theme; alto harmony; drum groove 1,2,4;</s>}
[|G / /]I believe in God our [Am]Father [|C / /]I believe in Christ the [D]Son
[|Em / / /]I believe in the Holy Spirit [|C / / /]Our God is three in One
[|G / /]I believe in the resur[Am]rection[|C / /] that we will rise a[D]gain
[|Em / / /]For I believe in the [|C /]name of [D /{ <s>bass build to 1/8 </s>}]Jesus[|G / / G/B]
COLUMN_BREAK
    BRIDGE 1A {<s>BIG continues, bass 1/8; full harmony; piano 2,3 lead</s>}
I be[|C /]lieve [Em /]in [|D /]You [G/B /][I be[|C /]lieve You [Em / ]rose a[|D /]gain[G/B /]
I be[|C / / /]lieve that [|D / / /]Jesus Christ is [|G / / /]Lord[|G / / G/B  {<s>egtr lead at end of line</s>}]

    BRIDGE 1B
I be[|C /]lieve [Em / ]in [|D /]You [G/B /]I be[[|C /]lieve You [Em /]rose a[|D / G/B /]gain
I be[|C / / /]lieve that [|D / / /]Jesus Christ is [|G / / /]Lord[|G / / /{ <s>egtr lead at end of line</s>}]

    CHORUS 2   {<s>DOWN drums, bass, egtr out; vocals unison; piano lead</s>}
[|G / /]I believe in life e[Am]ternal [|C / /]I believe in the virgin [D]birth
[|Em / / /]I believe in the saints communion[|C / / /] and in Your holy Church

{<s>bgv harmony; slowly build; add drums 1/8</s>}
[|G / /]I believe in the resur[Am]rection [|C / /]when Jesus comes a[D]gain
{<s>add bass 1/8 then 1/16th</s>}
[|Em / / /]For I believe in the[|C /] name of J[D /]esus

    CHORUS 1C   {<s>BIG; bass 1,3,4; egtr theme; full harmony; drum groove 1,2,4;</s>}
[|G / /]I believe in God our [Am]Father [|C / /]I believe in Christ the [D]Son
[|Em / / /]I believe in the Holy Spirit [|C / / /]Our God is three in One
[|G / /]I believe in the resurr[Am]ection [|C / /]that we will rise a[D]gain
[|Em / / /]For I believe in the [|C /]name of [D /]Jesus

    TAG 1A 
[|Em / / /]For I believe in the [|C /]name of [D /]Jesus

    TAG 1B   {<s>ritard; all out but vocals in harmony, pad</s>}
[|Em / / /]For I believe in the [|C /]name of [D /]Jesus[|G / / /]
",G,"","",,,,,,,,,,,,
9999671,All Who Are Thirsty,2489542,", Comfort, Refreshing, Worship","","April 02, 2026","",Default Arrangement,,300,"","A, F, G","Verse 1

All who are thirsty
All who are weak
Come to the fountain
Dip your heart in the stream of life
Let the pain and the sorrow
Be washed away
In the waves of His mercy
As deep cries out to deep
(We sing)

Chorus 1

Come Lord Jesus come
Come Lord Jesus come
(REPEAT)

Chorus 2

Holy Spirit come
Holy Spirit come
(REPEAT)

Misc 1

(Interlude)
As deep cries out to deep
As deep cries out to deep
As deep cries out to deep we sing",G,"","",,,,,,,,,,,,
10151761,All Creatures Of Our God And King,1074010,"","","May 04, 2025","",Default Arrangement,,255,"","B, D","INTRO: D /// |Bm /// |G ///

Verse 1
[D]All creatures of our God and King, [Bm7]lift up your voice and with us sing 
[G]Oh praise Him, Hallelujah
[D]Thou burning sun with golden beam, [Bm7]thou silver moon with softer gleam
Oh [G]praise Him, oh [D/F#]praise Him, Halle[G]lujah Halle[D/F#]lujah, Hal[Asus - A]lelu----------[D (to intro)]jah

Verse 2
[D]Thou rushing wind that art so strong [Bm7]ye clouds that sail in heaven along
[G]Oh praise Him, Hallelujah
[D]Thou rising moon in praise rejoice, [Bm7]ye lights of evening find your voice
Oh [G]praise Him, oh [D/F#]praise Him, Halle[G]lujah Halle[D/F#]lujah, Hal[Asus - A]lelu----------[D (to intro)]jah

Verse 3
[D]Let all things their creator bless [Bm7]and worship him in humbleness
[G]Oh praise Him, Hallelujah[<b>REST //</b>]
[D]Praise, praise the Father praise the Son, [Bm7]and praise the Spirit, three in one
Oh [G]praise Him, oh [D/F#]praise Him, Halle[G]lujah Halle[D/F#]lujah, Hal[Asus - A]lelu----------[D (to intro)]jah

Bridge
[D]Praise, praise the Father praise the Son, [Bm7]and praise the Spirit, three in one
Oh [G]praise Him, oh [D/F#]praise Him, 
Halle[G]lujah Halle[D/F#]lujah, Hal[Asus - A]lelu--------------[G/// A /// Bm7 /// A/C# ///]jah

<b>End (x3)</b>
Halle[G]lujah, Halle[A]lujah, Halle[Bm7]lujah, Halle[A/C#]lujah   [End on D]",D,"","",,,,,,,,,,,,
10274181,Oceans (Where Feet May Fail),6428767,"Faith, Grace, Guidance, Rest, Trust","","March 01, 2026","",Default Arrangement,127,360,"","D, G","Verse 1

You call me out upon the waters
The great unknown where feet may fail
And there I find You in the mystery
In oceans deep my faith will stand

Chorus 1

And I will call upon Your name
And keep my eyes above the waves
When oceans rise
My soul will rest in Your embrace
For I am Yours and You are mine

Verse 2

Your grace abounds in deepest waters
Your sov'reign hand will be my guide
Where feet may fail and fear surrounds me
You've never failed and You won't start now

Misc 1

(Interlude)
Oh and You are mine oh

Misc 2

(Bridge)
Spirit lead me where my trust is without borders
Let me walk upon the waters
Wherever You would call me
Take me deeper than my feet could ever wander
And my faith will be made stronger
In the presence of my Saviour

Misc 3

(Interlude)
Yeah yeah yeah yeah
Oh Jesus yeah my God

Chorus 2

I will call upon Your name
Keep my eyes above the waves
My soul will rest in Your embrace
I am Yours and You are mine",G,Speed: Medium,Style: Contemporary,,,,,,,,,,,,
10357139,Down To The River To Pray - old hymn,4568784,Prayer,"","February 19, 2017","",Default Arrangement,,180,"",D,"","","","",,,,,,,,,,,,
10406393,Praise To The Lord the Almighty,,"","","July 12, 2026",Type: Hymn,Default Arrangement,120,300,"","","[D]Praise to the [A]Lord
The [G]almighty the king of cre[A]ati[D]on
[D]O my soul, [A]praise Him
For [G]He is thy health and sal[A]vati[D]on
[D]All ye who [G]hear
[D]Now to His temple draw [A]near
[Bm]Praise him in [G]glad ador[A]ati[D]on

Praise to the Lord
Who over all things so wondrously reigneth
Shelters thee under His wings 
Yea so gently sustaineth
Hast thou not seen
How your desires have been
Granted in what He ordaineth

Praise to the Lord
Who doth prosper thy work and defend thee
Surely His goodness
And mercy here daily attend thee
Ponder Anew
What the almighty can do
If with His love He befreinds thee

Praise to the Lord
O let all that is in me adore Him
All that hath life and breath
Come now with praises before Him
Let the amen
Sound from His people again
Gladly for aye we adore Him 

COLUMN_BREAK
Chorus
[D // | D/C# // | Bm // | D/F# // | G // | /// |]
All my heart and mind
praise the Lord on high
All my soul and strength
Praise our God who reigns",D,"","",,,,,,,,,,,,
10480427,A Mighty Fortress Is Our God,2371423,"","","July 21, 2024","",Default Arrangement,,240,"",B,"","","","",,,,,,,,,,,,
10523349,"Joyful Joyful, We Adore Thee",,"","","January 25, 2026","",Default Arrangement,,240,"","C-D, G","Verse 1
[C]Joyful, joyful, [G]we adore Thee,
[C]God of glory, [G]Lord of love.
[C]Hearts unfold like [F]flow’rs before Thee,
[C]Op’ning to the [G]sun a[C]bove.

[G] Melt the [C]clouds of [G]sin and [C]sadness,
[G]Drive the [E/G#]dark of [Am]doubt [D]a[G]way.
[C]Giver of im[F]mortal gladness,
[C]Fill us with the [G]light of [C]day!

Verse 2
[C]All Thy works with [G]joy surround Thee,
[C]Earth and heav’n re[G]flect Thy rays.
[C]Stars and angels [F]sing around Thee,
[C]Center of un[G]broken [C]praise.

[G] Field and [C]forest, [G]vale and [C]mountain,
[G]Flow’ry [E/G#]meadow, [Am]flash[D]ing [G]sea,
[C]Chanting bird and [F]flowing fountain
[C]Call us to re[G]joice in [C]Thee.
COLUMN_BREAK
Verse 3
[C]Thou art giving [G]and forgiving,
[C]Ever blessing, [G]ever blest.
[C]Wellspring of the [F]joy of living,
[C]Ocean depth of [G]happy [C]rest!

[G] Thou the [C]Father, [G]Christ our [C]Brother,
[G]All who [E/G#]live in [Am]love [D]are [G]Thine;
[C]Teach us how to [F]love each other,
[C]Lift us to the [G]joy [C]divine.[| C / / / ] [| <s>ritard</s>  D / / / | / / / / |]
TRANSPOSE KEY +2
Verse 4
[C]Mortals, join the [G]mighty chorus,
[C]Which the morning [G]stars began;
[C]Father [C7]love is [F]reigning o’er us,
[C]Brother love binds [G]man to [C]man.

[G] Ever [C]singing, [G]march we [C]onward,
[G]Victors [E/G#]in the [Am]midst [D]of [G]strife,
[C]Joyful music [F]leads us sunward,
[C]In the triumph [G]song of life.
",C,"","",,,,,,,,,,,,
10625383,Children Of The Heavenly Father,2137612,"Children, Compassion, Father, Love, Praise, Protection","","September 27, 2015",Type: Hymn,Default Arrangement,95,240,Chorus is 4/4,D,"
Intro: D

Children [D]of the heav’nly [A]Father
Safely [G]in His bosom [D]gather;
Nestling [G]bird nor star in [D]heaven
Such a [A7]refuge e’er was [D]given

God His own doth tend and nourish;
In His holy courts they flourish;
From all evil things He spares them;
In His mighty arms He bears them.

Chorus
[D]He watches [G ]over [D]us

Neither life nor death shall ever
From the Lord His children sever;
Unto them His grace He showeth,
And their sorrows all He knoweth.

Though He giveth or He taketh,
God His children ne’er forsaketh;
His the loving purpose solely
To preserve them pure and holy.

Lo, their very hairs He numbers,
And no daily care encumbers
Them that share His ev’ry blessing
And His help in woes distressing.

Praise the Lord in joyful numbers:
Your Protector never slumbers.
At the will of your Defender
Ev’ry foeman must surrender.
",D,"","",,,,,,,,,,,,
10631875,Who Am I,4196651,", God's Attributes, Honor","",,"",Default Arrangement,,180,"","B, D, G","
Intro: C G Am G

Verse 1     
Who am [C] I? That the [G]Lord of all the [Am]earth,
Would [G]care to know my [F]name, would [G]care to feel my [F]hurt,
Who am [C]I? That the [G]Bright and Morning [Am]Star,
Would [G]choose to light the [F]way, For my [G]ever wandering [F]heart,


Pre-Chorus
Not [Am]because of who I [G]am, but [F]because of what You've [G]done,
Not [Am]because of what I've [G]done, but [F]because of who You [G]are,


Chorus
[C]I am a [G]flower quickly [Am]fading, here [G]today and gone [F]tomorrow,
A [G]wave tossed in the [F]ocean (ocean), a vapor in the [C]wind,
Still You [G]hear me when I'm [Am]calling, Lord, You [G]catch me when I'm [F]falling,
And You've [G]told me who I [F]am.. 
I am [C]Yours.


Verse 2
Who am [C] I? That the [G]eyes that see my [Am]sin,
Would [G]look on me with [F]love, and [G]watch me rise [F]again,
Who am [C]I? That the [G]voice that calmed the [Am]sea,
Would [G]call out through the [F]rain, and [G]calm the storm in [F]me,


<b>End (Intro Riff) </b> C G Am G

I am yours
Whom Shall I fear

",C,"","",,,,,,,,,,,,
10900815,Forever (Chris Tomlin),3148428,", Assurance, be glorified, Blessing, Faithfulness, God's Attributes, Holiness, Love, Praise, Presence, Provision, repentence, Rest, Strength, Thanksgiving, Unity","","October 10, 2021","",Default Arrangement,,240,"",G,"Intro: G///|////| C///|////| Em7///| D///| G///|

Verse 1 
Give [G] thanks to the Lord our God and King   His love endures forever 
[C]For He is good, He is above all things  
His love endures forev[G]er 
Sing [D]praise, sing [C/E]praise 

Verse 2
With a [G]mighty hand and outstretched arm   His love endures forever 
[C]For the life that’s been reborn 
His love endures [G]forever 
Sing [D]praise sing [C]praise,  Sing [D]praise sing [C/E]praise 


Chorus
Fore[G]ver God is faithful
Fore[Em7]ver God is strong 
For[D]ever God is with us 
For[C]ever                      (For[G]ever)


Verse 3
From-the-ri[G]sing to the setting sun    His love endures forever 
By-the-[C]grace of God we will carry on 
His love endures for[G]ever 
Sing [D]praise, sing [C]praise  Sing [D]praise, sing [C/E]praise 



",G,"","",,,,,,,,,,,,
11155635,Come Thou Long Expected Jesus,4744735,"","","December 21, 2025","",Default Arrangement,,240,"","C, D, G","INTRO <s>BIG</s>
[|G /  | C / | G  / | C / | G /  | C / | G  / | C /]

VERSE 1   <s>MEDIUM</s>
[|G / ]Come Thou long-ex[|C / ]pected Jesus
[|G /]Born to set Thy [|C /]people free;
[|G / ]From our fears and [|C]sins re[D]lease us,
[|Em / ]Let us find our [|C]rest in [G]Thee.

[|G / ]Israel’s strength and [|C / ]consolation,
[|G / ]Hope of all the [|C]earth Thou [D]art;
[|G]Dear de[C]sire of [|Em]every [D]nation,
[|G]Joy of  [C]every [|D <s>short measure</s>]longing

INTERLUDE 1
[|G / | C / | G  / | C]heart

VERSE 2
[|G /]Joy to those who [|C /]long to see thee
[|G / ]Day spring of on [|C /]high appear
[|G / ]Come thou promised [|C]rod of [D]Jesse
[|Em /] Of thy birth we [|C]long to [G]hear

[|G / ]O’er  the hills the [|C /]angels singing
[|G / ]News that tidings [|C]of a [D]birth
[|G]Go to [C]Him your [|Em]praises [D]ringing
[|G]Christ the [C]Lord has [|Dsus D <s>(full measure)</s>]come to

INTERLUDE 2
[|G / | C / | G  / C /]earth

VERSE 3 <s>whole notes but full drums</s>
[|G /]Come to earth to [|C /]taste our sadness
[|G /] He who’s  glories [|C / ]knew no end
[|G /]By His life He [|C]brings us [D]gladness
[|Em /] Our redeemer [|C]shepherd [G]friend

[|G <s>all in</s>/ ] Leaving riches [|C /]without number
[|G /] Born within a [|C]cattle [D]stall
[|G]This the [C]ever[|Em]lasting [D]wonder, 
[|G ] Christ was [C]born the [|D <s>short measure</s>]lord of

INSTRUMENTAL
[|Em /]all[ | G/B | C / | D / | Am / | G/B / | C / | D /]

VERSE 4    <s>DOWN</s>
[|G /]Born Thy people [|C /]to deliver,
[|G / ]Born a child and [|C /]yet a King,
[|G <s>BUILDING</s>/]Born to reign in [|C]us for[D]ever,
[|Em /]Now Thy gracious [|C]kingdom [G]bring

[|G <s>BIG</s>/]By Thine own e[|C /]ternal Spirit
[|G /] Rule in all our [|C]hearts a[D]lone;
[|G]By Thine [C]all suf[|Em]ficient [D]merit,
[|G]Raise us [C]to Thy [|Dsus]glori[D <s>(full measure)</s>]ous

OUTRO
[|G / | C / |G  / | C /]throne 
[|G /  | C / | G  / | C / | G / / /]

",G,"","",,,,,,,,,,,,
11289991,No Longer Slaves,7030123,"","","March 29, 2020","",Default Arrangement,74,373,"","A, Bb, C, E","Verse 1:
	     C
You unravel me like a melody
	     F	        G	C
You surround me with a song
	    C
Of deliverance from my enemies
      F	       G		C
Till all my fears are gone
Chorus
	  F	     G	        C
I’m no longer a slave to fear
Am	  G	   C
I am a child of God
	  F	    G	       C
I’m no longer a slave to fear
Am	  G	   Am
I am a child of God
		   C	(To Chorus / Last time)

Inst: || Am / G / | C / F / | Am / G / | C / F / ||

Verse 2
		C			      Em
From my Mother’s womb You have chosen me
F	        G	C
Love has called my name
	       C			        Em
I’ve been born again into Your family
	F		G	    C
Your blood flows through my veins

Bridge 1:
||: Am / G / | C / F / :|| 
I am surrounded by the arms of the father
I am surrounded by songs of deliverance
We’ve been liberated from our bondage
Were the sons and the daughters
Let us sing our freedom

Bridge 2:
Am		G		   C		F
You split the sea so I could walk right through it 
Am		     G			  C	F
My fears were drowned in perfect love
Am 		 G		  C	       Em
You rescued me so I could stand and sing
   F	  G	    C
I am a child of God 



Tag:
F	  G	    C
I am a child of God (repeat)

MAP

V1
CH
INST
V2
CH X2
INST X 2
BD BRIDGE 1
INST X2
BRIDGE 2 X2
TAG
BD CHORUS X2
END ON C

",C,"","",,,,,,,,,,,,
11566231,Good Good Father,7036612,"","","March 15, 2026","",Default Arrangement,,240,"","A, Ab, C, D, G","Verse 1

I've heard a thousand stories
Of what they think You’re like
But I've heard the tender whisper
Of love in the dead of night
You tell me that You’re pleased
And that I'm never alone

Chorus 1

You're a Good Good Father
It's who You are
It's who You are
It's who You are
And I'm loved by You
It's who I am
It's who I am
It's who I am

Verse 2

I've seen many searching for answers
Far and wide
But I know we're all searching for answers
Only You provide
Because You know just what we need
Before we say a word

Misc 1

(Bridge)
You are perfect in all of Your ways
You are perfect in all of Your ways
You are perfect in all of Your ways to us

Verse 3

Love so undeniable I can hardly speak
Peace so unexplainable I can hardly think
As You call me deeper still
As You call me deeper still
As You call me deeper still
Into love love love",Ab,"","",,,,,,,,,,,,
11851969,My Redeemer Lives,2397964,", Declaration, Resurrection, vision of you","","April 08, 2018","",Default Arrangement,,240,"",E,"
E7        A7
I know He Rescued my soul
E7        A7 
His Blood covered my sin 
    E7   A7    E7   A7
I believe  I believe
E7            A7 
My shame He's taken away 
E7         A7
My pain is healed in His name
    E7   A7    E7   A7
I believe  I believe 

  
Chorus:
B
I'll raise a banner
A                                B
'Cause my Lord has conquered the grave 
     E      A          C#m    Bsus4
My Redeemer lives my Redeemer lives
     E      A          C#m    Bsus4
My Redeemer lives my Redeemer lives
     E      A          C#m    Bsus4
My Redeemer lives my Redeemer lives
     E      A          C#m    Bsus4
My Redeemer lives my Redeemer lives


D
You lift my burdens 
A/C#
And I rise with You
    E/G#            F#m7 
I'm dancing on this mountain top
   E/G#             Bsus4 
To see Your Kingdom come",E,"","",,,,,,,,,,,,
12036753,Remembrance (The Communion Song),5484616,", Communion, Crucifixion, Remembrance","","April 02, 2017",Type: Chorus,Default Arrangement,,300,Played while Communion is being served,C,"","","","",,,,,,,,,,,,
12111867,It Is Well With My Soul,3366183,"Joy, Peace","","November 28, 2021",Type: Hymn,Default Arrangement,,330,"","C, D, D#, E","Verse 1
When [C]peace, like a [G]river, [F-G7]attendeth my [C]way,
When [Am]sorrows like [D]sea billows [G]roll;
What[C]ever my [F]lot, [A- Dm]thou hast [D]taught me to [G]say,
""It is [C]well, [F]it is [C/G]well [G]with my [C]soul.""

Chorus
     It is [C]well           (It is [G]welll)
     With my [G]soul         (With my [C]soul)
     It is [F]well, it is [C/G]well, [G]with my [C]soul.

Verse 2
Though [C]Satan should [G]buffet, though [F-G7]trials should [C]come,
Let [Am]this blest [D]assurance [G]control,
That [C]Christ has [F]regarded my [A-Dm]helpless [D7--G]estate,
And hath [C]shed [F]his own [C/G]blood [G]for my [C]soul.

Verse 3
My [C]sin, o, the [G]bliss of this [F-G7]glorious [C]thought!
My [Am]sin, not in [D]part but the [G]whole
Is [C]nailed to the [F]cross, [A-Dm]and I [D7]bear it no [G]more,
Praise the [C]Lord, [F]praise the [C/G]Lord, [G]O my [C]soul!

Verse 4
And, [C]Lord, haste the [G]day when my [F]faith [G7]shall be [C]sight,
The [Am]clouds be rolled [D]back as a [G]scroll;
The [C]trump shall [F]resound, [A-Dm]and the [D7]Lord shall [G]descend,
Even [C]so, it is [F]well [C/g}with [G]my [C]soul.


",C,"","",,,,,,,,,,,,
12440788,Great Are You Lord,6460220,"Adoration, Greatness, Praise","","August 16, 2026","",All Sons & Daughters,72,296,"","E, G","Verse 1

You give life You are love
You bring light to the darkness
You give hope You restore ev'ry heart that is broken
And great are You Lord

Chorus 1

It's Your breath in our lungs
So we pour out our praise
We pour out our praise
It's Your breath in our lungs
So we pour out our praise to You only

Misc 1

(Bridge)
And all the earth will shout Your praise
Our hearts will cry these bones will sing
Great are You Lord
(REPEAT)",E,"","",Default Arrangement,,270,"","A, Ab, C, D, E, G","Verse 1

You give life You are love
You bring light to the darkness
You give hope You restore ev'ry heart that is broken
And great are You Lord

Chorus 1

It's Your breath in our lungs
So we pour out our praise
We pour out our praise
It's Your breath in our lungs
So we pour out our praise to You only

Misc 1

(Bridge)
And all the earth will shout Your praise
Our hearts will cry these bones will sing
Great are You Lord
(REPEAT)",A,Speed: Slow,Style: Contemporary,,,,,,
12534261,Christ Is Enough,6514035,"Christ, Fulfillment, Sustainer","","February 01, 2026","",Default Arrangement,,300,"","A, B, E, F, G","Verse 1

Christ is my reward and all of my devotion
Now there's nothing in this world
That could ever satisfy
Through every trial my soul will sing
No turning back I've been set free

Chorus 1

Christ is enough for me
Christ is enough for me
Everything I need is in You
Everything I need

Verse 2

Christ my all in all the joy of my salvation
And this hope will never fail
Heaven is our home
Through every storm my soul will sing
Jesus is here to God be the glory

Misc 1

(Bridge)
I have decided to follow Jesus
No turning back no turning back

Misc 2

(Bridge)
The cross before me the world behind me
No turning back no turning back",B,"","",,,,,,,,,,,,
12623840,Nothing But The Blood (Plainfield),21332,"Atonement, Blood, Cleansing, Forgiveness, Hope, Jesus, Power, Redemption, Righteousness, Sacrifice, Salvation, Sin, Wholeness","","July 26, 2026",Type: Hymn,Default Arrangement,,240,"","C, G","Verse 1

What can wash away my sin
Nothing but the blood of Jesus
What can make me whole again
Nothing but the blood of Jesus

Chorus 1

O precious is the flow
That makes me white as snow
No other fount I know
Nothing but the blood of Jesus

Verse 2

For my pardon this I see
Nothing but the blood of Jesus
For my cleansing this my plea
Nothing but the blood of Jesus

Verse 3

Nothing can for sin atone
Nothing but the blood of Jesus
Naught of good that I have done
Nothing but the blood of Jesus

Verse 4

This is all my hope and peace
Nothing but the blood of Jesus
This is all my righteousness
Nothing but the blood of Jesus",C,"","",Fast Version,,0,"","C, E","
INTRO
|| { [C]/ / / / } | { [C]/ / / / } | { [C]/ / / / } | [G]/ / [C]/ / || Vamp

VERSE 1
[C]What can wash away my sin?
Nothing but the blood of [G]Je [C] sus;
[C]What can make me whole again?
Nothing but the blood of [G]Je[C]sus.

CHORUS

[C]Oh! precious is the flow
[G]That makes me white as snow;
[C]No other fount I know,
[C]Nothing but the blood of [G]Je[C]sus.

INTERLUDE
| {[C]}/ / / / | / / / / |

VERSE 2
For my pardon, this I see,
Nothing but the blood of Jesus;
For my cleansing this my plea,
Nothing but the blood of Jesus.

VERSE 3
Nothing can for sin atone,
Nothing but the blood of Jesus;
Naught of good that I have done,
Nothing but the blood of Jesus.

VERSE 4
This is all my hope and peace,
Nothing but the blood of Jesus;
This is all my righteousness,
Nothing but the blood of Jesus.
",C,"","",,,,,,
12692058,Oh How I Need You (Find You),6369101,Searching,"","June 07, 2020","",Default Arrangement,,240,"","A: Original Key, Bb, D: Acc Guitar Capo 6 (A) (as in video), F, G: Capo 2 (A)","Verse 1

Lord I find You in the seeking
Lord I find You in the doubt
And to know You is to love You
And to know so little else

Chorus 1

(Oh how I) I need You
Oh how I need You
Oh how I need You
Oh how I need You

Verse 2

Lord I find You in the morning
Lord I seek You ev'ry day
Let my life be for Your glory
Woven in Your threads of grace

Misc 1

(Interlude)
Oh oh oh oh

Misc 2

(Bridge)
Light glorious light I will go where You shine
Break the dawn crack the skies
Make the way bright before me
In Your light I will find
All I need all I need is You (yeah) (oh)",A,"","",,,,,,,,,,,,
12692137,Brokenness Aside,5881109,"brokenness aside, Grace, Sustainer","","March 30, 2025","",Default Arrangement,,240,"","C, E","Verse 1

Will Your grace run out if I let You down
'Cause all I know is how to run

Chorus 1

('Cause) I am a sinner
If it's not one thing it's another
Caught up in words tangled in lies (oh yeah)
But You are a Savior
And You take brokenness aside
And make it beautiful beautiful (oh yeah)

Verse 2

Will You call me child when I tell You lies
'Cause all I know is how to cry

Misc 1

(Bridge)
You make it beautiful You make it beautiful
You make it beautiful You make it beautiful

Misc 2

(Ending)
Oh You make it beautiful beautiful
Oh Lord You make it beautiful beautiful",C,"","",,,,,,,,,,,,
12699297,Doxology (Amen),7059306,"","","June 25, 2017","",Default Arrangement,,180,"","Bb: Original Key, G: Default Key","Verse 1

Praise God from whom all blessings flow
Praise Him all creatures here below
Praise Him above you heav'nly host
Praise Father Son and Holy Ghost

Chorus 1

Amen Amen Amen
God we praise You
God we praise You

Verse 2

Praise God for all that He has done
Praise Him for He has overcome
The grave is beaten love has won
Praise God our Savior Christ the Son

Misc 1

(Interlude)
Oh we're singing

Misc 2

(Ending)
Amen amen amen
Amen Amen Amen
We praise You we praise You
(REPEAT)",Bb,"","",,,,,,,,,,,,
12777477,My Jesus I Love Thee,27817,", Adoration, Assurance, Cross, Devotion, Heaven, Love for God, Redeemer, Repentance, Testimony","","October 30, 2022","Type: Chorus, Hymn",Default Arrangement,,240,"","E, F#","Verse 1

My Jesus I love Thee I know Thou art mine
For Thee all the follies of sin I resign
My gracious Redeemer my Savior art Thou
If ever I loved Thee my Jesus 'tis now

Verse 2

I love Thee because Thou hast first loved me
And purchased my pardon on Calvary's tree
I love Thee for wearing the thorns on Thy brow
If ever I loved Thee my Jesus 'tis now

Verse 3

I'll love Thee in life I will love Thee in death
And praise Thee as long as Thou lendest me breath
And say when the death dew lies cold on my brow
If ever I loved Thee my Jesus 'tis now

Verse 4

In mansions of glory and endless delight
I'll ever adore Thee in heaven so bright
I'll sing with the glittering crown on my brow
If ever I loved Thee my Jesus 'tis now",F#,"","",,,,,,,,,,,,
12811256,Holy Holy Holy,3501780,"Praise, Singing, Trinity, Worship","","April 17, 2022","",Default Arrangement,,240,"","A, B, C, D","Verse 1

Holy holy holy
Lord God Almighty
Early in the morning
Our song shall rise to Thee
Holy holy holy
Merciful and mighty
God in three persons
Blessed Trinity

Verse 2

Holy holy holy
Lord God Almighty
All Thy works shall
Praise Thy name
In earth and sky and sea
Holy holy holy
Merciful and mighty
God in three persons
Blessed Trinity

Misc 1

(Ending)
Holy we cry holy (4X)",B,"","",,,,,,,,,,,,
13187253,Love Came Down,5148938,", Hope, Love, Worship","","April 28, 2024","",Bethel Music,130,303,"","A, B","",,"","",Default Arrangement,,240,"","B, C, D, G","Verse 1

If my heart is overwhelmed
And I cannot hear Your voice
I'll hold on to what is true though I cannot see
If the storms of life they come
And the road ahead gets steep
I will lift these hands in faith I will believe

Misc 1

(Pre-Chorus)
I'll remind myself of all that You've done
And the life I have because of Your Son

Chorus 1

Love came down and rescued me
Love came down and set me free
And I am Yours I am forever Yours
Mountain high or valley low
I sing out remind my soul
That I am Yours I am forever Yours

Verse 2

When my heart is filled with hope
And ev'ry promise comes my way
When I feel Your hands of grace rest upon me
Staying desp'rate for You God
Staying humbled at Your feet
I will lift these hands and praise I will believe

Misc 2

(Bridge)
'Cause I am Yours and I am Yours
For all my days Jesus I am Yours
And I am Yours and I am Yours
For all my days Jesus I am Yours

Misc 3

(Ending)
(Oh) I am Yours I am Yours
All my days Jesus I am Yours
(REPEAT)",C,Speed: Slow,"",,,,,,
13287163,Your Grace Is Enough,4477026,", Adoration, Christmas, Faithfulness, Giving, God's Attributes, Grace, holy is the lord, Justice, rock of ages, Vine","","August 16, 2020",Type: Chorus,Default Arrangement,120,240,"","Ab, D, E, G","Verse 1

Great is Your faithfulness O God
You wrestle with the sinner's restless heart
You lead us by still waters into mercy
And nothing can keep us apart

Misc 1

(Pre-Chorus)
(So) remember Your people
Remember Your children
Remember Your promise O God

Chorus 1

Your grace is enough
Your grace is enough
Your grace is enough for me

Verse 2

Great is Your love and justice God of Jacob
You use the weak to lead the strong
You lead us in the song of Your salvation
And all Your people sing along

Chorus 2

Yeah Your grace is enough
Heaven reaches out to us
Your grace is enough for me
God I sing Your grace is enough
I'm covered in Your love
Your grace is enough for me for me",Ab,"","",,,,,,,,,,,,
13287178,Jesus Messiah,5183443,", Christmas, Communion, Cross, Easter, forgive me, in christ alone, Jesus, Messiah, Refreshing, Sacrifice, Service","","March 01, 2026",Type: Chorus,Default Arrangement,,240,"","D, G","Verse 1

He became sin who knew no sin
That we might become His righteousness
He humbled Himself and carried the cross
Love so amazing love so amazing

Chorus 1

Jesus Messiah Name above all names
Blessed Redeemer Emmanuel
The Rescue for sinners
The Ransom from heaven
Jesus Messiah Lord of all

Verse 2

His body the bread His blood the wine
Broken and poured out all for love
The whole earth trembled and the veil was torn
Love so amazing love so amazing

Misc 1

(Bridge)
All our hope is in You
All our hope is in You
All the glory to You God
The Light of the world

Misc 2

(Ending)
Jesus Messiah
Lord of all
The Lord of all
The Lord of all",B,"","",,,,,,,,,,,,
13287219,Our God,5677416,", beatitudes, Courage, Declaration, Easter, Faith, Family, God, God Incarnate, Greatness, greatness of God, here for you, Holy Spirit, how he loves, Justice, Miracles, new song we sing, Only God, our","","April 14, 2024",Type: Chorus,Default Arrangement,105,270,"",D,"Verse 1

Water You turned into wine
Opened the eyes of the blind
There's no one like You
None like You

Verse 2

Into the darkness You shine
Out of the ashes we rise
There's no one like You
None like You

Chorus 1

Our God is greater
Our God is stronger
God You are higher than any other
Our God is healer
Awesome in power our God our God

Misc 1

(Bridge)
And if our God is for us
Then who could ever stop us
And if our God is with us
Then what could stand against
And if our God is for us
Then who could ever stop us
And if our God is with us
Then what could stand against
(Then) what could stand against",B,"","",,,,,,,,,,,,
13287878,Broken Vessels (Amazing Grace),7019974,Grace,"","February 08, 2026","",Default Arrangement,,300,"","C, G","Verse 1

All these pieces
Broken and scattered
In mercy gathered
Mended and whole
Empty handed
But not forsaken
I've been set free
I've been set free

Misc 1

(Pre-Chorus)
Amazing grace
How sweet the sound
That saved a wretch like me
Oh I once was lost
But now I am found
Was blind but now I see

Chorus 1

Oh I can see You now
Oh I can see the love in Your eyes
Laying Yourself down
Raising up the broken to life

Verse 2

You take our failure
You take our weakness
You set Your treasure
In jars of clay
So take this heart Lord
I'll be Your vessel
The world to see Your life in me",G,"","",Hillsong Worship,70.5,593,"","E, F, G","Verse 1

All these pieces
Broken and scattered
In mercy gathered
Mended and whole
Empty handed
But not forsaken
I've been set free
I've been set free

Misc 1

(Pre-Chorus)
Amazing grace
How sweet the sound
That saved a wretch like me
Oh I once was lost
But now I am found
Was blind but now I see

Chorus 1

Oh I can see You now
Oh I can see the love in Your eyes
Laying Yourself down
Raising up the broken to life

Verse 2

You take our failure
You take our weakness
You set Your treasure
In jars of clay
So take this heart Lord
I'll be Your vessel
The world to see Your life in me",G,"","",,,,,,
13314486,Sweetly Broken,4514635,", Cross, Crucifixion, God's Attributes, Gospel, Love, Savior","","March 26, 2023","",Default Arrangement,,240,"","B, Bb, E, G","Verse 1

To the cross I look
And to the cross I cling
Of its suffering I do drink
Of its work I do sing
On it my Savior
Both bruised and crushed
Showed that God is love
And God is just

Chorus 1

(And) At the cross You beckon me
(You) draw me gently to my knees
And I am lost for words
So lost in love
I'm sweetly broken
Wholly surrendered

Verse 2

What a priceless gift
Undeserved life
Have I been given
Through Christ crucified
You called me out of death
You called me into life
And I was under Your wrath
Now through the cross
I'm reconciled

Misc 1

(Bridge)
In awe of the cross I must confess
How wondrous Your redeeming love
And how great is Your faithfulness",B,"","",,,,,,,,,,,,
13516921,At The Cross (Love Ran Red),7017786,"","","April 02, 2017","",Default Arrangement,,360,"","Bb, C, G","Verse 1

There's a place
Where mercy reigns and never dies
There's a place
Where streams of grace flow deep and wide
Where all the love I've ever found
Comes like a flood comes flowing down

Chorus 1

At the cross at the cross
I surrender my life
I'm in awe of You I'm in awe of You
Where Your love ran red and my sin washed white
I owe all to You I owe all to You

Misc 1

(Interlude)
Jesus

Verse 2

There's a place
Where sin and shame are powerless
Where my heart
Has peace with God and forgiveness
Where all the love I've ever found
Comes like a flood comes flowing down

Misc 2

(Bridge)
Here my hope is found
Here on holy ground
Here I bow down here I bow down
Here arms open wide
Here You saved my life
Here I bow down here I bow (down)

Misc 3

(Ending)
Jesus",G,"","",,,,,,,,,,,,
13624380,Behold The Lamb,5003372,", Blood, Cleansing, Communion, Sacrifice","",,"",Default Arrangement,,240,"",C,"Verse 1

Behold the Lamb who bears our sins away
Slain for us and we remember
The promise made that all who come in faith
Find forgiveness at the cross
So we share in this Bread of Life
And we drink of His sacrifice
As a sign of our bonds of peace
Around the table of the King

Verse 2

The body of our Saviour Jesus Christ
Torn for you eat and remember
The wounds that heal the death that brings us life
Paid the price to make us one
So we share in this Bread of Life
And we drink of His sacrifice
As a sign of our bonds of love
Around the table of the King

Verse 3

The blood that cleanses every stain of sin
Shed for you drink and remember
He drained death's cup that all may enter in
To receive the life of God
So we share in this Bread of Life
And we drink of His sacrifice
As a sign of our bonds of grace
Around the table of the King

Verse 4

And so with thankfulness and faith we rise
To respond and to remember
Our call to follow in the steps of Christ
As His body here on earth
As we share in His suffering
We proclaim Christ will come again
And we'll join in the feast of heaven
Around the table of the King",C,"","",,,,,,,,,,,,
13641680,Draw Near,6140595,Intimacy,"","May 28, 2017","",Default Arrangement,,240,"",Ab,"Verse 1

Draw near to Me
For I have drawn near to you
Pull on the strings of My heart
For I long to respond to you

Chorus 1

(And) All My love is for you
And all My love is yours
(REPEAT)

Misc 1

(Bridge)
I have made a place for you here
So come on come on
All things are possible here
So come on come on (come on)
(REPEAT)",Ab,"","",,,,,,,,,,,,
13833211,See His Love,4612018,", Cross, God's Attributes, Love, Mercy, mighty to save, see his love, such beauty","","May 04, 2025","",Default Arrangement,,253,"","Am, Bm, Em, F#m","Verse 1

See His love nailed to a cross
Perfect and blameless life given as sacrifice
See Him there all in the name of love
Broken yet glorious all for the sake of us

Chorus 1

This is Jesus in His glory
King of heaven dying for me
It is finished He has done it
Death is beaten heaven beckons me

Verse 2

Greater love no one could ever show
Mercy so undeserved freedom I should not know
All my sin all of my hidden shame
Died with Him on the cross eternity won for us

Misc 1

(Bridge)
Such love such love
Such love is this for me",F#m,"","",,,,,,,,,,,,
13875788,Everyday,2798154,", Celebration, Commitment, glory to the king, Light, Love, Surrender, Worship","","October 18, 2020","",Default Arrangement,,240,"","A, B, D","Verse 1

What to say Lord
It's You who gave me life
And I can't explain
Just how much You mean to me
Now that You have saved me Lord
I give all that I am to You
That everyday I can
Be a light that shines Your name

Verse 2

Everyday Lord
I'll learn to stand upon Your Word
And I pray that I
I may come to know You more
That You would guide me
In every single step I take
That everyday I can be Your
Light unto the world

Chorus 1

Everyday it's You I'll live for
Everyday I'll follow after You
Everyday I'll walk with You (my Lord)

Misc 1

(Bridge)
It's You I live for everyday
It's You I live for everyday
It's You I live for everyday

Misc 2

(Ending)
It's You I live for everyday",B,"","",,,,,,,,,,,,
13994612,Holy Spirit,6087919,"Holy Spirit, Presence","","June 21, 2026",Type: Chorus,Default Arrangement,,270,"","A, Bb, C, D, E, G","Intro
D5 Gmaj7 D5 Gmaj7


Verse 1
D5                                               Gmaj7
  There's nothing worth more that will ever come close
                                       D5
No thing can compare You're our living hope
             Gmaj7
Your Presence


Verse 2
D5                                           Gmaj7
   I've tasted and seen of the sweetest of loves
                                                D5
Where my heart becomes free and my shame is un-done
                Gmaj7
In Your Presence Lord


Chorus 1
D
Holy Spirit You are welcome here
      Gmaj7                        Em7
Come flood this place and fill the atmosphere
     D
Your glory God is what our hearts long for
      Gmaj9            Em7
To be overcome by Your Presence Lord
D             Gmaj7      Em7
       Your Presence     Lord


Bridge 1
D5
Let us become more aware of Your Presence
Let us experience the glory of Your goodness


Bridge 2
Gmaj7         D/F#     Em7              D/F#
   Let us be-come more aware of Your Presence
Gmaj7        D/F#         Em7           D/F#
   Let us ex-perience the glory of Your goodness
                                        D/F#   Gmaj7 (To Chorus)
",D,Speed: Slow,Style: Contemporary,,,,,,,,,,,,
13999383,Not Today,7084128,"Confidence, Declaration","","October 22, 2017","",Default Arrangement,,210,"","A, G","Verse 1

Trouble won't throw me won't break me
Won't scare me no more
Fear must have thought I was faithless
When it came for my heart

Misc 1

(Pre-Chorus)
'Cause I got a song that will never die
I know Your love is the reason why

Chorus 1

I'll sing the night into the morning
I'll sing the fear into Your praise
I'll sing my soul into Your presence
Whenever I say Your Name (Jesus)
Let the devil know not today

Verse 2

Tell me did the enemy panic
As You took up that cross
Tell me did the darkness cry mercy
As You rolled back that rock

Misc 2

(Pre-Chorus)
'Cause I know Your life is the life in mine
I know Your love is the reason why

Misc 3

(Interlude)
Whenever I say Your Name Jesus
Let the devil know not today
Not now not ever again

Misc 4

(Bridge)
Your love stood down death
Crushed the devil's head
Fear is just a liar
Running out of breath
The fight beneath Your feet
I'm standing on Jesus' Name
So let the devil know not today

Misc 5

(Interlude)
Let the devil know not today
No no not now not ever again
Jesus let the devil know not today
Not today not today

Misc 6

(Interlude)
Let the devil know not today
No no not now not ever again
Let the devil know not today
Let the devil know not today
Let the devil know not today",A,"","",,,,,,,,,,,,
14243941,Made New,7026321,"","","August 07, 2022","",Default Arrangement,,240,"","A, C, D, G","Verse 1

You're calling me over
You're pulling me close
With love You surround me
You give me hope

Misc 1

(Interlude)
Yeah yeah yeah

Verse 2

You're taking me deeper
You're making me whole
With grace You redeem me yeah
You restore my soul

Misc 2

(Pre-Chorus)
Now I'm made new because of You yeah

Chorus 1

You hold my head up
You remind me who I am
You hold my head up
I'm alive in You again
I'm made new I'm made new

Verse 3

You're making me stronger
You're healing my heart
With Your hands You hold me in
You set me apart

Misc 3

(Bridge)
You are my salvation I will not fear no
You're the strength of my life
I won't fear whoa (no)

Misc 4

(Ending)
You hold my head up (2X)",G,"","",,,,,,,,,,,,
14427239,Come Thou Fount,108389,"Aspiration, Blessing","","April 23, 2023","",Default Arrangement,,240,"","C, D","Verse 1

Come Thou fount of ev'ry blessing
Tune my heart to sing Thy grace
Streams of mercy never ceasing
Call for songs of loudest praise
Teach me some melodious sonnet
Sung by flaming tongues above
Praise the mount I'm fixed upon it
Mount of Thy redeeming love

Verse 2

Here I raise mine Ebenezer
Hither by Thy help I'm come
And I hope by Thy good pleasure
Safely to arrive at home
Jesus sought me when a stranger
Wand'ring from the fold of God
He to rescue me from danger
Interposed His precious blood

Verse 3

O to grace how great a debtor
Daily I'm constrained to be
Let Thy grace Lord like a fetter
Bind my wand'ring heart to Thee
Prone to wander Lord I feel it
Prone to leave the God I love
Here's my heart Lord take and seal it
Seal it for Thy courts above",D,"","",,,,,,,,,,,,
14471658,Again I Say Rejoice,4302823,", God's Attributes, His Name, Rejoice","","December 10, 2017","",Default Arrangement,,300,Use the ODT instead of PDF.,E,"Chorus 1

Rejoice in the Lord always
And again I say and again I say
Rejoice in the Lord always
And again I say and again I say rejoice

Verse 1

Come bless the Lord come bless the Lord
Draw near to worship Christ the Lord
And bless His name His holy name
Declaring He is good

Misc 1

(Pre-Chorus)
O that men would praise Him
O that men would praise Him

Misc 2

(Bridge)
O that men would praise His name
Praise His name to the ends of the earth
O that men would praise His name
Praise His name to the ends of the earth
O that men would praise His name
Praise His name to the ends of the uh earth
O that men would praise His name
Again I say again I say
Again I say again I say
Again I say again I say

Chorus 2

Rejoice in the Lord always
And again I say and again I say
Rejoice in the Lord always
And again I say again I say rejoice

Misc 3

(Ending)
Rejoice rejoice
Rejoice
Rejoice rejoice",E,"","",,,,,,,,,,,,
14475932,Praise You In This Storm,4543620,"Adoration, Praise","","May 03, 2020","",Default Arrangement,82,295,"","B, C","Verse 1

I was sure by now
God You would have reached down
And wiped our tears away
Stepped in and saved the day
But once again I'll say amen
And it's still rainin'

Misc 1

(Pre-Chorus)
As the thunder rolls
I barely hear You whisper
Through the rain
I'm with You
And as Your mercy falls
I'll raise my hands
And praise the God who gives
And takes away

Chorus 1

And I'll praise You in this storm
And I will lift my hands
For You are who You are
No matter where I am
And ev'ry tear I've cried
You hold in Your hand
You never left my side
And though my heart is torn
I will praise You in this storm

Verse 2

I remember when
I stumbled in the wind
You heard my cry to You
And raised me up again
But my strength is almost gone
How can I carry on
If I can't find You

Misc 2

(Bridge)
I lift my eyes unto the hills
Where does my help come from
My help comes from the Lord
The Maker of heaven and earth",F#,"","",,,,,,,,,,,,
14495940,What A Beautiful Name,7068424,"","","April 12, 2026","",Default Arrangement,136,240,"","C, D, G","Verse 1

You were the Word at the beginning
One with God the Lord Most High
Your hidden glory in creation
Now revealed in You our Christ

Chorus 1

What a beautiful Name it is
What a beautiful Name it is
The Name of Jesus Christ my King
What a beautiful Name it is
Nothing compares to this
What a beautiful Name it is
The Name of Jesus

Verse 2

You didn't want heaven without us
So Jesus You brought heaven down
My sin was great Your love was greater
What could separate us now

Chorus 2

What a wonderful Name it is
What a wonderful Name it is
The Name of Jesus Christ my King
What a wonderful Name it is
Nothing compares to this
What a wonderful Name it is
The Name of Jesus
What a wonderful Name it is
The Name of Jesus

Misc 1

(Bridge)
Death could not hold You
The veil tore before You
You silence the boast of sin and grave
The heavens are roaring
The praise of Your glory
For You are raised to life again

Misc 2

(Bridge)
You have no rival
You have no equal
Now and forever God You reign
Yours is the kingdom
Yours is the glory
Yours is the Name above all names

Chorus 3

What a powerful Name it is
What a powerful Name it is
The Name of Jesus Christ my King
What a powerful Name it is
Nothing can stand against
What a powerful Name it is
The Name of Jesus

Misc 3

(Ending)
What a powerful Name it is
The Name of Jesus
What a powerful Name it is
The Name of Jesus",D,"","",Hillsong Worship,68,337,"","C, G","",C,"","",,,,,,
14533993,Take My Life,4162843,", Dedication, Surrender","","April 02, 2026","",Default Arrangement,,240,"","Bb, D","",D,"","",,,,,,,,,,,,
14705405,What A Glorious Night,7002651,"","","December 06, 2020",Type: Special,Default Arrangement,104,236,"","C, G","Misc 1

(Interlude)
Ooo ooo ooo ooo ooo ooo
(REPEAT 4X)

Verse 1

The shepherds came to see the baby
Stood by His mother's side
Here laid the Savior inside a manger
Oh what a glorious night
Oh what a glorious night

Chorus 1

I hear the angels singin' hallelujah
Let the earth receive her King
I know that love has come sing it out
Jesus Christ is born
(I heard that) Jesus Christ is born
(Yeah yeah)

Verse 2

The shepherds wondered they couldn't hide it
They told ev'ryone in sight
All were amazed when they heard how God came
Down on the glorious night
God came down on this glorious night

Misc 2

(Bridge)
Glorious glorious what a glorious night
Glorious glorious what a glorious night

Verse 3

All is calm now all is quiet
A star shining in the sky
Below in Bethlehem the King is sleeping
Oh what a glorious night
Oh what a glorious night",C,Speed: Fast,Style: Contemporary,,,,,,,,,,,,
14744723,How Many Kings,5351880,"Birth, Christmas, Epiphany, Jesus, Kingship","","December 07, 2025",Type: Special,Default Arrangement,,263,"","B, C, E, G","Verse 1

Follow the star to a place unexpected
Would you believe after all we've projected
A child in a manger
Lowly and small the weakest of all
Unlikeliest hero wrapped in His mother's shawl
Just a child
Is this who we've waited for 'cause

Chorus 1

How many kings stepped down from their thrones
How many lords have abandoned their homes
How many greats have become the least for me
And how many gods have poured out their hearts
To romance a world that is torn all apart
How many fathers gave up their sons for me

Verse 2

Bringing out gifts for the newborn Savior
All that we have whether costly or meek
Because we believe
Gold for His honor and frankincense for His pleasure
And myrrh for the cross He'll suffer
Do you believe
Is this who we've waited for

Misc 1

(Bridge)
Only one did that for me ooh
All for me ah ah ah
All for me all for you (4X)

Chorus 2

How many kings stepped down from their thrones
How many lords have abandoned their homes
How many greats have become the least
How many gods have poured out their hearts
To romance a world that is torn all apart
How many fathers gave up their sons for me


Misc 2

(Ending)
Only one did that for me oh
All for me all for you",B,Speed: Medium,Style: Contemporary,,,,,,,,,,,,
14758167,In Christ Alone,3350395,"Easter, Faith, Foundation, Good Friday, Growth, Holy Week, Holy, Holy, Holy, Hope, Jesus, maundy thursday, presense, Security, Testimony, what a friend we have, Word","","May 03, 2026","",Default Arrangement,122,323,"","B, C, D, E, G","Verse 1

In Christ alone my hope is found
He is my light my strength my song
This Cornerstone this solid Ground
Firm through the fiercest drought and storm
What heights of love what depths of peace
When fears are stilled when strivings cease
My Comforter my All in All
Here in the love of Christ I stand

Verse 2

In Christ alone who took on flesh
Fullness of God in helpless babe
This gift of love and righteousness
Scorned by the ones He came to save
Till on that cross as Jesus died
The wrath of God was satisfied
For every sin on Him was laid
Here in the death of Christ I live

Verse 3

There in the ground His body lay
Light of the world by darkness slain
Then bursting forth in glorious Day
Up from the grave He rose again
And as He stands in victory
Sin's curse has lost its grip on me
For I am His and He is mine
Bought with the precious blood of Christ

Verse 4

No guilt in life no fear in death
This is the power of Christ in me
From life's first cry to final breath
Jesus commands my destiny
No power of hell no scheme of man
Can ever pluck me from His hand
Till He returns or calls me home
Here in the power of Christ I'll stand",G,"","",,,,,,,,,,,,
14809255,Joy To The World (Unspeakable Joy),5607039,", Adoration, Birth, Christmas, God's Love, God's Sovereignty, Joy, Proclamation","","December 14, 2025",Type: Special,Chris Tomlin,128,232,"","A, B, C, D, F","Verse 1

Joy to the world the Lord is come
Let earth receive her King
Let ev'ry heart prepare Him room
And heaven and nature sing
And heaven and nature sing
And heaven and heaven and nature sing

Verse 2

Joy to the world the Savior reigns
Let all their songs employ
While fields and floods rocks hills and plains
Repeat the sounding joy
Repeat the sounding joy
Repeat repeat the sounding joy

Chorus 1

Joy unspeakable joy
An overflowing well
No tongue can tell
Joy unspeakable joy
It rises in my soul
Never lets me go

Verse 3

He rules the world with truth and grace
And makes the nations prove
The glories of His righteousness
And wonders of His love
And wonders of His love
And wonders wonders of His love",A,Speed: Fast,Style: Contemporary,,,,,,,,,,,,
14860622,O Little Town Of Bethlehem,1741697,"Christmas, Seasonal","","December 24, 2025","",Default Arrangement,,210,"","D, F","O Little Town Of Bethlehem}
{key: D}
{tempo: 90}
{time: 4/4}

Verse 1
O [D]little town of [Em/G]Bethlehem how [D/A]still we [A7]see thee [D]lie
A - [D]bove thy [B7]deep and [Em]dreamless sleep the [D/A]silent  [A7]stars go [D]by
Yet [D]in thy [Em]dark streets [F#]shineth the [Bm]everlast - [G]ing    [F#]Light
[D]The hopes and fears of [Em/G]all the years
[Em]Are    [D/A]met  in    [A7]thee to - [D]night

Verse 2
For [D]Christ is born of [Em/G]Mary and [D/A]gathered [A7]all a - [D]bove
While [D]mortals [B7]sleep, the [Em]angels keep their [D/A]watch of [A7]wond'ring [D]love
O [D]morning [Em]stars to -  [F#]gether pro - [Bm]claim the ho - [G]ly     [F#]birth
[D]And praises sing to [Em/G]God the King
[Em]And    [D/A]peace  to     [A7]men on [D]earth

Verse 3
How [D]silently, how [Em/G]silently the [D/A]wondrous [A7]gift is [D]giv'n
So [D]God im - [B7]parts to [Em]human hearts the [D/A]blessings [A7]of His [D]heav'n
No [D]ear may [Em]hear His    [F#]coming but [Bm]in this world [G]of     [F#]sin
[D]Where meek souls will re - [Em/G]ceive Him still
[Em]The    [D/A]dear Christ  [A7] en - ters [D]in

CCLI Song # 27879
© Words: Public Domain | Music: Public Domain
For use solely with the SongSelect® Terms of Use. All rights reserved. www.ccli.com
CCLI License # 1600764
",D,"","",,,,,,,,,,,,
14878415,Go Tell It On The Mountain,29080,"Christmas, Evangelism, Jesus, Mission, Proclamation, Seasonal","","December 19, 2021","",Default Arrangement,,180,"",F,"Chorus
E 				B              E
Go tell it on the mountain, over the hills and everywhere;
E 				  B7     B7      E 
Go tell it on the mountain that Jesus Christ is born.

Verse 1
     E    			          B  		   E 
While shepherds kept their watching o'er silent flocks by night,
  E 			             F#		  B7 
Behold throughout the heavens there shone a Holy Light.

Verse 2
     E    				B 	      E 
The shepherds feared and trembled when lo! Above the earth,
  E 			        F#		     B7 
Rang out the angel chorus that hailed our Savior's birth.

Verse 3
     E    			B 	       E 
Down in a lowly manger the humble Christ was born
  E 			               F#              B7 
And brought us God's salvation that blessed Christmas morn!

 ",A,"","",,,,,,,,,,,,
14923367,Awesome God,41099,"Assurance, Faith, God's Attributes, Greatness, Love, Majesty","","January 07, 2018",Type: Chorus,Default Arrangement,,150,"","Cm, Em","Chorus 1

Our God is an awesome God
He reigns from heaven above
With wisdom pow'r and love
Our God is an awesome God

Verse 1

When He rolls up His sleeves
He ain't just puttin' on the ritz
Our God is an awesome God
There is thunder in His footsteps
And lightning in His fists
Our God is an awesome God
And the Lord wasn't joking
When He kicked 'em out of Eden
It wasn't for no reason
That He shed His blood
His return is very close
And so you'd better be believin'
That our God is an awesome God

Verse 2

When the sky was starless
In the void of the night
Our God is an awesome God
He spoke into the darkness
And created the light
Our God is an awesome God
Judgment and wrath
He poured out on Sodom
Mercy and grace
He gave us at the cross
I hope that we have not
Too quickly forgotten
That our God is an awesome God",C,Speed: Fast,Style: Rock,,,,,,,,,,,,
14996070,God Of Justice,4447128,", Commission, Giving, Healing, Missions, Surrender","","October 11, 2020","",Default Arrangement,,240,"","C, F","Verse 1

God of Justice Saviour to all
Came to rescue the weak and the poor
Chose to serve and not be served

Misc 1

(Pre-Chorus)
Jesus You have called us
Freely we've received
Now freely we will give

Chorus 1

We must go
Live to feed the hungry
Stand beside the broken
We must go
Stepping forward
Keep us from just singing
Move us into action
We must go

Verse 2

To act justly every day
Loving mercy in every way
Walking humbly before You God

Misc 2

(Pre-Chorus)
You have shown us what You require
Freely we've received
Now freely we will give

Misc 3

(Bridge)
Fill us up and send us out
Fill us up and send us out
Fill us up and send us out Lord
(REPEAT)",F,"","",,,,,,,,,,,,
15066722,Come Lord Jesus (Even So Come),7036288,"","","November 08, 2020",Type: Chorus,Default Arrangement,162,262,"","Bb, C, D, E, G","Verse 1

All of creation all of the earth
Make straight a highway a path for the Lord
Jesus is coming soon

Verse 2

Call back the sinner wake up the saint
Let ev'ry nation shout of Your fame
Jesus is coming soon

Chorus 1

Like a bride waiting for her groom
We'll be a Church ready for You
Ev'ry heart longing for our King we sing
Even so come Lord Jesus come
Even so come Lord Jesus come

Verse 3

There will be justice all will be new
Your name forever faithful and true
Jesus is coming soon

Misc 1

(Bridge)
So we wait we wait for You
God we wait You're coming soon
So we wait we wait for You
God we wait You're coming soon

Chorus 2

Like a bride waiting for her groom
We'll be a Church ready for You
Ev'ry heart longing for our King we sing
Like a bride waiting for her groom
We'll be a Church ready for You
Ev'ry heart longing for our King we sing
Even so come Lord Jesus come
Even so come Lord Jesus come
(Even so come Lord Jesus come)

Misc 2

(Bridge)
God we wait we wait for You
God we wait You're coming soon
God we wait we wait for You
Yes we wait You're coming soon
God we wait You're coming soon oh",E,Speed: Fast,Style: Contemporary,,,,,,,,,,,,
15066730,O Come To The Altar,7051511,"","","August 17, 2025",Type: Chorus,Default Arrangement,140,349,"","A, B, Bb, C: Female key/lead, D, E, G","Intro
\ E    \ A    \ E    \ A    \

Verse 1
E           A                      E
   Are you hurting and broken with-in
      A                            C#m             A
Over-whelmed by the weight of your sin, Jesus is calling
E            A                     E
  Have you come to the end of yourself
      A                            C#m             A
Do you thirst for a drink from the well, Jesus is calling

Chorus 1
E          F#m          C#m                        A
  O come to   the altar,    the Father's arms are open wide
E             F#m                 C#m                        A
  Forgiveness     was bought with,   the precious blood of Jesus Christ

Instrumental 1
\ E    \ A    \ E    \ A    \

Verse 2
E           A                      E
   Leave behind your regrets and mistakes
       A                          C#m             A
Come today there's no reason to wait, Jesus is calling
E              A                         E
  Bring your sorrows and trade them for joy
          A                   C#m            A
From the ashes a new life is born, Jesus is calling

Instrumental 2
\ E    \      \ C#m    \     \  A     \    \  E    \

Bridge
           E               C#m
Oh what a Savior, isn't he wonderful
           A                   E
Sing alle-luia Christ is risen
             E                  C#m
Bow down be-fore him, for he is Lord of all
           A                  E
Sing alle-luia Christ is risen


Verse 3
E            A                         E
  Bear your cross as you wait for the crown
          D            A/C#            E
Tell the world of the treasure you've found",E,Speed: Medium,Style: Contemporary,,,,,,,,,,,,
15066748,I Will Follow,5806878,", 5806878, Calling, Discipleship, Faith, Obedience, Trust","","May 12, 2024",Type: Chorus,Default Arrangement,96,220,"","Bb, Bb, C: Female key/lead, E","Misc 1

(Intro)
Where You go I'll go
Where You stay I'll stay
When You move I'll move
I will follow

Oh oh oh

Verse 1

All Your ways are good
All Your ways are sure
I will trust in You alone
Higher than my sight
High above my life
I will trust in You alone

Chorus 1

Where You go I'll go
Where You stay I'll stay
When You move I'll move
I will follow You
Whom You love I'll love
How You serve I'll serve
If this life I lose
I will follow (You)

Misc 2

(Interlude)
Yeah I will follow You yeah

Verse 2

Light into the world
Light into my life
I will live for You alone
You're the One I seek
Knowing I will find
All I need in You alone
In You alone

Misc 3

(Bridge)
In You there's life everlasting
In You there's freedom for my soul
In You there's joy unending joy
And I will follow

Misc 4

(Ending)
Yeah I will follow You yeah
I will follow You yeah
I will follow You yeah",Bb,Speed: Medium,Style: Contemporary,,,,,,,,,,,,
15205237,All My Hope,7068805,"","","November 16, 2025","",Default Arrangement,,240,"","Ab, C, E, G, Gb","  INTRO

  VERSE 1

[C]  I've been held by the [F]Savior
[C]  I've felt fire from a[G]bove  [G7]
[C]  I've been down to the [F]river
I ain't the [C]same a [F/G]prodi[G]gal retu[C]rned [G]

  CHORUS

[C]All my hope is in [F]Jesus
Thank [C]God that [Am]yesterday's [G]gone  [G7]
[C]All my sins are [F]forgiven [D7/F#]
[C]I've been [F]washed [G]by the [C]blood [G]

  VERSE 2

[C]  I'm no stranger to (the) [F]prison
[C]  I've worn shackles and [G]chains [G7]
[C]  But I've been freed and [F]forgiven
And I'm not [C]going back I'll
[F/G]never [G]be the [C]same
[G]  (That's why I sing)

  CHORUS

COLUMN_BREAK  BRIDGE

[C]  There's a kind of thing that just
[F]breaks a man
[C]  Break him down to his [G]knees  [G7]
[C]  God I've been broken more than a
[F]time or two (Yes [D/F#]Lord), then he
[C]picked me up and [F]showed me
What it [C]means to be a man
[G]  (Come on and sing)

  CHORUS

  CHORUS",C,"","",,,,,,,,,,,,
15318601,O for a Thousand Tongues to Sing,1369,"Adoration, Assurance, Blood, Comfort, Declaration, Evangelism, Freedom, Glory, Grace, Heaven, Honor, Jesus, Kingship, Liberty, Life Of Jesus, Listen, Love, Peace, Power, Praise, Re","","October 18, 2020","",Oh for a Thousand Tongues to Sing by David Crowder,,180,"",G,"Verse 1

O for a thousand tongues to sing
My great Redeemer's praise
The glories of my God and King
The triumphs of His grace

Verse 2

My gracious Master and my God
Assist me to proclaim
To spread thru all the earth abroad
The honors of Thy name

Verse 3

Jesus the name that charms our fears
That bids our sorrows cease
'Tis music in the sinner's ears
'Tis life and health and peace

Verse 4

He breaks the pow'r of canceled sin
He sets the pris'ner free
His blood can make the foulest clean
His blood availed for me

Verse 5

Hear Him ye deaf His praise ye dumb
Your loosened tongues employ
Ye blind behold your Savior come
And leap ye lame for joy

Verse 6

Glory to God and praise and love
Be ever ever giv'n
By saints below and saints above
The Church in earth and heav'n",G,"","",,,,,,,,,,,,
15331836,Christ Is Risen,5242683,", awakening, be glorified, Christ, Easter, Freedom, God's Love, Proclamation, Renewal, Resurrection, Strength, the cross, Transformation, Unity, Victory, Vision","","May 09, 2021","",Default Arrangement,,240,"","C, D, F#, Gb","Verse 1

Let no one caught in sin remain
Inside the lie of inward shame
But fix our eyes upon the cross
And run to Him who showed great love
And bled for us
Freely You've bled for us

Chorus 1

Christ is risen from the dead
Trampling over death by death
Come awake come awake
Come and rise up from the grave
Christ is risen from the dead
We are one with Him again
Come awake come awake
Come and rise up from the grave

Verse 2

Beneath the weight of all our sin
You bowed to none but heaven's will
No scheme of hell no scoffer's crown
No burden great can hold You down
In strength You reign
Forever let Your church proclaim

Misc 1

(Bridge)
O death where is your sting
O hell where is your victory
O church come stand in the light
The glory of God has defeated the night
Singing O death where is your sting
O hell where is your victory
O church come stand in the light
Our God is not dead He's alive He's alive",Gb,"","",Matt Maher,82,295,"",F,"Verse 1

Let no one caught in sin remain
Inside the lie of inward shame
But fix our eyes upon the cross
And run to Him who showed great love
And bled for us
Freely You've bled for us

Chorus 1

Christ is risen from the dead
Trampling over death by death
Come awake come awake
Come and rise up from the grave
Christ is risen from the dead
We are one with Him again
Come awake come awake
Come and rise up from the grave

Verse 2

Beneath the weight of all our sin
You bowed to none but heaven's will
No scheme of hell no scoffer's crown
No burden great can hold You down
In strength You reign
Forever let Your church proclaim

Misc 1

(Bridge)
O death where is your sting
O hell where is your victory
O church come stand in the light
The glory of God has defeated the night
Singing O death where is your sting
O hell where is your victory
O church come stand in the light
Our God is not dead He's alive He's alive",F,"","",,,,,,
15377501,Man Of Sorrows,6476063,"Cross, Easter, Resurrection, Sacrifice","","April 26, 2026","",Default Arrangement,,240,"","A, D, E, G","Verse 1

Man of sorrows Lamb of God
By His own betrayed
The sin of man and wrath of God
Has been on Jesus laid

Verse 2

Silent as He stood accused
Beaten mocked and scorned
Bowing to the Father's will
He took a crown of thorns

Chorus 1

Oh that rugged cross my salvation
Where Your love poured out over me
Now my soul cries out hallelujah
Praise and honour unto Thee

Verse 3

Sent of heaven God's own Son
To purchase and redeem
And reconcile the very ones
Who nailed Him to that tree

Misc 1

(Bridge)
Now my debt is paid
It is paid in full
By the precious blood
That my Jesus spilled
Now the curse of sin
Has no hold on me
Whom the Son sets free
Oh is free indeed

Verse 4

See the stone is rolled away
Behold the empty tomb
Hallelujah God be praised
He's risen from the grave",F,"","",Worship Together,72,0,Isaiah 53,F: F,"Verse 1
[F]Man of sorrows, [Bb]Lamb of [F]God
[Bb]By His [F]own be[C]trayed
The [Dm]sin of man and [Bb]wrath of [Dm]God
Has [Bb]been on [C]Jesus [F]laid

Verse 2
[F]Silent as He [Bb]stood acc[F]used
[Bb]Beaten, [F]mocked, and [C]scorned
[Dm]Bowing to the [Bb]Father's [Dm]will
He [Bb]took a [C]crown of [F]thorns

Chorus
Oh that [Dm]rugged [Bb]cross my sal[F]va[C]tion
Where Your [Dm]love poured [Bb]out over [C]me
Now my [Bb]soul cries [F]out halle[C]lu[Dm]jah
Praise and [Bb]honor [C]unto [F]Thee

Verse 3
[F]Sent of heaven, [Bb]God's own [F]Son
To [Bb]purchase [F]and re[C]deem
And [Dm]reconcile the [Bb]very [Dm]ones
Who [Bb]nailed Him [C]to that [F]tree

REPEAT CHORUS

Bridge
Now my [Dm]debt is [Bb]paid
It is [F]paid in [C]full
By the [Dm]precious [Bb]blood
That my [F]Jesus [C]spilled
Now the [Dm]curse of [Bb]sin
Has no [F]hold on [C]me
Whom the [Dm]Son sets [Bb]free
Oh is [F]free in[C]deed

REPEAT CHORUS

Verse 4
[F]See the stone is [Bb]rolled [F]away
Be[Bb]hold the [F]empty [C]tomb
[Dm]Hallelujah, [Bb]God be [Dm]praised
He's [Bb]risen [C]from the [F]grave

REPEAT CHORUS",F,"","",,,,,,
15377513,Were You There,29516,"Ascension, Crucifixion, Jesus, Resurrection, Sacrifice","","October 04, 2020","",Default Arrangement,,240,"","D, Eb","Verse 1

Were you there when they crucified my Lord
Were you there when they crucified my Lord
O sometimes it causes me to tremble tremble tremble
Were you there when they crucified my Lord

Verse 2

Were you there when they nailed Him to the tree
Were you there when they nailed Him to the tree
O sometimes it causes me to tremble tremble tremble
Were you there when they nailed Him to the tree

Verse 3

Were you there when they laid Him in the tomb
Were you there when they laid Him in the tomb
O sometimes it causes me to tremble tremble tremble
Were you there when they laid Him in the tomb

Verse 4

Were you there when He rose up from the dead
Were you there when He rose up from the dead
O sometimes I feel like shouting glory glory glory
Were you there when He rose up from the dead",Eb,"","",,,,,,,,,,,,
15578760,Entera Consagracion,,"","","May 13, 2018","",Default Arrangement,,240,"","","VERSE 1
Que mi vida entera esté
consagrada a ti Señor
Que a mis manos pueda guiar
El impulso de tu amor

CHORUS
Lávame en tu sangre Salvador
limpiame de toda mi maldad
Traigo a ti mi vida, para ser Señor
Tuyo por la eternidad

VERSE 2
Toma oh Dios mi voluntad
y hazla tuya nada más
Toma sí mi corazón
Por tu trono lo tendrás",G,"","",,,,,,,,,,,,
15614557,What A Friend We Have In Jesus,27714,", Friendship, Jesus, Prayer","","June 09, 2024","",Default Arrangement,,210,"","A, C, D, E-F, F","  INTRO
 <s>ldv and flat-pick acoustic only</s>

[| C / / /    | F / / / | C / / /   | G / G7 /]
[| C / / C7 | F / / / | C / G / | C / /  /]

  VERSE 1A
<s>vox on beat 2</s>
[C]  What a [C7]friend we have in [F]Jesus
[C]  All our sins and griefs to [G]bear[G7]
[C]  What a [C7]privilege to [F]carry
[C]  Every[G]thing to God in [C]prayer[F C]
[G]  O what [G7]peace we often f[C]orfeit
[F]  O what [C]needless pain we [G]bear [G7]
[C]  All be[C7]cause we do not [F]carry
[C]  Every[G]thing to God in [C]prayer [F C]

  INSTR 1A
<s>flat-pick + full band</s>
[| C / C7 / | F / / / | C / G / | C / / /]

  VERSE 2
<s>Full band & vox w/ fills by keys or 2nd gtr</s>
[C]  Have we [C7]trials and temp[F]tations
[C]  Is there trouble any[G]where [G7]
[C]  We should [C7]never be dis[F]couraged
[C]  Take it [G]to the Lord in [C]prayer[F C]
[G]  Can we [G7]find a friend so [C]faithful
[F]  Who will [C]all our sorrows [G]share [G7]
[C]  Jesus [C7]knows our every [F]weakness
[C]  Take it [G]to the Lord in [C]prayer [F C]
COLUMN_BREAK
  INSTR 2
<s>flat-pick or other lead on melody</s>
[|G / G7 / | C / C7 / ]
[| F / C /   | G / / /]

  TAG 1
[C]  Jesus [C7]knows our every [F]weakness
[C]  Take it [G]to the Lord in [C]prayer

<s>Decrescendo</s>
[|C / / / ]

  VERSE 3
<s>Down, lead agtr + bass w/fills.</s>
[C]Are we [C7]weak and heavy [F]laden
[C]Cumbered [Am]with a load of [G]care [G7]
[C]Precious [C7]Savior still our [F]re[Dm]fuge
[C]Take it [G]to the Lord in [C]prayer[F C]

<s>All in BIG</s>
[G]  Do thy friends despise forsake thee
[F]  Take it [C]to the Lord in [G]prayer
[C <s>LESS</s>]  In His [C7]arms
He'll take and [F]shield thee
[C]  Thou wilt [G]find a solace [C]there [F C]

  INSTR 1B
<s>flat-pick + full band</s>
[| C / C7 / | F / / / | C / G / | C / / /]

<s>Optional repeat of 1st verse, with tag</s>
  VERSE 1B

  TAG
<s>DOWN and ritarding</s>
[C]  Jesus [C7]knows our every [F]weakness
[C]  Take it [G]to the Lord in [C]prayer
",C,"","",,,,,,,,,,,,
15713576,Spirit Of The Living God,23488,"Brokenness, Consecration, Holiness, Holy Spirit, Prayer","","November 01, 2020",Type: Hymn,Default Arrangement,,120,"","C, D, F","Chorus 1

Spirit of the Living God
Fall fresh on me
Spirit of the Living God
Fall fresh on me
Melt me mold me
Fill me use me
Spirit of the Living God
Fall fresh on me",F,Speed: Slow,Style: Traditional,,,,,,,,,,,,
15895545,I Am Not Alone,7007821,"","","August 16, 2020","",Default Arrangement,68,330,"","D, E","Verse 1

When I walk through deep waters
I know that You will be with me
When I'm standing in the fire
I will not be overcome
Through the valley of the shadow
I will not fear

Chorus 1

I am not alone
I am not alone
You will go before me
You will never leave me

Verse 2

In the midst of deep sorrow
I see Your light is breaking through
The dark of night will not overtake me
I am pressing into You
Lord You fight my ev'ry battle
And I will not fear

Misc 1

(Bridge)
You amaze me redeem me
You call me as Your own
You amaze me redeem me
You call me as Your own
(REPEAT)

Verse 3

You're my strength You're my defender
You're my refuge in the storm
Through these trials You've always been faithful
You bring healing to my soul",E,Speed: Slow,Style: Contemporary,,,,,,,,,,,,
15921014,Who You Say I Am,7102401,"","","January 18, 2026","",Default Arrangement,60,210,"","A, C, D, E, F, F#: Original key/female lead, G","<s>Chart assumes 12/8 measures</s>
2023-09-10 version

  INTRODUCTION <s>no drums or bass</s>
[|F#5 / / /| / / / /]

  VERSE 1
[|F#5 / / /]  Who am I that the highest King
Would [|D#m]wel-[C#]come [F#5 /]me
[|F#5 / / /]I was lost but He brought me in
Oh His [|D#m]love [C#]for [[B / ]me
Oh His [|D#m]love [C#]for [B /]me

<s>add bass (hits per chord change)
add kick (hit per measure)</s>
  CHORUS 1A
Who the [|F# / / / ]Son sets free
Oh is [|C# / / /]free indeed
I'm a [|D#m]child [C#]of [B / ]God, Yes I [|F# / / /]am

  VERSE 2  <s>full drums. Full groove</s>
[|F#5 / / /]  Free at last He has ransomed me
His [|D#m]grace [C#]runs [B /]deep
[|F#5 / / /]  While I was a slave to sin
Jesus [|D#m]died [C#]for [B /]me
Yes He [|D#m <s>BIG</s>]died [C#]for [B /]me
COLUMN_BREAK
  CHORUS 1B <s>BIG</s>
Who the [|F# / / / ]Son sets free
Oh is [|C# / / /]free indeed
I'm a [|D#m]child [C#]of [B / ]God, Yes I [|F# / / /]am

  CHORUS 2B
In my [|F# / / / ]Father's house
There's a [|C# / / /]place for me
I'm a [|D#m]child [C#]of [B / ] God, Yes I [|F# / / /]am

  BRIDGE 1A  <s>BIG, 1/8 note groove </s>
I am [|D#m /]chosen not for-[C#/E# /]saken
I [|F# /]am who You say I am[B /]
You are [|D#m /]for me not a-[C#/E# /]gainst me
I [|F# /]am who You say I am[B /]

  BRIDGE 1B <s>BUILDING</s>
I am [|D#m /]chosen not for-[C#/E# /]saken
I [|F# /]am who You say I am[B /]
You are [|D#m /]for me not a-[C#/E# /]gainst me
I [|F# /]am who You say I am[B /] 

  TAG 1
I [|D#m]am who You [C#]say I am[B /] 
COLUMN_BREAK

  CHORUS 1C  <s>BREAKDOWN</s>
Who the [|F# / / / ]Son sets free
Oh is [|C# / / /]free indeed
I'm a [|D#m]child [C#]of [B / ]God
Yes I [|F# / / /]am

  CHORUS 2C  <s>Building</s>
In my [|F# / / / ]Father's house
There's a [|C# / / /]place for me
I'm a [|D#m]child [C#]of [B / ] God, Yes I [|F# / / /]am

  BRIDGE 1C <s>BIG</s>
I am [|D#m /]chosen not for-[C#/E# /]saken
I [|F# /]am who You say I am[B /]
You are [|D#m /]for me not a-[C#/E# /]gainst me
I [|F# /]am who You say I am[B /] 

  BRIDGE 1E <s>BIG 1/8 note groove</s>
I am [|D#m /]chosen not for-[C#/E# /]saken
I [|F# /]am who You say I am[B /]
You are [|D#m /]for me not a-[C#/E# /]gainst me
I [|F# /]am who You say I am[B /] 
COLUMN_BREAK

  TAG 2
Oh I [|D#m]am who You [C#]say I am [B /] 
  <s>note short measure at end</s>
Yes I [|D#m]am who You [C#]say I am [B / | / /]

  CHORUS 1E <s>DOWN</s>
Who the [|F# / / / ]Son sets free
Oh is [|C# / / /]free indeed
I'm a [|D#m]child [C#]of [B / ]God, Yes I [|F# / / /]am
",F#,"","",Hillsong Worship,86,327,"",F#,"Verse 1

Who am I that the highest King
Would welcome me
I was lost but He brought me in
Oh His love for me
Oh His love for me

Chorus 1

Who the Son sets free
Oh is free indeed
I'm a child of God
Yes I am

Verse 2

Free at last
He has ransomed me
His grace runs deep
While I was a slave to sin
Jesus died for me
Yes He died for me

Chorus 2

In my Father's house
There's a place for me
I'm a child of God
Yes I am

Misc 1

(Bridge)
I am chosen not forsaken
I am who You say I am
You are for me not against me
I am who You say I am

Misc 2

(TAG)
(Oh) (Yes) I am who You say I am",F#,"","",,,,,,
15921039,Reckless Love,7089641,"","","July 26, 2026","",Cory Asbury,84,339,"","A, C, D, E, F, F#, G, Gb","Intro
\ Bm7    \ A    \ G2    \ D    \

Verse 1
Bm7                 A4                   G2
  Before I spoke a word You were singing over me
Bm7              A4        G2
  You have been so so good   to me
Bm7                A4                      G2
  Before I took a breath You breathed Your life in me
Bm7              A4       G2
  You have been so so kind   to me

Chorus
       Bm7          A4          G2               D
O the overwhelming never-ending reckless love of God
       Bm7            A4                   G2               D
O it chases me down fights 'til I'm found leaves the ninety-nine
            Bm7              A4               G2            D
I couldn't earn it I don't deserve still You give Yourself away
        Bm7          A4          G2               D
O the overwhelming never-ending reckless love of God, yeah

Instrumental
\ Bm7    \ A    \ G2    \ D    \

Verse 2
Bm7                 A4                   G2
   When I was Your foe still Your love fought for me
Bm7             A4        G2
  You have been so so good   to me
Bm7                A4                G2
  When I felt no worth You paid it all for me
Bm7              A4       G2
  You have been so so kind  to me

Bridge
Bm7                            A4
  There's no shadow You won't light up
                    G2                    D
Mountain You won't climb up, coming after me
Bm7                            A4
   There's no wall You won't kick down
                G2                    D
Lie You won't tear down, coming after me

Ending
\ Bm7    \ A    \ G2    \ D    \",D,"","",,,,,,,,,,,,
16401618,Even Unto Death,7055824,"","","September 06, 2020","",Default Arrangement,120,240,"","Ab, Bb, C, D, G","
Verse 1
D/F#  G       G G/B C         G        G   D/F# Em       Dsus4
Je - sus, the very thought of You, it fills my heart with love
D/F#  G       G G/B     C     G       G  D/F# Em  Dsus4
Je - sus, You burn like wildfire, and I am overcome

Chorus
C      D     Em    Em   D/F# G       C      D      Em          Dsus4 D
Lover of my soul, even unto death, with my every breath I will love You
C      D     Em    Em   D/F# G       C      D      Em          Dsus4 D 
Lover of my soul, even unto death, with my every breath I will love you

Verse 2
D/F#  G         G G/B C        G    G  D/F# Em      Dsus4
Je - sus, You are my hope and You, my prize shall be
D/F#  G       G G/B   C     G       G  D/F# Em  Dsus4
Je - sus, You are my glory now and in e - ternity


Bridge
C                    G     Dsus4 D
In my darkest hour, in humiliation
C                    Am       Em D
I will wait for You, I am not forsaken
C                    G          Dsus4 D
Oh, I lose my life, oh, my breath be taken
C                    Am         Em D
I will wait for You, I am not forsaken
C                      G             Dsus4 D
One thing I desire, to see You in Your beauty
C                    G       Dsus4 D
You are my delight, You are my glory
C                      G                Dsus4 D
You my sacrifice, God, Your love is all consuming
C                         Am      Em Dsus4
You are my delight, God, You are my glory
C         G Dsus4 C         C D C
You are my glory, You are my glory


Tag
D/F#  G       G G/B C         G        G   D/F# Em       Dsus4
Je – sus, the very thought of You
D/F#  G       G G/B C         G        G   D/F# Em       Dsus4
Je – sus, the very thought of You


Ending
D/F# G D/F# Em Dsus4",G,"","",,,,,,,,,,,,
16456680,What Can I Give To The King,65594,"Christmas, Honor, Praise, Worship","","December 23, 2018","",Default Arrangement,,240,"",D,"Chorus 1

What can I give to the King
Give to the One who has ev'rything
What can I give
What gift can I bring
What can I give to the King
What can I give to the King

What can we give to the King
Give to the One who has ev'rything
What can we give
What gift can we bring
What can we give to the King
What can we give to the King

Give Him all glory
His people on earth
Give Him all praises
This time of His birth
Give Him all honor in all that we do
As He's given His life to you
As He's given His life to you

Give Him all glory
His people on earth
Give Him all praises
This time of His birth
Give Him all honor in all that we do
As He's given His life to you
As He's given His life to you
Give Him all honor
Give Him all praise
Give Him all glory",D,"","",,,,,,,,,,,,
16540901,Glory In The Highest,7120795,"Christmas, Exaltation, Glory, Praise","","December 16, 2018","",Worship Together,,240,"Luke 2:14, Isaiah 9:6,","B, Bb, C: C, G","Intro
[| G7/F / C/E / | G/D / C/E / |]
[| G7/F / C/E / | G/D / C/E / |]

Verse 1
[Gsus/F]Who could have [C/E]imagined th[Gsus/D]is?  [C/E]
[Gsus/F]Infant and the [C/E]Infinite [G/D] [C/E]
[Gsus/F]Son of God so [C/E]wonderful [Gsus/D] [C/E]
[Gsus/F]Heaven's perfect [C/E]miracle [Gsus/D] [G]

Chorus 1
[Am7]Glory in the [F2]highest [C] [G]
[Am7]Glory in the [F2]highest [C] [Gsus]
[G]Prince of [Am7]Peace 
King of [F2]Kings
Jesus [C/E]Lord of every[Gsus]thing 
[Am7]Glory in the [F2]highest[C]

Verse 2
[Csus/F]Born to die and [C/E]born to save [Gsus/D] [C/E]
[Csus/F]Born to take our [C/E]sin away [Gsus/D] [C/E]
[Csus/F]Light and life to [C/E]all He brings[Gsus/D] [C/E]
[Csus/F]With the angels [C/E]let us sing [Gsus/D] [G]

Chorus 2
[Am]Glory in the [F]highest [C] [G]
[Am]Glory in the [F]highest [C] [G]
Prince of [Am]Peace 
King of [F]Kings
Jesus [C/E]Lord of every[G]thing 
[Am]Glory in the [F]highest[C]

Bridge
[G]Come and worship 
[C/E]Come and [F]worship
[F]Worship [Am]Christ the [C/G]new-[G]born [C]King 

[G]Come and worship 
[C/E]Come and [F]worship
[F]Worship [Am]Christ the [C/G]new-[G]born [C]King 

Interlude
[| Gsus/F / C/E / | Gsus/D / C/E / |]

Verse 3
[Gsus/F]Who could have [C/E]imagined th[Gsus/D]is? [C/E]
[Gsus/F]Infant and the [C/E]Infinite [G/D] [C/E]
[Gsus/F]King of all so [C/E]meek and m[Gsus/D]ild [C/E]
[F2]God and sinner [C]reconciled [C]

REPEAT CHORUS 2

Bridge
[G]Come and worship 
[C/E]Come and [F]worship
[F]Worship [Am]Christ the [C/G]new-[G]born [C]King 

[G]Come and worship 
[C/E]Come and [F]worship
[F]Worship [Am]Christ the [C/G]new-[G]born [C]King 

Tag
[F]    The new-born [C]King 
[F]    The new-born [C]King",C,"","",,,,,,,,,,,,
16594188,Here I Am To Worship,3266032,", challenges of being a christian, How Great Is Our God, Jesus, lead me to the cross, Life Of Jesus, Light, Thankfulness, Word of God, Worship","","July 06, 2025","",Default Arrangement,,180,"","D, E, G","Verse 1

Light of the world
You stepped down into darkness
Opened my eyes let me see
Beauty that made
This heart adore You
Hope of a life spent with You

Chorus 1

So here I am to worship
Here I am to bow down
Here I am to say that You're my God
And You're altogether lovely
Altogether worthy
Altogether wonderful to me

Verse 2

King of all days
Oh so highly exalted
Glorious in heaven above
Humbly You came
To the earth You created
All for love's sake became poor

Misc 1

(Bridge)
And I'll never know how much it cost
To see my sin upon that cross
And I'll never know how much it cost
To see my sin upon that cross",E,"","",,,,,,,,,,,,
16669538,Crown Him,7071164,"","","October 18, 2020","",Default Arrangement,,300,"Here is the  Page where you can watch and learn the song (Full son, piano, and guitar instruction); https://www.essentialworship.com/songs/i-am-they/crown-him#main-content",C,"Verse 1

It's not my life to live
It's not my song to sing
All I have is His
For all eternity

Verse 2

It's not my righteousness
It's not my faithfulness
All I have is His
For all eternity

Chorus 1

We will crown Him crown Him King of Glory
Crown Him crown Him Lord of All
Crown Him crown Him King of Glory
Crown Him crown Him Lord of All

Verse 3

It's not my war to win
It's not my weight to bear
By His mighty hand
He won the victory

Verse 4

It's not my blood but His
That stands in my defense
Oh what love is this
That won the victory

Misc 1

(Ending)
Crown Him
Crown Him Lord of All",C,"","",,,,,,,,,,,,
16705097,Eye Of The Storm,7051410,"","","February 24, 2019","",Default Arrangement,,270,"","A, F","",A,"","",,,,,,,,,,,,
16825719,Praise Before My Breakthrough,7121223,"Breakthrough, Faith, Praise, Singing, Surrender, Triumph, Trust, Victory","","December 06, 2020","",Default Arrangement,,270,"","D, E, G","Verse 1

I know the tension of the now
I don't always understand
I don't always get to see ev'rything
When I'm holding up my hands
When I'm counting ev'ry breath
Lord all I need to know is You choose me
You choose me

Chorus 1

I'll praise before my breakthrough
'Til my song becomes my triumph
I will sing because I trust You
I will bring my heart
I will lift my song

Verse 2

When I'm list'ning for Your voice
And I'm shutting out the noise
I know that you will speak clearly
When I'm living out my faith
When I'm stepping on the sea
I know You take my hand and walk with me
Walk with me

Misc 1

(Bridge)
He who came in power He will come again
He who heals the sick won't He move again
He who raised the dead won't He raise again
(And) I will sing I will sing
(REPEAT)

Oh I will sing I will sing

Misc 2

(Ending)
I sing because I trust You
I'll worship because I trust You
I sing because I love You
I will bring my heart
I will lift my song",G,"","",,,,,,,,,,,,
16896962,Give Me Faith,5680939,", Christian Life, Faith, Surrender, Trust","","May 29, 2022","",Default Arrangement,,240,"","A, A-B, B, C, D, G","
Verse 1
A         E      F#m                 D
   I need You to soften my heart and break me apart
        A      E              F#m                      D
I need You to open my eyes To see that You're shaping my life

Pre-Chorus
A/C#  D   E
All   I   am
A/C#  D  E
I    sur-render

Chorus 1
D          A        E             F#m
  Give me faith to trust what You say
D              A       F#m          E
  That You're good and Your love is great
Bm      D        A      E           D      E
  I'm broken in-side I give You my life
                                    D (to instrumental)

Verse 2
A          E      F#m                  D  
   I need You to soften my heart And break me apart
        A        E                         F#m                  D
I need You to pierce through the dark and cleanse every part of me


Instrumental
/ D  A / E  F#m / D  A / F#m  E /

Bridge
D                 A
  'Cause I may be weak
E                  F#m
 But Your Spirit's strong in me
D               A
   My flesh may fail
F#m         E 
 My God You never will
                 (D) to Chorus",A,"","",,,,,,,,,,,,
17098798,My Victory,7054548,"","",,"",Default Arrangement,,270,"","C, D","Verse 1

You came for criminals
And ev'ry Pharisee
You came for hypocrites
Even one like me
You carried sin and shame
The guilt of ev'ry man
The weight of all I've done
Nailed into Your hands

Chorus 1

Oh Your love bled for me
Oh Your blood in crimson streams
Oh Your death is Hell's defeat
A cross meant to kill is my victory

Verse 2

Oh Your amazing grace
I've seen and tasted it
It's running through my veins
I can't escape its grip
In You my soul is safe
You cover ev'rything

Misc 1

(Bridge)
Behold the Lamb of God
Who takes away our sin
Who takes away our sin
The holy Lamb of God
Makes us alive again
Makes us alive again
(REPEAT)

Misc 2

(Ending)
Oh a cross meant to kill is my victory",C,"","",,,,,,,,,,,,
17211017,King Of My Heart,7046145,"","","April 12, 2026","",Bethel Music,68,292,"","A, G","  INTRO <s>piano</s>
[[Bb drone]
[| Bb / / / | Eb / Bb | Gm / F / | Eb / Bb /]

  VERSE 1
<s>piano + pad, lead vox</s>
Let the [Bb]King of my heart be 
The [Eb]mountain when I [Bb]run
The [Gm]fountain I drink [F]from; Oh
He [Eb]is my [Bb]song
Let the [Bb]King of my heart be 
The [Eb]shadow where I [Bb]hide
The [Gm]ransom for my [F]life; oh
He [Eb]is my [Bb]song

  CHORUS 1
<s>add bass ◆ , egtr pings</s>
You are [Gm]good [Bb/F]good, [Eb]Oh   [Bb]
You are [Gm]good, [Bb/F]good [Eb]Oh   [Bb]
You are [Gm]good [Bb/F]good, [Eb]Oh   [Bb]
You are [Gm]good, [Bb/F]good [Eb]Oh   [Bb]
COLUMN_BREAK
  VERSE 2A
<s>all in, 1/16th drive but MEDIUM</s>
Let the [Bb]King of my heart be
The [Eb]wind inside my [Bb]sails
The [Gm]anchor in the [F]waves; Oh
He [Eb]is my [Bb]song
Let the [Bb]King of my heart be 
The [Eb]fire inside my [Bb]veins
The [Gm]echo of my [F]days; Oh
He [Eb]is my [Bb]song

  VERSE 2B
<s>Building</s>
Let the [Bb]King of my heart be
The [Eb]wind inside my [Bb]sails
The [Gm]anchor in the [F]waves; Oh
He [Eb]is my [Bb]song
Let the [Bb]King of my heart be 
The [Eb]fire inside my [Bb]veins
The [Gm]echo of my [F]days; Oh
He [Eb]is my [Bb]song
COLUMN_BREAK
  CHORUS 2
<s>BIG hits</s>
You are [Gm]good [Bb/F]good, [Eb]Oh   [Bb]
You are [Gm]good, [Bb/F]good [Eb]Oh   [Bb]
You are [Gm]good [Bb/F]good, [Eb]Oh   [Bb]
You are [Gm]good, [Bb/F]good [Eb]Oh   [Bb]

  BRIDGE 1A
<s>DOWN, pads, lead vox only</s>
[Bb]You're never gonna let, you're
Never gonna let me down
You're never gonna let, you're
[Bbsus4]Never gonna let me down
[Bb]You're never gonna let, you're
Never gonna let me down
You're never gonna let, you're
[Bbsus4]Never gonna let me down

  BRIDGE 1B
<s>BIG full vox, hits</s>
[[Bb]You're never gonna let, you're
Never gonna let me down
You're never gonna let, you're
[Bbsus4]Never gonna let me down
<s>1/4 groove BUILDING</s>
[Bb]You're never gonna let, you're
[Eb]Never gonna let me [F]down [Gm]
You're [F]never gonna let, you're
<s>HUGE drum fill</s>
[Eb]Never gonna let me [Bb]down

  CHORUS 3
<s>BIG full vox, hits</s>
You are [Gm]good [Bb/F]good, [Eb]Oh   [Bb]
You are [Gm]good, [Bb/F]good [Eb]Oh   [Bb]
You are [Gm]good [Bb/F]good, [Eb]Oh   [Bb]
<s>1/8th groove</s>
You are [Gm]good, [Bb/F]good [Eb]Oh   [Bb]

  BRIDGE 2
<s>still BIG, hits</s>
[Gm] You're [F]never gonna let, you're
[Eb]Never gonna let  [Bb]me down
[Gm] You're [F]never gonna let, you're
[Eb]Never gonna let  [Bb]me down
[Gm] You're [F]never gonna let, you're
[Eb]Never gonna let  [Bb]me down
[Gm] You're [F]never gonna let, you're
[Eb]Never gonna let  [Bb]me down

  CHORUS 4
<s>DOWN</s>
You are [Gm]good [Bb/F]good, [Eb]Oh   [Bb]
You are [Gm]good, [Bb/F]good [Eb]Oh   [Bb]
",Bb,"","",Default Arrangement,,270,"","A, Bb, C, G","  INTRO <s>piano</s>
[[Bb drone]
[| Bb / / / | Eb / Bb | Gm / F / | Eb / Bb /]

  VERSE 1
<s>piano + pad, lead vox</s>
Let the [Bb]King of my heart be 
The [Eb]mountain when I [Bb]run
The [Gm]fountain I drink [F]from; Oh
He [Eb]is my [Bb]song
Let the [Bb]King of my heart be 
The [Eb]shadow where I [Bb]hide
The [Gm]ransom for my [F]life; oh
He [Eb]is my [Bb]song

  CHORUS 1
<s>add bass ◆ , egtr pings</s>
You are [Gm]good [Bb/F]good, [Eb]Oh   [Bb]
You are [Gm]good, [Bb/F]good [Eb]Oh   [Bb]
You are [Gm]good [Bb/F]good, [Eb]Oh   [Bb]
You are [Gm]good, [Bb/F]good [Eb]Oh   [Bb]
COLUMN_BREAK
  VERSE 2A
<s>all in, 1/16th drive but MEDIUM</s>
Let the [Bb]King of my heart be
The [Eb]wind inside my [Bb]sails
The [Gm]anchor in the [F]waves; Oh
He [Eb]is my [Bb]song
Let the [Bb]King of my heart be 
The [Eb]fire inside my [Bb]veins
The [Gm]echo of my [F]days; Oh
He [Eb]is my [Bb]song

  VERSE 2B
<s>Building</s>
Let the [Bb]King of my heart be
The [Eb]wind inside my [Bb]sails
The [Gm]anchor in the [F]waves; Oh
He [Eb]is my [Bb]song
Let the [Bb]King of my heart be 
The [Eb]fire inside my [Bb]veins
The [Gm]echo of my [F]days; Oh
He [Eb]is my [Bb]song
COLUMN_BREAK
  CHORUS 2
<s>BIG hits</s>
You are [Gm]good [Bb/F]good, [Eb]Oh   [Bb]
You are [Gm]good, [Bb/F]good [Eb]Oh   [Bb]
You are [Gm]good [Bb/F]good, [Eb]Oh   [Bb]
You are [Gm]good, [Bb/F]good [Eb]Oh   [Bb]

  BRIDGE 1A
<s>DOWN, pads, lead vox only</s>
[Bb]You're never gonna let, you're
Never gonna let me down
You're never gonna let, you're
[Bbsus4]Never gonna let me down
[Bb]You're never gonna let, you're
Never gonna let me down
You're never gonna let, you're
[Bbsus4]Never gonna let me down

  BRIDGE 1B
<s>BIG full vox, hits</s>
[[Bb]You're never gonna let, you're
Never gonna let me down
You're never gonna let, you're
[Bbsus4]Never gonna let me down
<s>1/4 groove BUILDING</s>
[Bb]You're never gonna let, you're
[Eb]Never gonna let me [F]down [Gm]
You're [F]never gonna let, you're
<s>HUGE drum fill</s>
[Eb]Never gonna let me [Bb]down

  CHORUS 3
<s>BIG full vox, hits</s>
You are [Gm]good [Bb/F]good, [Eb]Oh   [Bb]
You are [Gm]good, [Bb/F]good [Eb]Oh   [Bb]
You are [Gm]good [Bb/F]good, [Eb]Oh   [Bb]
<s>1/8th groove</s>
You are [Gm]good, [Bb/F]good [Eb]Oh   [Bb]

  BRIDGE 2
<s>still BIG, hits</s>
[Gm] You're [F]never gonna let, you're
[Eb]Never gonna let  [Bb]me down
[Gm] You're [F]never gonna let, you're
[Eb]Never gonna let  [Bb]me down
[Gm] You're [F]never gonna let, you're
[Eb]Never gonna let  [Bb]me down
[Gm] You're [F]never gonna let, you're
[Eb]Never gonna let  [Bb]me down

  CHORUS 4
<s>DOWN</s>
You are [Gm]good [Bb/F]good, [Eb]Oh   [Bb]
You are [Gm]good, [Bb/F]good [Eb]Oh   [Bb]
",Bb,"","",,,,,,
17211219,Resurrecting,7051507,"","","April 17, 2022","",Default Arrangement,,300,"","C, D, G","","","","",Elevation Worship,74,467,"","Ab, C","Verse 1

The head that once was crowned with thorns
Is crowned with glory now
The Savior knelt to wash our feet
Now at his feet we bow

Verse 2

The one who wore our sin and shame
Now robed in majesty
The radiance of perfect love
Now shines for all to see

Chorus 1

Your name
Your name
Is victory
All praise
Will rise
To Christ our king

Verse 3

The fear that held us now gives way
To him who is our peace
His final breath upon the cross
Is now alive in me

Misc 1

(Bridge)
By your spirit I will rise
From the ashes of defeat
The resurrected king
Is resurrecting me
In your name I come alive
To declare your victory
The resurrected king
Is resurrecting me

Verse 4

The tomb where soldiers watched in vain
Was borrowed for three days
His body there would not remain
Our God has robbed the grave
Our God has robbed the grave",G,"","",,,,,,
17348844,Glorious,6231507,"","","July 21, 2019","",Default Arrangement,,300,"","B, D, F, G","","","","",,,,,,,,,,,,
17585300,Forever (Kari Jobe),7001228,"Jesus, Crucifixion, Life Of Jesus, Resurrection","","September 08, 2019","",Default Arrangement,,360,"",G,"",,"","",,,,,,,,,,,,
17620080,Come Thou Fount (4/4),7055916,"Repentance, His Name, Mercy, Aspiration, Redemption, Forgiveness, Goodness, Grace, Jesus, Dedication, Adoration, Offering, Submission, Prayer, Longing, Praise, Desire, Surrender, Life, Singing, Invita","",,"",Default Arrangement,,240,"",E,"Verse 1

Come Thou Fount of every blessing
Tune my heart to sing Thy grace
Streams of mercy never ceasing
Call for songs of loudest praise
Teach me some melodious sonnet
Sung by flaming tongues above
Praise the mount I'm fixed upon it
Mount of God's unchanging love

Verse 2

Here I raise my Ebenezer
Hither by Thy help I'm come
And I hope by Thy good pleasure
Safely to arrive at home
Jesus sought me when a stranger
Wandering from the fold of God
He to rescue me from danger
Interposed His precious blood

Verse 3

O to grace how great a debtor
Daily I'm constrained to be
Let Thy grace now like a fetter
Bind my wandering heart to Thee
Prone to wander Lord I feel it
Prone to leave the God I love
Here's my heart O take and seal it
Seal it for Thy courts above",E,"","",,,,,,,,,,,,
17659505,Everlasting God (Gospel),,"","",,"",Default Arrangement,,300,"",Db,"Verse
Intro
C#9-Fm7-Cm7
C#9
The Lord is my light and salvation
             Fm7                Cm7
Whom shall I Fear, whom shall I be afraid (x2)

PRECHORUS 1
      C#9                          C#m7 ..... Cm7
I will wait for You, I will wait for You
       C#9                         Fm7 ...... Cm7
I will trust in You, I will trust in You (x2)

CHORUS
A#m     Fm    Cm7         Fm7
I will remain confident in this
       C#9      G#             D#
I will see the goodness of the Lord (x2)

PRECHORUS 2
      C#9                          C#m7 ..... Cm7
I will wait for You, I will wait for You
       C#9                         Fm7 ...... Cm7
I will trust in You, I will trust in You (x2)

BRIDGE
C#/G#            C/Ab
We set our hope on You
C#/G#            C/Ab
We set our hope on Your love
C#/G#            C/Ab
We set our hope on the One
C#/G#            C/Ab   D#/F
Who is the everlasting God
C/F                    C#/G# C/Ab    
You are the everlasting God (You are the everlasting)",C#,"","",,,,,,,,,,,,
18302511,Way Maker,7115744,"","","September 21, 2025","",Leeland,68,255,"","B, C, D, Db, E, G","DOWN Verse 1
        F                   C
You are here, moving in our   midst
          Gsus           Am
I worship You, I worship You
        F                    C
You are here, working in this  place
          Gsus           Am
I worship You, I worship You

DOWN Chorus
        F                            C
You are,  Way maker, miracle worker, promise keeper
              Gsus                             Am
Light in the darkness, my God, that is who You are

LIGHT GROOVE Verse 2
        F                    C
You are here, touching every  heart
          Gsus           Am
I worship You, I worship You
        F                   C
You are here, healing every   heart
          Gsus           Am
I worship You, I worship You

Verse 3
        F                    C
You are here, turning lives a-round
          Gsus           Am
I worship You, I worship You
        F                  C
You are here mending ev'ry   heart
          Gsus           Am
I worship You, I worship You

BIG Chorus
        F                            C
You are,  Way maker, miracle worker, promise keeper
              Gsus                             Am
Light in the darkness, my God, that is who You are

BIG Chorus
        F                            C
You are,  Way maker, miracle worker, promise keeper
              Gsus                             Am
Light in the darkness, my God, that is who You are




BIG Tag 1
                F                    C/E
That is who You are, that is who You are
                G                    Am
That is who You are, that is who You are

Down Bridge
F
   Even when I don't see it, You're working
C
   Even when I don't feel it, You're working
Gsus
   You never stop, You never stop working
Am
   You never stop, You never stop working

BUILD Bridge
F
   Even when I don't see it, You're working
C
   Even when I don't feel it, You're working
Gsus
   You never stop, You never stop working
Am
   You never stop, You never stop working

BIG Bridge
F
   Even when I don't see it, You're working
C
   Even when I don't feel it, You're working
Gsus
   You never stop, You never stop working
Am
   You never stop, You never stop working

BIG Chorus
        F                            C
You are,  Way maker, miracle worker, promise keeper
              Gsus                             Am
Light in the darkness, my God, that is who You are

BIG Chorus
        F                            C
You are,  Way maker, miracle worker, promise keeper
              Gsus                             Am
Light in the darkness, my God, that is who You are

BIG Tag 1
                F                    C/E
That is who You are, that is who You are
                G                    Am
That is who You are, that is who You are


",C,"","",,,,,,,,,,,,
18515392,Silent Night,4629513,"Seasonal, Christmas, Jesus","","December 24, 2025","",Default Arrangement,,180,"","A, C, G","",,"","",,,,,,,,,,,,
18590826,Glorious Day,7081388,"","","June 21, 2026","",Default Arrangement,110,264,"","C, D, G-G","Verse 1
       D
I was buried beneath my shame
          Bm7
Who could carry that kind of weight
          G2              D
It was my tomb Till I met You

Verse 2
      D
I was breathing but not alive
       Bm7
All my failures I tried to hide
          G2              D
It was my tomb Till I met You

Chorus
              G2                          D
You called my name, and I ran out of that grave
             G2                         D
Out of the darkness, into Your glorious day
               G2                         Bm7
You called my name, and I ran out of that grave
             G2                          D
Out of the darkness, into Your glorious day

Verse 3
         D
Now Your mercy has saved my soul
          Bm7
Now Your freedom is all that I know
             G2                     D
The old made new, Jesus, when I met You

Bridge
D
  I needed rescue, my sin was heavy
D
  But chains break at the weight of Your glory
D
  I needed shelter, I was an orphan
D
  Now You call me a citizen of Heaven
D
  When I was broken, you were my healing
D
  Now Your love is the air that I'm breathing
Bm7                 A                    G
   I have a future,   my eyes are open
",D,"","",,,,,,,,,,,,
18712951,Yes I Will,7105442,"","","August 17, 2025","",Vertical Worship,75,234,"","Bb, C, D, G","Verse 1

I count on one thing
The same God that never fails
Will not fail me now
You won't fail me now
In the waiting
The same God who's never late
Is working all things out
You're working all things out

Chorus 1

Yes I will lift You high
In the lowest valley
Yes I will bless Your name
Yes I will sing for joy
When my heart is heavy
All my days yes I will

Misc 1

(Bridge)
I choose to praise
To glorify glorify
The name of all names
That nothing can stand against

Misc 2

(TAG)
For all my days
Yes I will",C,"","",,,,,,,,,,,,
18737175,Give Us Clean Hands,2060208,"Commitment, Integrity, jesus messiah, Refiners Fire, Repentance, Surrender, Forgiveness, Invitation, Prayer","","November 13, 2022","",Default Arrangement,,180,"","Ab, D","",,"","",,,,,,,,,,,,
18789883,Do It Again,7067555,"","","August 03, 2025","",Default Arrangement,,0,"","A, D, E","",,"","",Elevation Worship,86,404,"",F,"",,"","",,,,,,
18868179,You Don't Miss A Thing ,7030071,"","",,"",Bethel Music,65,431,"",A,"",,"","",,,,,,,,,,,,
18868183,Psalm 23 (I Am Not Alone),7111981,"","","July 05, 2026","",People & Songs,63,407,"","D, E, G","DOWN Verse 1
                E                    A2
The Lord is my Shepherd, He goes be-fore me
            C#m7            A2
Defender be-hind me, I won't   fear
                  E                       A2
I'm filled with a-nointing, My cup's over-flowing
              C#m7            A2
No weapon can harm me, I won't   fear

BUILD Chorus
B           C#m        A
Hallelujah, I am not a-lone
B                C#m             A
He's my Comfort, always holds me close


LIGHT GROOVE Verse 2
             E                        E/G#  A2
He always guides me through mountains and valleys
                C#m7              A2
His joy is refreshing, restores my   soul
             E             E/G# A2
Mercy and goodness give me as-surance
                   C#m7       A2
That I'll see His glory face to face

BIG Chorus
B           C#m        A
Hallelujah, I am not a-lone
B                C#m             A
He's my Comfort, always holds me close

BIG Chorus
B           C#m        A
Hallelujah, I am not a-lone
B                C#m             A
He's my Comfort, always holds me close









DOWN Bridge 1
Amaj7
     Your Spirit lives within me
E2/G#
     So I will walk in Your peace
F#m9
     Your Spirit lives within me
B/D#                D/E       E
     My Vict'ry,  My Vict'ry

BUILD Bridge 1
Amaj7
     Your Spirit lives within me
E2/G#
     So I will walk in Your peace
F#m9
     Your Spirit lives within me
B/D#                D/E       E
   My Vict'ry,   My Vict'ry

BIG Bridge2
Amaj7
     My vict'ry my vict'ry
E2/G#
     My vict'ry my vict'ry
F#m9
     My vict'ry my vict'ry
B/D#           D/E  A#m7 (b5)(to Chorus)
     My vict'ry

CRASH CHORUS BIG 2nd HALF
B           C#m        A
Hallelujah, I am not a-lone
B                C#m             A
He's my Comfort, always holds me close

BIG Chorus
B           C#m        A
Hallelujah, I am not a-lone
B                C#m             A
He's my Comfort, always holds me close

DROP OUT Chorus
B           C#m        A
Hallelujah, I am not a-lone
B                C#m             A
He's my Comfort, always holds me close",E,"","",,,,,,,,,,,,
18946536,King Of Kings,7127647,"","","May 10, 2026","",Default Arrangement,,0,"","C, D","Verse 1

In the darkness we were waiting
Without hope without light
Till from Heaven You came running
There was mercy in Your eyes

To fulfil the law and prophets
To a virgin came the Word
From a throne of endless glory
To a cradle in the dirt

Chorus 1

Praise the Father
Praise the Son
Praise the Spirit three in one
God of Glory
Majesty
Praise forever to the King of kings

Verse 2

To reveal the kingdom coming
And to reconcile the lost
To redeem the whole creation
You did not despise the cross

For even in Your suffering
You saw to the other side
Knowing this was our salvation
Jesus for our sake You died

Verse 3

And the morning that You rose
All of heaven held its breath
Till that stone was moved for good
For the Lamb had conquered death

And the dead rose from their tombs
And the angels stood in awe
For the souls of all who'd come
To the Father are restored

Verse 4

And the Church of Christ was born
Then the Spirit lit the flame
Now this Gospel truth of old
Shall not kneel shall not faint

By His blood and in His Name
In His freedom I am free
For the love of Jesus Christ
Who has resurrected me",D,"","",Hillsong Worship,68,270,"","D, G","Verse 1
In the [D/F#]darkness we were [G]waiting without [A]hope without [D]light
Till from [D/F#]Heaven You came [G]running there was [A]mercy in Your [D]eyes
To ful - [D/F#]fil the law and [G]prophets to a [A]virgin came the [D]Word
From a [D/F#]throne of endless [G]glory to a [A]cradle in the [D]dirt

Chorus
[D]Praise the Father [G]praise the Son
[Bm]Praise the Spirit [Asus]three in [A]one
[D]God of Glory [G]majesty
[Bm]Praise for - [G]ever to the [A]King of [D]kings

Verse 2
To re - [D/F#]veal the kingdom [G]coming and to [A]reconcile the [D]lost
To re - [D/F#]deem the whole cre - [G]ation You did [A]not despise the [D]cross
For [D/F#]even in Your [G]suffering You saw [A]to the other [D]side
Knowing [D/F#]this was our sal - [G]vation Jesus [A]for our sake You [D]died

Chorus
[D]Praise the Father [G]praise the Son
[Bm]Praise the Spirit [Asus]three in [A]one
[D]God of Glory [G]majesty
[Bm]Praise for - [G]ever to the [A]King of [D]kings






Verse 3
And the [Bm]morning that You [G]rose all of [A]heaven held its [D]breath
Till that [Bm]stone was moved for [G]good for the [A]Lamb had conquered [D]death
And the [Bm]dead rose from their [G]tombs and the [A]angels stood in [D]awe
For the [Bm]souls of all who’d [G]come to the [A]Father are re - [D]stored

Verse 4
And the [D/F#]Church of Christ was [G]born then the [A]Spirit lit the [D]flame
Now this [D/F#]Gospel truth of [G]old shall not [A]kneel shall not [D]faint
By His [D/F#]blood and in His [G]Name in His [A]freedom I am [D]free
For the [D/F#]love of Jesus [G]Christ who has [A]resurrected [D]me

Chorus
[D]Praise the Father [G]praise the Son
[Bm]Praise the Spirit [Asus]three in [A]one
[D]God of Glory [G]majesty
[Bm]Praise for - [G]ever to the [A]King of [D]kings

Chorus
[D]Praise the Father [G]praise the Son
[Bm]Praise the Spirit [Asus]three in [A]one
[D]God of Glory [G]majesty
[Bm]Praise for - [G]ever to the [A]King of [D]kings

Tag
[D/F#]Praise for - [G]ever to the [A]King of [D]kings",D,"","",,,,,,
18990334,As The Deer,1431,"Longing, Communion, Worship","",,"",Default Arrangement,,0,"",D,"Verse 1

As the deer panteth for the water
So my soul longeth after Thee
You alone are my heart's desire
And I long to worship Thee

Chorus 1

You alone are my strength my shield
To You alone may my spirit yield
You alone are my heart's desire
And I long to worship Thee

Verse 2

You're my friend and You are my brother
Even though You are a King
I love You more than any other
So much more than anything

Verse 3

I want You more than gold or silver
Only You can satisfy
You alone are the real joygiver
And the apple of my eye",G,"","",,,,,,,,,,,,
19058721,The Blessing,7147007,"","","August 02, 2026","",Default Arrangement,,0,"","B, G","(2023-04-04 revision)

  INTRODUCTION <s>piano</s>
[|G / / / | Gsus2 / / /]

  VERSE 1A  <s>lead vocal, piano, keys </s>
[|G / / /]  The Lord bless you 
[|C2(no3) / / /]  and keep you
[|G / / /]  Make his face shine
up - [|D(4) / / /]on you and be gracious to you
[|Em7 / / /]  The Lord turn his  [|C2(no3) / / /]  face toward you
[|G /]  And [D(4) /]give you [|G / / /]peace [|Gsus / / /]

  CHORUS 1A
[|Em7 / / /]A   -   [|C2(no3) / / /]men
A - [|G / / /]men    a - [|D / / /]men
[|Em7 / / /]A   -   [|C2(no3) / / /]men
A - [|G / / /]men    a - [|D / / /]men

 <s>add harmony. All in but drums, bass</s>
  VERSE 1B
[|G / / /]  The Lord bless you 
[|C2(no3) / / /]  and keep you
[|G / / /]  Make his face shine
up - [|D(4) / / /]on you and be gracious to you
[|Em7 / / /]  The Lord turn his  [|C2(no3) / / /]  face toward you
[|G /]  And [D(4) /]give you [|G / / /]peace [|Gsus / / /]
COLUMN_BREAK
  CHORUS 1B <s>BIGGER. add drums, bass</s>
[|Em7 / / /]A   -   [|C2(no3) / / /]men
A - [|G / / /]men    a - [|D / / /]men
[|Em7 / / /]A   -   [|C2(no3) / / /]men
A - [|G / / /]men    a - [|D / / /]men

  INSTRUMENTAL 1 <s>LESS no drums or bass. Lead play chorus melody</s>

[|Em7 / / / | C2(no3) / / / | G / / / | D / / /]

  BRIDGE 1A <s>all vox on melody</s>
May his [|Em7 / / /]favor be upon you
And a [|C2(no3) / / /]thousand generations
And your [|G / / /]family and your children
And their [|D / / /]children and their children

  BRIDGE 1B <s>BUILDING</s>
May his [|Em7 / / /]favor be upon you
And a [|C2(no3) / / /]thousand generations
And your [|G / / /]family and your children
And their [|D / / /]children and their children

  BRIDGE 2A <s>BIGGER 1/4 groove. Vox add harmony. Add drums, bass</s>
May his [|Em7 / / /]presence go before you
And be - [|C2(no3) / / /]hind you and beside you
All a - [|G / / /]round you and within you
He is [|D / / /]with you he is with you
COLUMN_BREAK 
  BRIDGE 3A <s>1/8 groove</s>
In the [|Em7 / / /]morning in the evening
In your [|C2(no3) / / /]coming and your going
In your [|G / / /]weeping and rejoicing
He is [|D / / /]for you he is for you

  TAG 1A <s>Lead play chorus melody</s>
He is [|Em7 / / /]for you he is for you
He is [|C2(no3) / / /]for you he is for you
He is [|G / / /]for you he is for you
He is [|D / / /]for you

  CHORUS 1C <s>full rhythm 1/4 groove</s>
[|Em7 / / /]A   -   [|C2(no3) / / /]men
A - [|G / / /]men    a - [|D / / /]men
[|Em7 / / /]A   -   [|C2(no3) / / /]men
A - [|G / / /]men    a - [|D / / /]men

  BRIDGE 2B <1/8 groove</s>
<s>Lead play chorus melody</s>
May his [|Em7 / / /]presence go before you
And be - [|C2(no3) / / /]hind you and beside you
All a - [|G / / /]round you and within you
He is [|D / / /]with you he is with you
COLUMN_BREAK  
  BRIDGE 3B
<s>Lead play chorus melody</s>
In the [|Em7 / / /]morning in the evening
In your [|C2(no3) / / /]coming and your going
In your [|G / / /]weeping and rejoicing
He is [|D / / /]for you he is for you

  CHORUS 1D <s>still BIG</s>
[|Em7 / / /]A   -   [|C2(no3) / / /]men
A - [|G / / /]men    a - [|D / / /]men
[|Em7 / / /]A   -   [|C2(no3) / / /]men
A - [|G / / /]men    a - [|D / / /]men

  INSTRUMENTAL 2 <s>DOWN</s>
[|G / / / | Gsus / / /| G / / / | Gsus / / ]

 VERSE 1C <s>DOWN</s>
[|G / / /]  The Lord bless you 
[|C2(no3) / / /]  and keep you
[|G / / /]  Make his face shine
up - [|D(4) / / /]on you and be gracious to you
[|Em7 / / /]  The Lord turn his  [|C2(no3) / / /]  face toward you
[|G /]  And [D(4) /]give you [|G / / /]peace [|Gsus / / /]

  OUTRO  <s>DOWN</s>
[|G ... ]
",G,"","",,,,,,,,,,,,
19074434,No One Like Our God,7093736,"","","May 03, 2020","",Lincoln Brewster,90,246,"",F,"",,"","",,,,,,,,,,,,
19171683,Jesus At The Center,6115180,"Desire, Prayer","","July 12, 2020","",Israel and New Breed,64.5,575,"",A,"",,"","",,,,,,,,,,,,
19215536,Nothing Else,7123436,"Longing, Desire, Surrender","","January 04, 2026","",Cody Carnes,68,397,"",A,"",,"","",Default Arrangement,,0,"",A,"",,"","",,,,,,
19350616,Trisagion,6513081,"","","February 07, 2026","",Default Arrangement,,0,"","C, C-D, E, F#","",,"","",,,,,,,,,,,,
19482680,Break Every Chain,5910977,"Jesus' name, Atonement, Power, Freedom, Redemption, Sacrifice","","May 16, 2021","",Default Arrangement,,0,"",A,"",,"","",,,,,,,,,,,,
19586421,Death Was Arrested,7046448,"Death, Cross, Grace, Freedom, Mercy, Redemption","",,"",North Point Worship,78,288,"",B,"",,"","",,,,,,,,,,,,
19629796,Enough,3599479,"Awesome, broken, giving and recieving, Provision, Sufficiency, Testimony, God's Attributes, Holiness, Creation, King","",,"",Chris Tomlin,80,261,"",G,"Chorus 1

All of You is more than enough for all of me
For ev'ry thirst and ev'ry need
You satisfy me with Your love
And all I have in You is more than enough

Verse 1

You're my supply my breath of life
Still more awesome than I know
You're my reward worth living for
Still more awesome than I know
And

Verse 2

You're my sacrifice of greatest price
Still more awesome than I know
You're my coming King You are ev'rything
Still more awesome than I know

Misc 1

(Bridge)
More than all I want more than all I need
You are more than enough for me
More than all I know more than all I can say
You are more than enough",G,"","",,,,,,,,,,,,
19629818,I Love You Lord,25266,"Love for God, Offering, Praise, Adoration, Rejoice","","October 02, 2022","",Lifeway Worship,83,231,"","C, Eb","",,"","",,,,,,,,,,,,
19636968,Living Hope,7106807,"","","May 10, 2026","",Phil Wickham,72,323,"","A, D, G","    INTRO    <s>agtr, piano (egtr) intro, others out</s>
[D / / / | G2 / / / | D / / / | G2 / / / ]

    VERSE 1    <s>agtr, piano (egtr), bgv out</s>
[D / / / | Asus / / / | G / Bm7 / | Asus / / / ]
How great the chasm that lay between us
How high the mountain I could not climb

[D / / / | Asus / / / | G / Asus / | D / / / ]
In desperation I turned to heaven
And spoke Your name into the night

[G2 / / / | D / / / | Bm7 / / / | Asus / / /]
Then through the darkness Your loving-kindness
Tore through the shadows of my soul

[D / / / | Asus / / / | G / Asus / | D / / / | G2 / / /]
The work is finished the end is written
Jesus Christ my living hope

    VERSE 2   <s>add bass, kick on 1,2 only (or chord change)</s>
[D / / / | Asus / / / | G / Bm7 | Asus / / / ]
Who could imagine so great a mercy
What heart could fathom such boundless grace

[D / / / | Asus / / / | G / Asus | D / / / ]
The God of ages stepped down from glory
To wear my sin and bear my shame

[G2 / / / | D / / / | Bm7 / / / | Asus / / /    <s>drums slightly bigger</s>]
The cross has spoken I am forgiven
The King of kings calls me His own

[D / / / | Asus / / / | G / Asus / | D / / / ]
Beautiful Savior I’m Yours forever
Jesus Christ my living hope

    CHORUS 1A    <s>BIGGER, bgv harmony</s>
[G2 / D / | A / Bm7 / | G2 / D / | A / Bm7 / ]
Hallelujah praise the One who set me free
Hallelujah death has lost its grip on me

[G2 / D / | A / Bm7 / | G2 / A / | D / / / | D / / / ]
You have broken every chain, There’s salvation in Your name
Jesus Christ my living hope
COLUMN_BREAK
    VERSE 3A    <s>DOWN, bgv, drums, bass out</s>
[D / / / | Asus / / / | G / Bm7 / | Asus / / / ]
Then came the morning that sealed the promise
Your buried body began to breathe

[D / / / | Asus / / / | G / Asus / | D / / / ]
Out of the silence the Roaring Lion
Declared the grave has no claim on me

    VERSE 3B    <s>BIG, all in, 1/4 rhythm</s>
[D / / / | Asus / / / | G / Bm7 / | Asus / / / ]
Then came the morning that sealed the promise
Your buried body began to breathe

[D / / / | Asus / / / | G / Asus / | Bm7 / D/F# / ]
Out of the silence the Roaring Lion
Declared the grave has no claim on me

[G2 / D/A A | D / / / | D / / /    <s>BUILDING, bgv harmony</s>]
Jesus Yours is the victory whoa

    CHORUS 1B    <s>BIGGEST, all in, full harmony</s>
[G2 / D / | A / Bm7 / | G2 / D / | A / Bm7 / ]
Hallelujah praise the One who set me free
Hallelujah death has lost its grip on me

[G2 / D / | A / Bm7 / | G2 / A / | D / / / ]
You have broken every chain, There’s salvation in Your name
Jesus Christ my living hope

    CHORUS 1C
[G2 / D / | A / Bm7 / | G2 / D / | A / Bm7 / ]
Hallelujah praise the One who set me free
Hallelujah death has lost its grip on me

[G2 / D / | A / Bm7 D/A ]
You have broken every chain, There’s salvation in Your name

[G2 / Asus A | Bm / D/F# / | G2 / Asus A | Bm / D/F# / ]
Jesus Christ my living hope,
Jesus Christ my living hope

[G2 / A / | D / / /]
Oh God You are my living hope",D,"","",,,,,,,,,,,,
19687869,Humble Thyself in the Sight of the Lord,,"","","November 01, 2020","",Default Arrangement,,0,"","Am, Em","",,"","",,,,,,,,,,,,
19772966,Catch Me Singing,7163015,"Faithfulness, Patience, Praise, Singing, Surrender, Trust","","August 07, 2022","",Sean Curran,66,339,"","Bb, D, G","Verse 1

You always finish what You start
You always finish what You start
What You have grown into a garden
You planted in the dark
You always finish what You start

Verse 2

Good things just take a little time
Good things just take a little time
Your hands are working in the soil
And bringing me to life
Good things just take a little time

Chorus 1

I will trust You in the famine
I will bless You in the feast
When I'm standing in Your victory
When I'm on my knees
I will praise You with the rising
And the setting sun
You're gonna catch me singing
When the springtime comes

Verse 3

This story has an empty grave
This story has an empty grave
Jesus the process is a mystery
But Your promise never fades
This story has an empty grave
We will be walking through the fire
And dancing on the waves
This story has an empty grave

Misc 1

(Bridge)
You've been God for a long time
You're the final word
You're the finish line
Everything's going to be alright
You've been God for a long time",G,"","",,,,,,,,,,,,
19826162,"Jesus, Bring Your Light",,"","","January 24, 2021","",Default Arrangement,,0,"","","",,"","",,,,,,,,,,,,
19890572,Prince Of Heaven,7095645,"Heaven, Christmas","",,"",Hillsong Worship,82,368,"",Gb,"Verse 1

Earth in shadow restlessly hold
Labours waiting in silent hope
For the promise it longs to know
What heaven holds

Verse 2

Then the angels in holy haste
Lift their anthem Your Saviour lays
In a manger in humble form
Your King is born

Chorus 1

Hail the Prince of Heaven comes
Angel choirs sound the call
For this babe wrapped in a cloth
Is the incarnate Word of God
All the kingdom and its power
Resting now in this child
Prince of Heaven
Jesus hope of the world

Verse 3

This means mercy in fullest form
Loving kindness forever more
Son of David and Son of God
He is Christ the Lord

Misc 1

(Bridge)
King of glory we gladly greet
Born in wonder and majesty
Forever worthy the earth will sing
Oh Prince of Heaven we worship Thee

Verse 4

We can know Him this Prince of Peace
In light of mercy confess our sin
Lay our burdens at Jesus' feet
And with gladness sing",Gb,"","",,,,,,,,,,,,
19890582,Light Of The World,7163734,"Adoration, Advent, Birth, Christmas, Jesus, King, Light","",,"",We the Kingdom,54,257,"",D,"Verse 1

Light of the World Treasure of Heaven
Brilliant like the stars in the wintery sky
Joy of the Father reach through the darkness
Shine across the earth send the shadows to flight


Verse 2

Light of the World from the beginning
The tragedies of time were no match for Your love
From great heights of glory You saw my story
God You entered in and became one of us

Chorus 1

Sing hallelujah
Sing hallelujah
Sing hallelujah for the things He has done
Come and adore Him
Bow down before Him
Sing hallelujah to the Light of the World

Verse 3

Light of the world crown in a manger
Born for the cross to suffer to save
High King of Heaven death is the poorer
We are the richer by the price that He paid

Verse 4

Light of the World soon will be coming
With fire in His eyes He will ransom His own
Through clouds He will lead us straight into glory
And there He shall reign forevermore forevermore",D,"","",,,,,,,,,,,,
19894244,We Three Kings,7161654,"Advent, Birth, Christmas, Honor, Jesus, Offering, Reverence, Searching","","December 13, 2020","",Tommee Profitt,61.5,257,"","","",,"","",,,,,,,,,,,,
19909477,Mary Did You Know,839225,"Mary Did You Know?, , Advent","","December 14, 2025","",Travis Cottrell,90,255,"","Am, Bb, Bbm, Bm, Dm","Verse 1

Mary did you know
That your baby boy
Would one day walk on water
Mary did you know
That your baby boy
Would save our sons and daughters
Did you know
That your baby boy
Has come to make you new
This Child that you delivered
Will soon deliver you

Verse 2

Mary did you know
That your baby boy
Would give sight to the blind man
Mary did you know
That your baby boy
Would calm a storm with His hand
Did you know
That your baby boy
Has walked where angels trod
And when you kiss your little baby
You've kissed the face of God
Oh Mary did you know

Misc 1

Ooh Mary did you know ooh ooh

Misc 2

The blind will see
The deaf will hear
The dead will live again
The lame will leap
The dumb will speak
The praises of the Lamb

Verse 3

Oh Mary did you know
That your baby boy
Is Lord of all creation
Mary did you know
That your baby boy
Will one day rule the nations
Did you know
That your baby boy
Is heaven's perfect Lamb
And the sleeping Child you're holding
Is the great I Am
Oh Mary oh",Bb,"","",,,,,,,,,,,,
19909479,Blessed Assurance,7011451,"","","August 06, 2023","",Alan Jackson,68.5,441,"","C, Eb, G","",C,"","",,,,,,,,,,,,
19929258,From the Squalor of a Borrowed Stable,,"","","December 04, 2022","",Default,,0,"",D,"D
 From the squalor of a borrowed stable,
Bm                  Em7 D/G   A7sus
 by the spirit and a virgin's faith;
D
 to the anguish and the shame of scandal
Bm              	A7sus D
 came the Saviour of the human race!
					 D/F#  G
But the skies were filled with the praise of heav'n,
          D		Asus               
Shepherds listen as the angels tell 
D        		 D/F# G         D          
Of the Gift of God come down to man 
A7sus D
At the dawning of Immanuel

VERSE 2:
King of heaven now the Friend of sinners,
Humble servant in the Father's hands,
Filled with power and the Holy Spirit,
Filled with mercy for the broken man
Yes.  He walked my road and He felt my pain,
Joys and sorrows that I know so well;
Yet His righteous steps give me hope again -
I will follow my Immanuel!

VERSE 3:
Through the kisses of a friend's betrayal,
He was lifted on a cruel cross;
He was punished for the world's transgressions,
He was suffering to save the lost
He fights for breath, He fights for me
Loosing sinners from the claims of hell;
And with a shout our souls are free -
Death defeated by Immanuel!

VERSE 4:
Now He's standing in the place of honour,
Crowned with glory on the highest throne,
Interceding for His own beloved
Till His Father calls us to bring him home!
Then the skies will part as the trumpet sounds
Hope of heaven or the fear of hell;
But the Bride will run to her Lover's arms,
Giving glory to Immanuel!

ENDING:
Then the skies will part as the trumpet sounds
Hope of heaven or the fear of hell;
But the Bride will run to her Lover's arms,
Giving glory to Immanuel!
",D,"","",,,,,,,,,,,,
19982227,Spirit Move,7054191,"Holy Spirit, Presence, Blessing, Worship","","January 03, 2021","",Default Arrangement,,0,"",Bb,"",,"","",,,,,,,,,,,,
20018887,Take My Life (Scott Underwood),1617154,"Invitation, Life Of Jesus, Surrender, Transformation, Jesus, Holiness, Dedication, Sacrifice","","January 10, 2021","",Default Arrangement,,0,"",G,"",,"","",,,,,,,,,,,,
20018888,Spirit Of God,7059310,"Holy Spirit, Prayer, Presence","","January 10, 2021","",Default Arrangement,,0,"",D,"",,"","",,,,,,,,,,,,
20050240,Oh The Cross,7145996,"","",,"",Worship Together,152,0,Romans 5:8; Colossians 1:20; 1 Peter 2:24,G: G,"Intro
[| Cmaj7 / | Cmaj7 G | A2 / | A2 G/B |]
[| Cmaj7 / | Cmaj7 G | A2 / | A2 G/B |]

Verse 1
[Cmaj7] You carried the cr[Cmaj7]oss 
Up[G]on Your [A2]back
Bleeding un[A2]til the [G/B]final br[Cmaj7]eath
Tears of [Cmaj7]blood, a [G]crown of [A2]thorns 
You gave it al[A2]l, our [G/B]sin You [Cmaj7]bore 
And oh[Cmaj7], [G]oh [A2]
There [A2]is no [G]greater [Am7]love, wh[Am7]oa

Chorus 1
Oh the [D]cross, what You’ve [D]done 
It was [C]more than enough, [G]more than enough 
Oh the [D]cross, what You’ve [D]done 
The [C]power of Your blood is [G]more than enough [G]

Verse 2
[Cmaj7] A sacri[Cmaj7]fice
That [G]changed histo[A2]ry 
The nails in Your [A2]hands, the [G/B]hands that saved [Cmaj7]me 
The grave was [Cmaj7]sealed but [G]death lost its [A2]sting 
When The Lion [A2]roared in [G/B]victor[Cmaj7]y 

Alt Verse 2
[Cmaj7] A sacri[Cmaj7]fice
That [G]changed histo[A2]ry 
The nails in Your [A2]hands, the [G/B]hands that saved [Cmaj7]me 
The grave was [Cmaj7]sealed but [D2(no3)]death lost its [G]sting 
When The Lion [Bm7]roared in victor[Am7]y, hey[Am7]

Chorus 2
Oh the [D]cross, what You’ve [D]done 
It was [C]more than enough, [G]more than enough 
Oh the [D]cross, what You’ve [D]done 
The [C]power of Your blood is [G]more than enough
Oh the [D]cross, what You’ve [D]done 
It was [C]more than enough, [G]more than enough 
Oh the [D]cross, what You’ve [D]done 
The [C]power of Your blood is [C]more than enough

Instrumental
[| G / |G / | Dsus / | Dsus / |]
[| Am7 / | Em7 / | C / |C / |]

Bridge
[G]Thank You for [G]breaking the bread of Your [Dsus]body 
For [Dsus]spilling the wine of Your [Am7]blood 
[Em7]Thank You, my [C]heart will sing for[C]ever 

REPEAT BRIDGE 2x

Vamp
It is [Am7]finished, it is [Am7]done [G/B]
We sing [C]hallelu[Em7]jah

REPEAT VAMP 2x

Last Vamp
It is [D/F#]finished, it is [D/F#]done [D]
We sing [C]hallelu[Am7]jah [Am7]

REPEAT CHORUS 2 2x

Final Chord
[G]",G,"","",,,,,,,,,,,,
20058581,You Are So Good To Me,2757944,"Goodness, Adoration, Friendship, God's Attributes, Worship, Jesus","","January 24, 2021","",Default Arrangement,,0,"",D,"Chorus 1

You are beautiful
My sweet sweet song
You are beautiful
My sweet sweet song
You are beautiful
My sweet sweet song
I will sing again (mm) (hey yeah)
I will sing again (hey)

Verse 1

You are so good to me
You heal my broken heart
You are my Father in heaven (2X)

Verse 2

You ride upon the clouds
You lead me to the truth
You are the Spirit inside me (2X)

Misc 1

(Bridge)
You are my strong melody
You are my dancing rhythm
You are my perfect rhyme
And I want to sing forever

Verse 3

You poured out all Your blood
You died upon the cross
You are my Jesus who loves me (2X)

Misc 2

(Ending)
You are my Father in heaven
You are the Spirit inside me
You are my Jesus who loves me",D,"","",,,,,,,,,,,,
20071841,Promises,7149439,"Blessing, Faithfulness, Goodness, Praise","",,"",Worship Together,57,0,Matthew 7:24-27; Psalm 113:3; 2 Thessalonians 3:3,"A: A, G","Intro
[| Gm / Eb / | Bb / Fsus / | Gm / Eb / | Bb / Fsus / |]

Verse 1
[Gm]  God of Abra[Eb]ham, 
God of cove[Bb]nant and of faithful promi[F]ses
[Gm]  Time and time a[Eb]gain 
You have pro[Bb]ven You’ll do just what you [F]said

Pre-Chorus
Though the [Gm]storms may come and the [Eb]winds may blow 
I’ll [Bb]remain stead[F]fast
And let [Gm]my heart learn when 
You [Eb]speak a word it will [Bb]come to [F]pass

Chorus
[Gm]Great is Your [F/D]faithful[Eb]ness to [Bb]me
[Gm]Great is Your [F/D]faithful[Eb]ness to [Bb]me
From the [Gm]rising sun, to the [F]setting same
I will [Eb]praise Your [Bb]name
[Gm]Great is Your [F]faithful[Eb]ness to [Bb]me

Turn
[| Gm / Eb / | Bb / Fsus / | Gm / Eb / | Bb / Fsus / |]

Verse 2
[Gm]   God from age to [Eb]age,
Though the earth may pass [Bb]away, 
Your word remains the [F]same
[Gm]   Your history can [Eb]prove there’s nothing You can’t [Bb]do, 
You’re faithful [F]and True
COLUMN_BREAK
REPEAT PRE-CHORUS
REPEAT CHORUS 

Interlude (Worship Freely)
[| Eb / Bb / | Gm / Fsus / | Eb / Bb / | Gm / Fsus /  |]
[| Eb / Bb / | Gm / Fsus / | Eb / Bb / | Gm / Fsus /  |]

Bridge
I [Eb]put my faith [Bb]in Jesus
My [Gm]anchor to the [F]ground
My [Eb]hope and firm foun[Bb]dation
He’ll [Gm]never let me [F]down

REPEAT BRIDGE X3
REPEAT CHORUS 
REPEAT BRIDGE X4
REPEAT CHORUS Freely",A,"","",,,,,,,,,,,,
20147004,Love The Lord,4572938,"how great thou art, poor, , Service, Trust, Surrender, Praise, Love","","June 30, 2024","",Lincoln Brewster,104,235,"",G,"",,"","",,,,,,,,,,,,
20147289,The Commission,7146623,"","",,"",Default Arrangement,,0,"",D,"Verse 1

See my hands look at my feet
It’s okay if it’s hard to believe
I have faith you will do greater things
It’s my time to go but before I leave

Chorus 1

Go tell the world about me
I was dead but now I live
I’ve gotta go now for a little while
But goodbye is not the (end)

Verse 2

Don’t forget the things that I taught you
I conquered death and I hold the keys
Where I go you will go too someday
There’s much to do here before you leave

Misc 1

(Bridge)
End of the journey the end of the road
My spirit is with you wherever you go
You have a purpose and I have a plan
I’ll make you this promise
I’ll come back again but until then

Chorus 2

Go tell the world about me
I was dead but now I live
I’ve gotta go now for a little while
But goodbye is not the end
(Go tell the world) Go tell them about me
(Go tell the world) I’ve gotta go
Go tell the world) For a little while
But goodbye is not the end",D,"","",,,,,,,,,,,,
20155403,Yet Not I But Through Christ In Me,7121852,"","","February 26, 2023","",The Worship Initiative,73,351,"","A, Ab, B","Verse 1

What gift of grace is Jesus my redeemer
There is no more for heaven now to give
He is my joy my righteousness and freedom
My steadfast love my deep and boundless peace

To this I hold my hope is only Jesus
For my life is wholly bound to his
Oh how strange and divine I can sing all is mine
Yet not I but through Christ in me

Verse 2

The night is dark but I am not forsaken
For by my side the Saviour he will stay
I labour on in weakness and rejoicing
For in my need his power is displayed

To this I hold my Shepherd will defend me
Through the deepest valley he will lead
Oh the night has been won and I shall overcome
Yet not I but through Christ in me

Verse 3

No fate I dread I know I am forgiven
The future sure the price it has been paid
For Jesus bled and suffered for my pardon
And he was raised to overthrow the grave

To this I hold my sin has been defeated
Jesus now and ever is my plea
Oh the chains are released I can sing I am free
Yet not I but through Christ in me

Verse 4

With every breath I long to follow Jesus
For he has said that he will bring me home
And day by day I know he will renew me
Until I stand with joy before the throne

To this I hold my hope is only Jesus
All the glory evermore to him
When the race is complete still my lips shall repeat
Yet not I but through Christ in me

Misc 1

(Ending)
When the race is complete still my lips shall repeat
Yet not I but through Christ in me
Yet not I but through Christ in me",B,"","",,,,,,,,,,,,
20168493,Sparrows,7154034,"God's Love, Goodness, Guidance, Kindness, Peace, Trust","","August 08, 2021","",Default Arrangement,,0,"","D, G","Verse 1

The sparrow’s not worried ‘bout tomorrow
Or the troubles to come
The lily’s not thinking ‘bout the seasons
The drought or the flood
The tree that’s planted by the water
Isn’t phased by the fire
So why should I be

Chorus 1

(‘Cause) You take good care of me
You take good care of me
You know what I need before I even ask a thing
You hold me in Your hands
With a kindness that never ends
I’m carried in Your love
No matter what the future brings
You take good care of me

Verse 2

The sun’s not worried ‘bout the winter
‘Cause soon it will pass
The light’s not thinking ‘bout the darkness
Or the shadow it casts
A heart that’s planted in forgiveness
Doesn’t dwell in the past
So why should I be

Misc 1

(Bridge)
I know there must be more
But I can’t get past Your kindness
I know there’s got to be more
But I can’t get past Your goodness",G,"","",,,,,,,,,,,,
20254748,More Like Jesus,7105732,"","","March 07, 2021","",Passion,72,338,"",Bb,"",,"","",,,,,,,,,,,,
20296116,Mercies (New Every Morning),7133642,"Faithfulness, Goodness, Mercy, Praise, Singing","",,"",Mercies(New Every Morning),,0,"",G,"",,"","",,,,,,,,,,,,
20379277,Goodness Of God,7117726,"","","July 26, 2026","",Bethel Music,63,303,"","A, Ab, B, C, D, E, G","Verse 1

I love You Lord
Oh Your mercy never fails me
All my days
I've been held in Your hands
From the moment that I wake up
Until I lay my head
I will sing of the goodness of God

Chorus 1

All my life You have been faithful
All my life You have been so so good
With every breath that I am able
I will sing of the goodness of God

Verse 2

I love Your voice
You have led me through the fire
In darkest night
You are close like no other
I've known You as a father
I've known You as a friend
I have lived in the goodness of God

Misc 1

(Bridge)
Your goodness is running after
It’s running after me
Your goodness is running after
It’s running after me
With my life laid down
I’m surrendered now
I give You everything
Your goodness is running after
It's running after me",B,"","",Worship Together,63,0,Psalm 40:9-11; Exodus 33:19; Psalm 146:2,"Ab: Ab, B, Bb, C, D, F, G","Intro
[| Ab / / Db | Ab / / / | Ab / / Db | Ab / / / |]

Verse 1
I love You [Ab]Lord
Oh Your [Db]mercy never [Ab]fails me
[Eb/G]All my [Fm]days
I've been [Db]held in Your [Eb]hands
From the moment that I [Fm]wake up [Db]
Until I lay [Ab]my [Eb/G]head  [Fm]
I will [Db]sing of the g[Eb]oodness of [Ab]God

Chorus 1
[Db]   All my life You have been [Ab]faithful
[Db]   All my life You have been [Ab]so, so [Eb]good
[Db]   With every breath that I am [Ab]able [Eb/G] [Fm]
I will [Db]sing of the g[Eb]oodness of [Ab]God

Verse 2
I love Your [Ab]voice
You have [Db]led me through the [Ab]fire
In [Eb/G]darkest [Fm]nights
You are [Db]close like no [Eb]other
I've known You as a [Fm]father [Db]
I've known You as a [Ab]friend [Eb/G] [Fm]
I have [Db]lived in the [Eb]goodness of [Ab]God

REPEAT CHORUS

Bridge
[Ab/C]   Your goodness is [Db]running after
   It’s [Eb]running after [Ab]me
[Ab/C]   Your goodness is [Db]running after
   It’s [Eb]running after [Ab]me
   With my [Ab/C]life laid down I’m sur[Ab]rendered now
   I [Eb]give You every[Fm]thing
[Ab/C]   Your goodness is [Db]running after
   It’s [Eb]running after [Ab]me

REPEAT BRIDGE

Interlude
[| Ab / / Db | Ab / / / |]

REPEAT CHORUS 1

Chorus 2
[Db]   All my life You have been [Ab]faithful
[Db]   All my life You have been [Ab]so, so [Eb]good
[Db]   With every breath that I am [Ab]able [Eb/G] [Fm]
I will [Db]sing of the g[Eb]oodness of [Fm]God

Tag
I will [Db]sing of the g[Eb]oodness of [Ab]God",Ab,"","",,,,,,
20433479,Graves Into Gardens,7138219,"","","July 19, 2026","",Default Arrangement,,0,"","A, B, D, E, G","Verse 1

I searched the world but it couldn't fill me
Man's empty praise and treasures that fade
Are never enough
Then You came along and put me back together
And every desire is now satisfied here in Your love

Chorus 1

Oh there's nothing better than You
There's nothing better than You
Lord there's nothing
Nothing is better than You

Verse 2

I'm not afraid to show You my weakness
My failures and flaws
Lord You've seen them all
And You still call me friend
'Cause the God of the mountain
Is the God of the valley
And there's not a place
Your mercy and grace won't find me again

Misc 1

(Bridge)
You turn mourning to dancing
You give beauty for ashes
You turn shame into glory
You're the only one who can

Misc 2

(Bridge)
You turn graves into gardens
You turn bones into armies
You turn seas into highways
You're the only one who can",E,"","",Elevation Worship,70,451,"","A, G","Verse 1

I searched the world but it couldn't fill me
Man's empty praise and treasures that fade
Are never enough
Then You came along and put me back together
And every desire is now satisfied here in Your love

Chorus 1

Oh there's nothing better than You
There's nothing better than You
Lord there's nothing
Nothing is better than You

Verse 2

I'm not afraid to show You my weakness
My failures and flaws
Lord You've seen them all
And You still call me friend
'Cause the God of the mountain
Is the God of the valley
And there's not a place
Your mercy and grace won't find me again

Misc 1

(Bridge)
You turn mourning to dancing
You give beauty for ashes
You turn shame into glory
You're the only one who can

Misc 2

(Bridge)
You turn graves into gardens
You turn bones into armies
You turn seas into highways
You're the only one who can",A,"","",,,,,,
20471671,Open Up The Heavens,6304702,"","","March 15, 2026","",Meredith Andrews,100,234,"","Bb, D, E","Verse 1

We've waited for this day
We're gathered in Your Name
Calling out to You
Your glory like a fire awakening desire
Will burn our hearts with truth

Misc 1

(Pre-Chorus)
You're the reason we're here
You're the reason we're singing

Chorus 1

Open up the heavens we want to see You
Open up the floodgates a mighty river
Flowing from Your heart
Filling every part of our praise

Misc 2

(Interlude)
Oo oo oo oo oo

Verse 2

Your presence in this place Your glory on our face
We're looking to the sky
Descending like a cloud You're standing with us now
Lord unveil our eyes

Misc 3

(Bridge)
Show us show us Your glory
Show us show us Your power
Show us show us Your glory Lord

Misc 4

(Ending)
Oo oo oo oo",Bb,"","",,,,,,,,,,,,
20472063,O Praise The Name (Anástasis),7037787,Easter,"","April 18, 2021","",Hillsong Worship,72.5,321,"",C,"Verse 1

I cast my mind to Calvary
Where Jesus bled and died for me
I see His wounds His hands His feet
My Saviour on that cursed tree

Verse 2

His body bound and drenched in tears
They laid Him down in Joseph's tomb
The entrance sealed by heavy stone
Messiah still and all alone

Chorus 1

O praise the Name of the Lord our God
O praise His Name forevermore
For endless days we will sing Your praise
Oh Lord oh Lord our God

Verse 3

Then on the third at break of dawn
The Son of heaven rose again
O trampled death where is your sting
The angels roar for Christ the King

Verse 4

He shall return in robes of white
The blazing sun shall pierce the night
And I will rise among the saints
My gaze transfixed on Jesus' face",G,"","",,,,,,,,,,,,
20496334,Sinking Deep,6605236,Unknown,"","May 28, 2023","",Hillsong Young & Free,70,253,"","A, B, C, G","Verse 1

Standing here in Your presence
In a grace so relentless
I am won by perfect love
Wrapped within the arms of heaven
In a peace that lasts forever
Sinking deep in mercy's sea

Chorus 1

I'm wide awake drawing close
Stirred by grace and all my heart is Yours
All fear removed
I breathe You in I lean into Your love
Oh Your love

Verse 2

When I'm lost You pursue me
Lift my head to see Your glory
Lord of all so beautiful
Here in You I find shelter
Captivated by the splendour of Your face
My secret place

Misc 1

(Bridge)
Your love so deep is washing over me
Your face is all I seek You are my ev'rything
Jesus Christ You are my one desire
Lord hear my only cry to know You all my life
(REPEAT)",G,"","",The Worship Initiative,70,291,"","Bb, C","",,"","",,,,,,
20530284,Amen,7121093,"Believe, Declaration, Gospel, Redeemer, Savior, Truth","",,"",Worship Together,73.5,0,Isaiah 35:1-7,D: D,"Intro
[| D / / / | G / / / | D/F# / / / | G / / / |]
[| Bm7 / / /  |Asus / / / | D/F# / / / | G / / / |]

Verse 1
[D] I believe that [G2]Christ is my Savior
[D] All for love He [G2]plundered my heart from the [Bm7]grave
This is the [Asus]simple gospel

Verse 2
[D] I believe that [G2]Christ is Redeemer
[D] All for love He [G2]settled the payment of [Bm7]sin
This is the [Asus]simple gospel
[Bm7] It will [A(add4)]never ever [G2]change

Chorus
Let the church say a[D]men
Let the church say a[G2]men
Death is de[D]feated
Jesus is [A]risen
This is our [Bm7]faith
The good news of [G2]grace
O let the [D/F#]church [A]say ame[D]n  [G]

Verse 3
[D] I believe that [G2]Christ is returning
[D] Evermore His [G2]Spirit is living in [Bm7]me
This is the [Asus]simple gospel
[Bm7] It will [A(add4)]never ever [G2]change

REPEAT CHORUS

Bridge
The [Bm7]lost will come home, the [G2]bound will go free
The [D]weak will be strong, the [A(add4)]broken redeemed
The [Bm7]sick will be well, the [G2]hungry will feast
The [D]mourning will dance, the [A(add4)]blinded will see
The [Bm7]church will arise with [G2]power and love
Our [D/F#]cities will know the [A(add4)]glory of God
The [Bm7]future is bright, there’s [G2]nothing to fear
Re[D/F#]vival is now, the [A(add4)]Kingdom is here [A(add4)]

REPEAT CHORUS

Final Chorus
Let the church say a[D]men
Let the church say a[G2]men
Death is de[D]feated
Jesus is [A]risen
This is our [Bm7]faith
The good news of [G2]grace
O let the [D/F#]church [A]say ame[Bm7]n
[G2]O let the [D/F#]church [A]say ame[D]n",D,"","",,,,,,,,,,,,
20563233,Great Things,7111321,"","","June 07, 2026","",Phil Wickham,102,291,"","A, B, D, G","  INTRODUCTION
<s>BIG full band, lead riff on egtr</s>
[|G / / / | / / Am7 / | Em7 / / / | / / C2 / |]
[|G / / / | / / Am7 / | Em7 / / / | / / C2 / |]

  VERSE 1
<s>LESS mostly pads & agtr, piano fills</s>
[|G /]Come let us [Gsus4 /]worship our [|G / / /]King
[|G /] Come let us [Gsus4 /]bow at His [|G / / /]feet
He has done [|Cmaj9 / / / | / / / /]great things
[|G /]See what our [Gsus4 / ]Savior has [|G / / /]done
[|G /]See how His [Gsus4 /]love over[|G / / /]comes
He has done[|Cmaj9 / / / | / / / /] great things
He has done [|Em7 / / /]great things [|Dadd4 / / /]

  CHORUS 1A <s>BIG all in, 1/4 groove</s>
O [|G / / / | / / / /]Hero of Heaven You conquered the grave
You [|Em7 / / / | / / / /]free every captive and break every chain
O [|C / / / | / / / /]God You have done great things
We [|G / / / | / / G/A G/B]dance in Your freedom awake and alive
O [|Em7 / / / | / / / /]Jesus our Savior Your name lifted high
O[|C / / / | / / / /] God You have done great things

  INTERLUDE 1A
<s>BIG lead riff on egtr and/or keys </s>
[|G / / / | / / Am7 / | Em7 / / / | / / C2 / |]
COLUMN_BREAK
  VERSE 2
<s>LESS but a little more bass, egtr fills</s>
You’ve been [||G / ]faithful through [Gsus4 / ]every [|G / / /]storm
You’ll be[|G /] faithful for[Gsus4 /]ever[|G / / /]more
You have done [|Cmaj9 / / / | / / / /]great things
And I [|G /]know You will [Gsus4 /]do it a[|G / / /]gain
For Your [|G /]promise is [Gsus4 /]yes and a[|G / / /]men
You will do [|Cmaj9 / / / | / / / /]great things
God You do [|Em7 / / /]great things [|Dadd4 / / /]

  CHORUS 1B <s>BIG All in, 1/4 groove</s>
O [|G / / / | / / / /]Hero of Heaven You conquered the grave
You [|Em7 / / / | / / / /]free every captive and break every chain
O [|C / / / | / / / /]God You have done great things
We [|G / / / | / /  G/A G/B]dance in Your freedom awake and alive
O [|Em7 / / / | / / / /]Jesus our Savior Your name lifted high
O[|C / / / | / / / /] God You have done great things
  
  PREBRIDGE  <s>fill on egtr or keys </s>
[|G / / / | / / / / ]
COLUMN_BREAK
  BRIDGE <s>LESS but full drums, egtr fills </s>
[|C2 / / /]Hallelujah [|Dadd4 / / /]God above it all
[|Em7 / / /]Hallelujah [|Gmaj7/B / / /]God unshakable
[|C2 / / /]Hallelujah [|Dadd4 / / /]You have done great things

[Em7 / / / | G/B / / /]

[<s>BUILDING, 1/4 groove</s>]
[|C2 / / /]Hallelujah [|Dadd4 / / /]God above it all
[|Em7 / / /]Hallelujah [|Gmaj7/B / / /]God unshakable

[<s>BIG 1/16th groove</s>]
[|C2 / / /]Hallelujah [|Dadd4 / / /]You have done great things

[Em7 / / /]  You've done great [|D/F# / / /] things

  CHORUS 1B <s>BREAKDOWN</s>
O [|G / / / | / / / /]Hero of Heaven You conquered the grave
You [|Em7 / / / | / / / /]free every captive and break every chain
O [|C <s>BUILDING</s>/ / / | / / / /]God You have done great things
We [|G <s>BIG</s>/ / / | / / / /]dance in Your freedom awake and alive
O [|Em7 / / / | / / / /]Jesus our Savior Your name lifted high
O[|C / / / | / / / /] God You have done great things

  ENDING
[|Dadd4 / / /]   You have done [|Em7 / / /]great things
[|Dadd4 / / /]   O God You do [|C / / /]great things

 OUTRO  <s>BIG, lead riff on egtr and/or keys </s>
[|G / / / | / / Am7 / | Em7 / / / | / / C2 / |]
[|G / / / | / / Am7 / | Em7 / / / | / / C2 / |]
[|G . . .]",G,"","",,,,,,,,,,,,
20563345,Here Again,7111925,"","","April 26, 2026","",Elevation Worship,68,411,"","B, C","Verse 1

Can't go back to the beginning
Can't control what tomorrow will bring
But I know here in the middle
Is the place where you promise to be

Chorus 1

I'm not enough unless you come
Will you meet me here again
'Cause all I want is all you are
Will you meet me here again

Verse 2

As I walk now through the valley
Let your love rise above every fear
Like the sun shaping the shadow
In my weakness your glory appears

Misc 1

(Bridge)
Not for a minute was I forsaken
The Lord is in this place
The Lord is in this place
Come Holy Spirit dry bones awaken
The Lord is in this place
The Lord is in this place",C,"","",Elevation Worship,68,411,"","C, D","",,"","",,,,,,
20563381,Set A Fire,5911299,"Proclamation, God's Love","","February 11, 2024","",Jesus Culture,70,265,"","B, C","Verse 1

No place I would rather be
No place I would rather be
No place I would rather be
Than here in Your love
Here in Your love
(REPEAT)

Chorus 1

(So) set a fire down in my soul
That I can't contain and I can't control
I want more of You God
I want more of You God
(REPEAT)",C,"","",,,,,,,,,,,,
20628715,God So Loved,7138599,"God's Love, Goodness, Invitation, Love, Mercy, Praise, Surrender","","August 16, 2026","",We the Kingdom,100,266,"","A, Bb, F, G","Arrangement follows YouTube ""We The Kingdom - God So Loved (Acoustic)""
Version of 2024-01-27

  INTRO <s>all in</s>
[| Bb / / / | Bb / / Eb/Bb | Bb / / / | Bb / / Eb/Bb|]

  VERSE 1
<s>lead vox, kick, bass, agtr.</s>
[Bb]Come all you weary, [Bb]come all you thirsty
[Bb]Come to the well that [Bb]never runs dry
[Fsus]Drink of the Water, [Eb]come and thirst no more

[|Bb Bbsus Bb Bbsus | Bb Bbsus Bb Bbsus |]

  VERSE 2 <s>add low vox harmony, percussion</s>
[Bb]Come all you sinners, [Bb]come find His mercy
[Bb]Come to the table, He [Bb]will satisfy
[Fsus]Taste of His goodness,
[Eb]Find what you're looking for

[| Bb Bbsus Bb Bbsus | Bb Bbsus Bb / |]

  CHORUS 1A <s>BIG add up vox harmony, all in</s>
For [Bb]God so loved the [Bb]world that He gave us
His [Bb]one and only [Bb]Son to save us
Who[F]ever believes in H[Eb]im will live forever

[| Bb Bbsus Bb Bbsus | Bb Bbsus Bb / |]

  INSTRUMENTAL 1
[| Bb / / / | Bb / / / | Bb / / / | Bb / / / ||]
COLUMN_BREAK
  VERSE 3
<s>LESS full vox harmony, lead fills</s>
[Bb]Bring all your failures, [Bb]bring your addictions 
[Bb]Come lay them down at the [Bb]foot of the cross
[Fsus]Jesus is waiting th[Eb]ere with open arms

<s>BUILDING</s>
[| Bb Bbsus Bb]                     S[Bbsus]ee his [ | Bb Bbsus Bb / |] open arms.

  CHORUS 2A <s>BIG</s>
For [Bb]God so loved the [Bb]world that He gave us
His [Bb]one and only [Bb]Son to save us
Who[F]ever believes in H[Eb]im will live forever

[| Bb Bbsus Bb Bbsus | Bb Bbsus Bb / |]

The [Bb]power of Hell for[Bb]ever defeated 
Now [Bb]it is well, I'm [Bb]walking in freedom
For [F]God so loved, [Eb]God so loved the world

[| Bb Bbsus Bb Bbsus | Bb Bbsus Bb / |]
COLUMN_BREAK
  BRIDGE 1A
<s>BREAKDOWN vox melody, no bass, no drums</s>
Praise [Bb/D]God, praise [Eb]God
From [Bb/F]whom all blessings fl[Fsus]ow      [F]
Praise [Bb/D]Him, praise [Eb]Him
For the [Bb/F]wonders of His l[Fsus]ove      [F]

  BRIDGE 1B
<s>MEDIUM all in, add 2nd vox harmony</s>
Praise [Bb/D]God, praise [Eb]God
From [Bb/F]whom all blessings fl[Fsus]ow      [F]
<s>BUILDING full harmony</s>
Praise [Bb/D]Him, praise [Eb]Him
For the [Bb/F]wonders of His l[Fsus]ove      [F]

  TAG
His a[Fsus]mazing lov[F]e
COLUMN_BREAK
  CHORUS 3
<s>ONLY VOX full harmony, others out</s>
For [N.C.]God so loved the world that He gave us
His one and only Son to save

  CHORUS 2B <s>BIG all in</s>
For [Bb]God so loved the [Bb]world that He gave us
His [Bb]one and only [Bb]Son to save us
Who[F]ever believes in H[Eb]im will live forever

[| Bb Bbsus Bb Bbsus |Bb Bbsus Bb / |]

The [Bb]power of Hell for[Bb]ever defeated 
Now [Bb]it is well, I'm [Bb]walking in freedom
For [F]God so loved, [Eb]God so loved the world

[| Bb Bbsus Bb Bbsus | Bb Bbsus Bb / |]

  VERSE 3
<s>BREAKDOWN, ritarding
all out except full vox harmony</s>
[N.C]Bring all your failures. Bring your addictions 
Come lay them down at the foot of the cross
Jesus is waiting. God so loved the world
",Bb,"","",,,,,,,,,,,,
20657631,How Great Is Our God,4348399,", challenges, children's, community, Confidence, do not be conform, do not be conform to the world, Faith, God's Attributes, God's Word, God, you are god, hardship of being christian, How Great Is Our","","August 09, 2026","",Chris Tomlin,76,271,"","A, G","Verse 1

The splendor of the King
Clothed in majesty
Let all the earth rejoice
All the earth rejoice
He wraps Himself in light
And darkness tries to hide
And trembles at His voice
And trembles at His voice

Chorus 1

How great is our God
Sing with me
How great is our God
And all will see how great
How great is our God

Verse 2

And age to age He stands
And time is in His hands
Beginning and the End
Beginning and the End
The Godhead three in one
Father Spirit Son
The Lion and the Lamb
The Lion and the Lamb

Misc 1

(Bridge)
Name above all names
Worthy of all praise
My heart will sing
How great is our God",A,"","",,,,,,,,,,,,
20783951,Raise A Hallelujah,7119315,"","","July 05, 2026","",Bethel Music,82,465,"","A, B, Bb, C, Db, G","Verse 1

I raise a hallelujah in the presence of my enemies
I raise a hallelujah louder than the unbelief
I raise a hallelujah my weapon is a melody
I raise a hallelujah Heaven comes to fight for me

Chorus 1

I’m gonna sing in the middle of the storm
Louder and louder you’re gonna hear my praises roar
Up from the ashes hope will arise
Death is defeated the King is alive

Verse 2

I raise a hallelujah with everything inside of me
I raise a hallelujah I will watch the darkness flee
I raise a hallelujah in the middle of the mystery
I raise a hallelujah fear you lost your hold on me

Misc 1

Sing a little louder (Sing a little louder)
Sing a little louder (Sing a little louder)
Sing a little louder (Sing a little louder)
Sing a little louder (Sing a little louder)

Misc 2

Sing a little louder in the presence of my enemies
Sing a little louder louder than the unbelief
Sing a little louder my weapon is a melody
Sing a little louder Heaven comes to fight for me
(REPEAT)

Sing a little louder

Misc 3

I raise a hallelujah",G,"","",,,,,,,,,,,,
20784003,Lift My Eyes,7159776,"Faith, Help, Hope, Presence, Trust, Victory","","October 24, 2021","",Default Arrangement,,0,"","Bb, C, G","Verse 1

I never asked these questions
I never felt so broken
Oh god what do I do now
I never cried this way
I never seen such pain
Oh god what do I do now

Misc 1

(Pre-Chorus)
But even here even now

Chorus 1

I lift my eyes to heaven and remember I am loved
I lift these weary hands
And let my Father pick me up
More than answers more than healing
God Your presence is enough
I lift my eyes to heaven and remember
You're still where my help comes from

Verse 2

All my fears came true
But they're no match for You
Oh God come and hold me now
Be my Prince of peace
Share my suffering
Oh God come and hold me now

Misc 2

(Bridge)
You are near to the brokenhearted
And You are here with me
You take my sorrow inside Your hands
And turn it to victory

Verse 3

I never asked these questions
I never felt so broken
Oh God what do I do now

Misc 3

(Ending)
You're still where my help comes from
You're still where my help comes from",Bb,"","",,,,,,,,,,,,
20865538,Remembrance,7102398,"Grace, Remembrance, Salvation","","September 14, 2025","",Hillsong Worship,70,340,"","B, Bb, D, E, G"," <s>3/4 time, piano lead, pad, bass whole notes</s>
  INTRODUCTION
| B5 / B5/C# | E2(no3) / /
| G#m7 / F# | E2(no3) / /
| B5 / B5/C# | E2(no3) / /
| G#m7 / F# | B5 <s>4 beats</s> / / / ] 

  VERSE 1 <s>add egtr lead; bgv out</s>
[|B5 /] I take the [B5/C#]bread of [|E2(no 3rd) / /]life
[|G#m7 /] Broken for [F#]all my [|E2(no 3rd) / /]sin
[|B5 /] Your body [B5/C#]cruci-[|E2(no 3rd) / /]fied
[|G#m7 /]To make me [F#]whole a-[|B5 <s>4 beats</s> / / /]gain

  VERSE 2 <s>bgv double melody, drums soft</s>
[|B5 /] I will re-[B5/C#]call the [|E2(no 3rd) / /]cup
[|G#m7 /] Poured out in [F#]sacri-[|E2(no 3rd) / /]fice
[|B5 /] To trade this [B5/C#]sinner's [|E2(no 3rd) / /]end
 <s>bgv add harmony </s> 
[|G#m7 /] For Your new [F#]cove-[|B5 <s>begin 4/4 time</s> / / /]nant

<s>4/4 time; bgv continue harmony</s>
  CHORUS 1A <s>a little MORE</s>
[|B5 / / / ]        Halle-[|E2(no 3rd) / / /]lujah
[|B / / /]I'll live my life in re-[|F# / / /]membrance
[|F# / / / ]        Halle-[|E2(no 3rd) / / /]lujah
Your [|B5 / / /]promise I won't for-[|F# / / / | / / / /]get
COLUMN_BREAK
  VERSE 3 <s>3/4 time; bgv melody</s>
[|B5  /] I'll walk sal-[B5/C#]vation's [|E2(no 3rd) / /]road
[|G#m7 /] With fear and [F#]tremb-[|E2(no 3rd) / /]ling
[|B5 /]Your way borne [B5/C#]as my [|E2(no 3rd) / /]own
[|G#m7 <s>bgv harmony</s>/] As Christ is [F#]formed in
[|B5 <s>4/4 time, continue measure in chorus</s>]me

  CHORUS 1B <s>BIGGER, 4/4 time</s>
[ (|B5) / / / ]           Halle-[|E2(no 3rd) / / /]lujah
[|B / / /]I'll live my life in re-[|F# / / /]membrance
[|F# / / / ]        Halle-[|E2(no 3rd) / / /]lujah
Your [|B5 / / /]promise I won't for-[|F# / / / | / / / /]get

  CHORUS 2
If [|E / / /]ever I should lose my way
If [|F# / / /]ever I deny Your grace
Remind [|G#m / /]me of the price [B/D#]You [|E / / /]paid
Halle-[|C#m9 <S>BREAKDOWN</s>/ / /]lujah
I'll [|F# / / /]live in
remembr[|B <s> continue measure in instrumental</s>]ance
COLUMN_BREAK
  INSTRUMENTAL <s>LESS but all in, lead riff</s>
[(|B) / / / | F# / / / | G#m / / / | E / / /]
[ B / / / | F# / / / | G#m / / / | E / / /]

 <s>bgv melody; lead riff continues</s>
  BRIDGE 1A
You've been [|B / / /]so so good to me [|F# / / /]
You've been [|G#m / / /]so so good to me [|E / / /]
Oh to [|B <s>bgv harmony</s>/ / /]think where I would be [|F# / / /]
If not for [|G#m /]You, If [F# /]not for [|E / / /]You

 <s>1/4 groove, BUILDING; full harmony</s>
  BRIDGE 1B
You've been [|B / / /]so so good to me [|F# / / /]
You've been [|G#m / / /]so so good to me [|E / / /]
Oh to [|B / / /]think where I would be [|F# / / /]
If not for [|G#m /]You, If [F# /]not for [|E / / /]You

  BRIDGE 1C <s>BIG, full rhythm</s>
You've been [|B / / /]so so good to me [|F# / / /]
You've been [|G#m / / /]so so good to me [|E / / /]
Oh to [|B / / /]think where I would be [|F# / / /]
If not for [|G#m /]You, If [F# /]not for [|E / / /]You
COLUMN_BREAK
 <s>BREAKDOWN but continue harmony</s>
  CHORUS 3
As [|E / / /]far as heights reach from the depths
As [|F# / / /]far as east is from the west
So [|G#m / /]far Your grace has car-[B/D#] ried me [|E / / /]

  CHORUS 4
Un-[|E / / /]til I see You face to face
Un-[|F# / / /]til at last I've won my race
Re-[|G#m / /]mind me You're not fin-[B/D#] ished yet [|E / / /]

  TAG
Halle-[|C#m7 / / /]lujah [|F# / / /]
Halle-[|C#m7 / / /]lujah  [|F# / / /]
Halle-[|C#m7 / / /]lujah I'll [|F# / / /]live in remem-[|B ...]brance",B,"","",,,,,,,,,,,,
20889897,Hallelujah For The Cross,7107551,"","","July 25, 2021","",Worship Together,75,0,"John 8:36, Galatians 5:1, Romans 8:1-4","C, D: D","Intro
[| D / / / | G/D / / / | D / / / | G/D / / / |] 2X

Verse 1
I would be [D]hopeless
Without Your [G/D]goodness
I would be [D]desperate
Without Your love [G/D]
Slave to the [Bm]darkness
If it [G]wasn’t for the [D]cross  [G/D]

Verse 2
You have [D]won me
With Your [G/D]kindness
Chased me [D]down
I was [G/D]lost
Where would I [Bm]be
If it [G]wasn’t for the [D]cross

Chorus 
Halle[Bm]lujah [G2]
Thank You, [D]Jesus [A]
I was a [Bm]prisoner, [G2]now I’m not [D]   [A]
With Your [Bm]blood, You [G2] bought my [D]freedom [A]
Halle[Bm]lujah [G2]for the [D]cross

Instrumental
[| D / / / | G/D / / / | D / / / | G/D / / / |]

Verse 3
All my shame[D] was
Met with [G/D]mercy
Now Your [D]mercy
Will be my [G/D]song
And oh, the [Bm]glory
Oh, the [G]power of the [D]cross

REPEAT Chorus

Bridge 2X
[Bm]  By Your stripes, I’m healed
[G]  By Your death, I live
[D] The power of sin is over[A]come
It is finished, it is [Bm]done

Chorus 2X

Outro
[| Bm / G / | D / A / |]

Ending (Down Chorus)
Halle[Bm]lujah [G2]
Thank You, [D]Jesus [A]
I was a [Bm]prisoner, [G2]now I’m not [D]   [A]
With Your [Bm]blood, You [G2] bought my [D]freedom [A]
Halle[Bm]lujah [G2]for the [D]cross",D,"","",,,,,,,,,,,,
20999870,My Jesus,7174531,"God's Love, Healing, Jesus, Redeemer, Savior","",,"",Worship Together,76,0,John 8:12; Matthew 11:28-30; Isaiah 43:19,Gb: Gb,"Intro
[| Gb / / / |]

Verse 1
Are you [Gb]past the point of weary?
Is your [Ebm7]burden weighing heavy?
Is it [Db]all too much to carry?
[Cb2]Let me tell you ‘bout my Jesus
Do you [Gb]feel that empty feeling
‘Cause [Ebm7]shame’s done all its stealing
And you’re [Db]desperate for some healing? 
[Cb2]Let me tell you ‘bout my Jesus  [Cb2]

Chorus
He [Gb]makes a way where there ain’t no way 
[Ebm7]Rises up from an empty grave
[Db]Ain’t no sinner that He can’t save
[Cb2]Let me tell you ‘bout my Jesus
His [Gb]love is strong and His grace is free 
And the [Ebm7]good news is I know that He 
Can [Db]do for you what He’s done for me 
[Cb2]Let me tell you ‘bout my Jesus
And [Cb2]let my Jesus change your life
[Gb] Hallelujah, [Ebm7] hallelujah
[Db] Hallelujah, a[Cb2]men, amen

Verse 2
Who can [Gb]wipe away the tears
From broken [Ebm7]dreams and wasted years 
And tell the [Db]past to disappear?
[Cb2]Let me tell you ‘bout my Jesus
And all the [Gb]wrong turns that you would 
Go and un[Ebm7]do if you could
Who can [Db]work it all for your good?
[Cb2]Let me tell you ‘bout my Jesus

REPEAT CHORUS

Tag 
A[Cb2]men

Verse 3
Who would [Gb]take my cross to Calvary?
Pay the [Ebm7]price for all my guilty?
Who would [Db]care that much about me? [Gb/Bb]
[Cb]Let me tell you ‘bout my Jesus, [Cbm6]oh

Breakdown Chorus
He [N.C.]makes a way where there ain’t no way 
[N.C.]Rises up from an empty grave
[N.C.]Ain’t no sinner that He can’t save
[N.C.]Let me tell you [Cb2]‘bout my Jesus
His [Gb]love is strong and His grace is free 
And the [Ebm7]good news is I know that He 
Can [Db]do for you what He’s done for me 
[Cb2]Let me tell you ‘bout my Jesus
And [Cb2]let my Jesus change your life
[Gb] Hallelujah, [Ebm7] hallelujah
[Db] Hallelujah, a[Cb2]men, amen

Tag
[Gb] Hallelujah, [Ebm7] hallelujah
[Db] Hallelujah, and [Cb2]let my Jesus change your li[N.C.]fe",Gb,"","",,,,,,,,,,,,
21069302,Speak To The Mountains,7147789,"","",,"",Worship Together,140,0,Isaiah 43:1-4; Hebrews 12:27,"Ab: Ab, G","Intro
[| Ab / | Ab Db / Ab | Ab / | Ab Db / Ab |]
[| Gb / | Db / | Ab / | Ab Db / Ab |]

Verse 1
[Ab]Why would I worry
When [Db/Ab]giants come calling my [Ab]name?  [Ab]
[Gb]My God is so much [Db]bigger than troubles I [Ab]face [Db/Ab]
[Ab]Why would I hunger
For [Db/Ab]power or riches or [Ab]fame?  [Ab]
[Gb]My God is so much [Db]better than all of these [Ab]things  [Ab]

Chorus 1
I won’t be [Fm]shaken  [Db]
I won’t be [Ab]moved  [Eb/G]
My God is [Fm]faithful  [Db]
His promise is [Ebsus]true  [Eb]
So I speak to the [Fm]mountains  [Db]
“Oh, it’s time to [Ab]move  [Eb/G]  [Fm] 
My [Eb]God is [Bbm7]bigger, [Ab/C]better, [Db2]stronger
[Eb]Greater than [Ab]you”  [Ab]

Verse 2
My enemies [Ab]scatter
'Cause [Db/Ab]they know the battle is [Ab]done  [Ab]
[Gb]My God is [Db]stronger, the victory’s already [Ab]won  [Ab]
[Db/Ab]Yeah, He died for my [Ab]ransom
And [Db/Ab]rose up on the third [Ab]day  [Ab]
Oh, ’cause [Gb]my God is greater than [Db]death
Hell and the [Ab]grave  [Ab]

Chorus 2
I won’t be [Fm]shaken  [Db]
I won’t be [Ab]moved  [Eb/G]
My God is [Fm]faithful  [Db]
His promise is [Ebsus]true  [Eb]
So I speak to the [Fm]mountains  [Db]
“Oh, it’s time to [Ab]move  [Eb/G]  [Fm] 
My [Eb]God is [Bbm7]bigger, [Ab/C]better, [Db2]stronger
[Eb]Greater than [Bbm7]you”  [Ab/C]  [Db2]  [Ebsus]

Bridge
[Bbm7] There’s no [Ab/C]mountain too [Db2]high
No [Ebsus]valley too low
[Bbm7] There’s no [Ab/C]fear that I [Db2]have
He doesn’t [Ebsus]already know
[Bbm7] There’s no [Ab/C]problem too [Db2]big
There’s no [Ebsus]weapon too strong
[Bbm7] There is [Ab/C]nothing for [Db2]God
That’s im[Ebsus]possible

REPEAT BRIDGE

Turnaround
[| Bbm7 Ab / C | Db |]

Chorus 3
[Ebsus]I won’t be [Fm]shaken  [Db]
I won’t be [Ab]moved  [Eb/G]
My God is [Fm]faithful  [Db]
His promise is [Ebsus]true  [Eb]
So I speak to the [Fm]mountains  [Db]
“Oh, it’s time to [Ab]move  [Eb/G]  [Fm] 

Tag
'Cause [Eb]my God is [Bbm7]bigger, [Ab/C]better, [Db2]stronger, [Ebsus]greater
[Bbm7]Bigger, [Ab/C]better, [Db2]stronger, [Ebsus]greater
[Bbm7]Bigger, [Ab/C]better, [Db2]stronger, [Ebsus]greater
[Bbm7]Bigger, [Ab/C]better, [Db2]stronger, [Ebsus]greater
[Bbm7]Bigger, [Ab/C]better, [Db2]stronger, [Ebsus]greater than [Ab]you""",Ab,"","",,,,,,,,,,,,
21089335,Build My Life,7070345,"","","June 28, 2026","",Passion,70,398,"","C, D, E, G","",C,"","",,,,,,,,,,,,
21108643,Agnus Dei,626713,", agnus dei, Worship, Praise","","December 03, 2023","",Lifeway Worship,72,256,"","A, D, G","",,"","",,,,,,,,,,,,
21108719,Where I'm Standing Now,7176778,"","",,"",Phil Wickham,78,272,"",Ab,"",,"","",,,,,,,,,,,,
21148633,Here As In Heaven,7051506,"","","June 15, 2025","",Elevation Worship,69.5,497,"","A, C","Verse 1

The atmosphere is changing now
For the Spirit of the Lord is here
The evidence is all around
That the Spirit of the Lord is here

Chorus 1

Overflow in this place
Fill our hearts with your love
Your love surrounds us
You're the reason we came to encounter your love
Your love surrounds us

Misc 1

(Bridge)
Spirit of God fall fresh on us
We need your presence
Your kingdom come your will be done
Here as in heaven

Verse 2

A miracle can happen now
For the Spirit of the Lord is here
The evidence is all around
That the Spirit of the Lord is here",D,"","",,,,,,,,,,,,
21153458,Come As You Are,7017790,"","","August 16, 2026","",Crowder,67.5,294,"","C, D, G","Verse 1

Come out of sadness from wherever you've been
Come broken-hearted let rescue begin
Come find your mercy O sinner come kneel
Earth has no sorrow that Heaven can't heal
Earth has no sorrow that Heaven can't heal

Chorus 1

(So) Lay down your burdens lay down your shame
All who are broken lift up your face
O wanderer come home
You're not too far
So lay down your hurt lay down your heart
Come as you are

Verse 2

There's hope for the hopeless
And all those who've strayed
Come sit at the table come taste the grace
There's rest for the weary
Rest that endures
Earth has no sorrow that Heaven can't cure

Misc 1

(Bridge)
Come as you are
Fall in His arms
Come as you are

Verse 3

There's joy for the morning O sinner be still
Earth has no sorrow that Heaven can't heal
Earth has no sorrow that Heaven can't heal

Misc 2

(Ending)
Come as you are
Come as you are
Come as you are",C,"","",,,,,,,,,,,,
21308584,The Father's House,7135153,"","","July 12, 2026","",Cory Asbury,81,253,"","A, C, G","",,"","",Default Arrangement,,0,"","A, Bb, F, G","Verse 1

Sometimes on this journey
I get lost in my mistakes
What looks to me like weakness
Is a canvas for Your strength
My story isn't over my story's just begun
Failure won't define me
'Cause that's what my Father does
Failure won't define me
'Cause that's what my Father does

Chorus 1

Oo lay your burdens down
Oo here in the Father's house
Check your shame at the door
'Cause it ain't welcome anymore
Oo you're in the Father's house

Verse 2

Arrival's not the endgame
The journey's where You are
You never wanted perfect
You just wanted my heart
And the story isn't over
If the story isn’t good
Failure's never final
When the Father's in the room
Failure's never final
When the Father's in the room

Misc 1

(Bridge)
Prodigals come home the helpless find hope
Love is on the move
When the Father's in the room
Prison doors fling wide the dead come to life
Love is on the move
When the Father's in the room
Miracles take place the cynical find faith
Love is breaking through
When the Father's in the room
Jericho walls are quaking
Strongholds now are shaking
Love is breaking through
When the Father's in the room
Love is breaking through
When the Father's in the room",Bb,"","",,,,,,
21328039,All Along,7159657,"","",,"",Default Arrangement,,0,"",C,"Verse 1

Be still and know
That hands that formed your heart
Won't let you go
Won't let you fall apart
You never been abandoned
Stranded or left out on your own
Turn around and open your eyes
And you'll find you've never been alone

Chorus 1

All along
Even when your heart was barely
Holding on
And sorrow tried to drown your song
I heard you held you
When your fear convinced you
I was gone
My child I was with you all along

Verse 2

Be still and trust
No storm can break inside
My arms of love have carried your whole life
You've never been abandoned stranded
Or left out on your own
Turn around and open your eyes
And you'll find you've never been alone

Misc 1

(Bridge)
I want you to know that I am for you
To know that I adore you
To know that I will never let you go

Misc 2

(Ending)
I was with you all along
I was with you all along",C,"","",,,,,,,,,,,,
21349647,Holy Water,7136448,"Forgiveness, Holiness, Prayer","",,"",We the Kingdom,73,246,"",D,"Verse 1

God I'm on my knees again
God I'm begging please again
I need You
Oh I need You
Walking down these desert roads
Water for my thirsty soul
I need You
Oh I need You

Chorus 1

Your forgiveness
Is like sweet sweet honey on my lips
Like the sound of a symphony to my ears
Like holy water (on my skin)

Verse 2

Dead man walking slave to sin
I wanna know about being born again
I need You
Oh God I need You
So take me to the riverside
Take me under baptize
I need You
Oh God I need You oh

Misc 1

(Bridge)
I don't wanna abuse Your grace
God I need it ev'ry day
It's the only thing that ever really
Makes me wanna change

Misc 2

(Ending)
Yeah it’s like holy water on my skin
Oh it’s like holy water",D,"","",,,,,,,,,,,,
21349727,Fill This Place,7035223,"","",,"",Red Rocks Worship,133,341,"",E,"Verse 1

There is a Light that burns in the darkness
There is a Hope that washes the fear away
There is a Peace that settles around us
It is Your love that sets our hearts ablaze

Chorus 1

Father we're on our knees
With every heartbeat
We bring you this offering
Lord come and fill this place
Father we're crying out
Spirit we need you now
Glorious love surrounds (us)
(Lord come and fill this place)

Verse 2

There is a King that reigns in victory
There is a mercy strong enough to save
We feel it rising up from the ashes
There is a Love that overcame the grave
There is a Love that overcame the grave

Misc 1

(Interlude)
Lord come and fill this place

Misc 2

(Bridge)
And I will worship You I'll worship You
I'll worship You always

Misc 3

(Bridge)
And I will worship You I will worship You
I will worship You always",E,"","",,,,,,,,,,,,
21356804,"1,000 Names",7176517,System.String[],"",,"",Worship Together,129,0,Psalm 145:1,Bb: Bb,"Intro
[|Eb/G Gm / Bb/F | / Fsus / / | Bb2/D Bb/D / Eb2 | Eb2 / / /|]
[|Eb/G Gm / Bb/F | / Fsus / / | Bb/D / / Eb2 | Eb2 / / / |]
[|Eb/G Gm / Bb/F | / Fsus / / | Bb2/D Bb/D / Eb2 | Eb2 / / /|]
[|Eb/G Gm / Bb/F | / Fsus / / | Bb/D / / Eb2 | Eb2 / / / |]

Verse 1
I call you [Eb/G]Mak - [Gm]er  [Bb/F]  [Fsus]
You give [Bb2/D]life an [Bb/D]eterna[Eb2]l spark
I call you [Eb/G]Heal - [Gm]er  [Bb/F]  [Fsus]
You can [Bb/D]mend any broke[Eb2]n heart
I call you [Eb/G]faith - [Gm]ful [Fsus]Fath - [F]er
You [Bb2/D]finish e[Bb/D]verything Yo[Eb2]u start
My soul was [Eb/G]made [Gm]  [Bb/F]  [Fsus]
To respond [Eb2]

Chorus
I know You by a [Eb/G]thousa[Gm]nd na[Bb/F]mes  [Fsus]
And You de[Bb2/D]serve ev[Bb/D]ery singl[Eb2]e one
You’ve given me a [Eb/G]millio[Gm]n wa[Bb/F]ys  [Fsus]
To be a[Bb/D]mazed at what Yo[Eb2]u’ve done
And I am [Bbsus]lost [Bb]in [Cm7]wonder
At [Bb/D]all You [Eb2]do
I know You by a [Eb/G]thousa[Gm]nd na[Bb/F]mes  [Fsus]
And I’ll [Bb/D]sing them back [Eb2]to You

Turnaround
[| Eb/G / / Bb/F | Bb/F / / / | Bb/D / / Eb2 | Eb2 / / / |]
[| Eb/G / / Bb/F | Bb/F / / / | Bb/D / / Eb2 | Eb2 / / / |]

Verse
Your love is [Eb/G]bound[Gm]less  [Bb/F]  [Fsus]
Be[Bb2/D]yond [Bb/D]what I coul[Eb2]d dream
Your grace is [Eb/G]pa - [Gm]tient  [Bb/F]  [Fsus]
You’re [Bb/D]never giving up o[Eb2]n me
I call You [Eb/G]Bon[Gm]dage - [Bb/F]Break-[Fsus]er
Cause You’re [Bb/D]handing out the priso[Eb2]n keys
My soul was [Eb/G]made [Gm]  [Bb/F]  [Fsus]
To be free [Eb2]

REPEAT CHORUS

Turnaround
[|Eb/G Gm / Bb/F|/Fsus//|Bb2/D Bb/D / Eb2|Eb2///|]
[|Eb/G Gm / Bb/F|/Fsus//|Bb/D // Eb2|Eb2///|]


Bridge
You are [Bb]Rock of Ages, You’re the [Cm7]Great I Am
You are [Gm]King forever, the Be[Eb]ginning and the End
You are [Bb]Lord and Servant, You’re the [Cm7]Son of Man
You’re the [Gm]Lion of Judah, You’re the [Eb]Risen Lamb
You’re the [Bb]Second Adam here to [Cm7]lead us home
You are [Gm]Yahweh’s glory now re[Eb]vealed in flesh and bone
You are [Bb]Ocean-Parter: You will [Cm7]make a way
You are [Gm]Death-Defeater: You have [Eb]risen from the grave
You are [Bb]full of mercy, You are [Cm7]rich in love
You are [Gm]Jesus, Mes[F]siah, the [Eb]One True God

Final Chorus
I know You by a [Eb/G]thousand na[Fsus]mes 
And You de[Bb2/D]serve every singl[Eb2]e one
You’ve given me a [Eb/G]million wa[Fsus]ys
To be a[Bb/D]mazed at what Yo[Eb2]u’ve done
And I am [Bbsus]lost [Bb]in [Cm7]wonder
At [Bb/D]all You [Eb2]do
I know You by a [Eb/G]thousa[Gm]nd na[Bb/F]mes  [Fsus]
And I’ll [Bb/D]sing them back, [Eb2] sing them back to You

Turnaround
[|Eb/G Gm / Bb/F | / Fsus / / | Bb2/D Bb/D / Eb2 | Eb2 / / /|]
[|Eb/G Gm / Bb/F | / Fsus / / | Bb/D / / Eb2 | Eb2 / / / |]
[|Eb/G Gm / Bb/F | / Fsus / / | Bb2/D Bb/D / Eb2 | Eb2 / / /|]
[|Eb/G Gm / Bb/F | / Fsus / / | Bb/D / / Eb2 | Eb2 / / / |]

Outro
[|Bb / / Bb2 | Bb2 / / / | Bb/D / / Eb2 | Eb2 / / / |]
[|Eb/G Gm / Bb/F | / Fsus / / | Bb/D / / Eb2 | Eb2 / / / |]
[|Bb/D / / Eb2 | Eb2]",Bb,"","",,,,,,,,,,,,
21531950,You'll Come,5012583,"Hunger, Dedication, Presence, Waiting, Prayer, Healing, Faith,","","September 03, 2023","",Hillsong Worship,72,282,"","A, E","    INTRODUCTION    <s>BUILDING all in; egtr(agtr, keys) intro riff</s>
[|E / / / | / / Esus4 / | E / / / | / / Esus4 / |]
[|E / / / | / / Esus4 / | E / / / | / / Esus4 / |]

   VERSE 1    <s>UP but less; kick 2,4</s>
[|E / / / | / / / /]I have decided I have resolved
To [| D / ]wait up[A /]on You Lo[|E / / /]rd
My [|E / / / | / / / /]Rock and Redeemer shield and reward
I'll [|D / ]wait up[A /]on You Lo[|E / / /]rd

    PRE-CHORUS 1    <s>kick 1/4</s>
As [|F#m /]surely as the [E/G# /]sun will [|B / ]rise You'll [C#m /]come to us
[|F#m /]Certain as the [E/G# /]dawn app[|B / / /]ears

    CHORUS 1A       <s>drums out; bass CPC; egtr(keys) chorus theme</s>
You'll [|A /]com[E /]e    [|B /]let Your glory [F#m /]fall            
As You re[|A /]spon[E /]d to [|B / / /]us               
Spirit [|A /]rai[E /]n  [|C#m /]Flood into our [B /]thirsty hearts a[|F#m / / /]gain
You'll [|D <s>drums in</s>/ / /]come You'll [|<s>start interlude</s>]come

    INTERLUDE 1A    <s>BIG; egtr(keys) intro riff</s>
[|E / / / | / / Esus4 / | E / / / | / / Esus4 / |]

    VERSE 2    <s>BIG; bass 1/16h-based rhythm; bgv harmony</s>
[|E / / / | / / / /]We are not shaken we are not moved
We [|D /]wait up[A /]on You Lo[|E / / /]rd
[|E / / / | / / / /]Mighty deliverer triumph and truth
We [|D /]wait up[A /]on You Lo[|E/ / / ]rd

    PRE-CHORUS 2    <s>rhythm strong 1/8 feel; bgv melody</s>
As [|F#m /]surely as the [E/G# /]sun will [|B / ]rise You'll [C#m /]come to us
[|F#m /]Certain as your [E/G# /]word en[|B / / /]dures
COLUMN_BREAK
    CHORUS 1B    <s>rhythm chorus pattern; bass 1-and-2, 3-and-4; bgv harmony</s>
You'll [|A /]com[E /]e    [|B /]let Your glory [F#m /]fall            
As You re[|A /]spon[E /]d to [|B / / /]us               
Spirit [|A /]rai[E /]n  [|C#m /]Flood into our [B /]thirsty hearts a[|F#m / / /]gain
You'll [|D / / /]come You'll [|<s>start interlude</s>]come

    INTERLUDE 1B    <s>BIGGER egtr(keys) intro riff</s>
[|E / / / | / / Esus4 / | E / / / | / / Esus4 / |]

    BRIDGE 1A <s>BIG bgv harmony</s>
[|F#m / / /]Chains be broken [|E / B /] [|F#m / / /]Lives be healed [|C#m / ] [B /]       
[|A / / /]Eyes be opene[|E /]d  Ch[B/ ]rist is re[|A / / / | / / / /]vealed

    BRIDGE 1B
[|F#m / / /]Chains be broken [|E / B /] [|F#m / / /]Lives be healed [|C#m / ] [B /]   
[|A / / /]Eyes be opene[|E /]d  Ch[B/ ]rist is re[|A <s>getting softer</s>/ / / | / / / /]vealed

    CHORUS 1C   <s>DOWN egtr(keys) chorus theme; vocals melody only; bass out</s>
You'll [|A /]com[E /]e    [|B /]let Your glory [F#m /]fall            
As You re[|A /]spon[E /]d to [|B / / /]us               
Spirit [|A <s>all in BUILDING </s>/]rai[E /]n  [|C#m /]Flood into our [B /]thirsty hearts a[|F#m / / /]gain
You'll [|D / / /  <s>start next chorus</s>]come

    CHORUS 1D    <s>BIG bgv harmony</s>
You'll [|A /]com[E /]e    [|B /]let Your glory [F#m /]fall            
As You re[|A /]spon[E /]d to [|B / / /]us               
Spirit [|A /]rai[E /]n  [|C#m /]Flood into our [B /]thirsty hearts a[|F#m / / /]gain
You'll [|D / / /]come You'll [|<s>start outro</s>]come

    OUTRO    <s>BIG egtr(keys) intro riff</s>
[|E / / / | / / Esus4 / | E / / / | / / Esus4 / | E]",E,"","",,,,,,,,,,,,
21533857,O Little Town of Bethlehem,7183148,"","",,"",Chris Tomlin,42,238,"",F#,"Verse 1

O little town of Bethlehem
How still we see thee lie
Above thy deep and dreamless sleep
The silent stars go by
Yet in thy dark streets shineth
The everlasting light
The hopes and fears of all the years
Are met in thee tonight

Chorus 1

In thy dark streets shineth
The everlasting light
The hopes and fears of all the years
Are met in thee tonight

Verse 2

O holy Child of Bethlehem
Descend to us we pray
Cast out our sin and enter in
Be born in us today
We hear the Christmas angels
The great glad tidings tell
O come to us abide with us
Our Lord Emmanuel

Chorus 2

We hear the Christmas angels
The great glad tidings tell
O come to us abide with us
Our Lord Emmanuel
(REPEAT)

Misc 1

(TAG)
O come to us abide with us
Our Lord Emmanuel

Misc 2

(Ending)
Emmanuel abide with us hmm
Emmanuel",F#,"","",,,,,,,,,,,,
21535037,God Rest Ye Merry Gentlemen,39441,"Seasonal, Comfort, Christmas, Peace","","December 21, 2025","",Default Arrangement,,255,"","Am, Cm, Em, Gm","Intro
[ | Em / / / | Em C B / |] 

Verse 1

God [Em]rest ye merry gentlemen
Let [Em]nothing [C]you dis[B]may
Re[Em]member Christ our Saviour
Was [Em]born on [C]Christmas [B]Day
To [Am]save us all from [D]Satan's pow'r
When [Em]we were gone a[D]stray

Chorus

O [G]tidings of [B]comfort and [Em]joy
Comfort and [D]joy
O [G]tidings of [B]comfort and [Em]joy

Turnaround / Outro
[ Em / / / | Em C B / | Em / / /| Em C B /]  

Verse 2

From [Em]God our heavenly Father
A [Em]blessed [C]angel [B]came
And [Em]unto certain shepherds
Brought [Em]tidings [C]of the [B]same
How [Am]that in Bethle[D]hem was born
The [Em]Son of God by [D]name
COLUMN_BREAK
Verse 3

Fear [Em]not then said the angel
Let [Em]nothing [C]you af[B]fright
This [Em]day is born a Saviour
Of [Em]a pure [C]virgin [B]bright
To [Am]free all those who [D]trust in Him
From [Em]Satan's pow'r and [D]might

Verse 4

Now [Em]to the Lord sing praises
All [Em]you with[C]in this [B]place
And [Em]with true love and brotherhood
Each [Em]other [C]now em[B]brace
This [Am]holy tide of [D]Christmas
All [Em]others doth de[D]face",Em,"","",,,,,,,,,,,,
21640106,Love Comes Down (Michael Farren),7009580,"","","December 19, 2021","",The Worship Initiative,73,268,"","","",,"","",,,,,,,,,,,,
21657816,Come Thou Fount Come Thou King,4775010,"Submission, Testimony, Repentance, Consecration, Invitation, Blessing","","November 27, 2022","",Gateway Worship,72,357,"",D,"Verse 1

Come Thou Fount of ev'ry blessing
Tune my heart to sing Thy grace
Streams of mercy never ceasing
Call for songs of loudest praise
Teach me some melodious sonnet
Sung by flaming tongues above
Praise the mount I'm fixed upon it
Mount of Thy redeeming love

Verse 2

I was lost in utter darkness
'Til You came and rescued me
I was bound by all my sin when
Your love came and set me free
Now my soul can sing a new song
Now my heart has found a home
Now Your grace is always with me
And I'll never be alone

Chorus 1

Come Thou Fount come Thou King
Come Thou precious Prince of Peace
Hear Your bride to You we sing
Come Thou Fount of our blessing
Come Thou Fount come Thou King
Come Thou precious Prince of Peace
Hear Your bride to You we sing
Come Thou Fount of our blessing

Verse 3

O to grace how great a debtor
Daily I'm constrained to be
Let Thy goodness like a fetter
Bind my wand'ring heart to Thee
Prone to wander Lord I feel it
Prone to leave the God I love
Here's my heart Lord take and seal it
Seal it for Thy courts above",D,"","",,,,,,,,,,,,
21657850,Hope for All (O Come Let Us Adore Him),,"","",,"",Central Live,65,269,"",C,"",C,"","",,,,,,,,,,,,
21657883,How great is our joy,,"","",,"",How Great Is Our Joy,,242,"",G,"",G,"","",,,,,,,,,,,,
21657950,Hark The Herald Angels Sing,7002100,"Son of God, Proclamation, Rejoice, Singing, Birth, King, Kingship, Advent, Angels, Christmas, Jesus, Joy, Adoration, Praise, Glory","","December 24, 2025","",Paul Baloche,110,319,"",F,"",,"","",,,,,,,,,,,,
21851113,A Thousand Hallelujahs,7190270,"Glory, Honor, Lamb Of God, Praise, Singing","","May 18, 2025","",Worship Together,68,0,Hebrews 13:15-16,"C, D, D#, Db: Db","Intro
[| Db / Gb / | Db / / / | Db / Gb / | Db / / / |]

Verse 1
[Db] Who else would ro[Gb]cks cry out to wo[Db]rship?
[Db] Whose glory ta[Gb]ught the stars to sh[Db]ine?
[Gb] Perhaps cre[Ab]ation longs
To ha[Bbm]ve the wo[Ab]rds to si[Gb]ng
[Gb] But this [Ab]joy is mi[Db]ne

Chorus
[Gb] With a thousand [Db]hallelujahs
[Absus] We magni[Bbm]fy Your [Db/Ab]name
[Gb] You alone de[Db]serve the glory
[Absus] The honor [Bbm]and the [Db/Ab]praise
[Gb] Lord Jesus, [Ab(add4)] this song is
For[Db]ev-[Fm]er [Bbm]Yours [Ab(add4)]
A [Gb]thousand halle[Db/F]lujahs and
A [Absus]thousand [Db]more

Verse 2
[Db] Who else would di[Gb]e for our rede[Db]mption?
[Db] Whose resurr[Gb]ection means I’ll ri[Db]se?
[Gb] There isn’t ti[Ab]me enough
To si[Bbm]ng of al[Ab]l You’ve do[Gb]ne
[Gb] But I have e[Ab]ternity to [Db]try

REPEAT CHORUS

Turnaround
[| Ebm7 / / / | Db2/F / / / | Gb / Db/Ab Absus |]

Bridge 1
[Db]Praise to the [Ebm7]Lord, to the [Db2/F]Lamb
To the [Gb]King of [Db/Ab]hea[Absus]ven
[Db]Praise for He [Ebm7]rose, now He [Db2/F]reigns
We will [Gb]sing for[Db/Ab]ev-[Absus]er

Bridge 2
[Bbm]Praise to the [Ab/C]Lord, to the [Db]Lamb
To the [Gb]King of [Db/Ab]hea[Absus]ven
[Bbm]Praise for He [Ab/C]rose, now He [Db]reigns
We will [Gb]sing for[Db/Ab]ev-[Absus]er

REPEAT CHORUS
REPEAT TURNAROUND

Bridge 3
[Db]Praise to the [Ebm7]Lord, to the [Db2/F]Lamb
To the [Gb]King of [Db/Ab]hea[Absus]ven
[Bbm]Praise for He [Ab/C]rose, now He [Db]reigns
We will [Gb]sing for[Db/Ab]ev-[Absus]er

REPEAT CHORUS",Db,"","",,,,,,,,,,,,
21972054,Fresh Fire,7150368,"","","May 17, 2026","",Maverick City Music,67,445,"","A, B, C, D, F, G","Verse 1

So come and consume me
My heart is ready
God if I burn I’ll burn for You

Verse 2

With no hesitation
Without reservation
God if I burn I’ll burn for You

Chorus 1

Give me a fresh fresh fire (2X)
I want what You desire
I’m gonna burn for You

Verse 3

Each breath that I'm breathing
Each moment I’m given
God if I live I live for You

Verse 4

I love Your presence
You’re my obsession
God if I live I live for You
God if I live I live for You

Misc 1

(Bridge)
So light a match let it go
Set a blaze uncontrolled
I want that fire I want that fire

Misc 2

(Vamp)
I want that fire I want that fire
I want that fire I want that fire",B,"","",,,,,,,,,,,,
21979953,This Is How I Fight My Battles,7098758,"","","May 31, 2026","",UPPERROOM,68.5,357,"","A, Ab, B, Bb, Db, G","  INTRO  <s>Lead line, piano and/or gtr</s>
[|C / / G | D / / Em | C / / G | D / / Em]

  VERSE 1A
[|C / /]   There's a ta-[G]ble that
[|D / /]You've prepared for me [Em]
[|C / /]   In the pre-s[G]ence [|D / /]of my enemies [Em]
[|C / /]   It's Your bod-[G]y and Your
[|D / /]blood You shed for me, [Em]This is how I
[|C / /]fight my battles [G | D / / Em]

  VERSE 1B <s>bass in, rhythm 1/16 feel</s>
[|C / /]   There's a ta-[G]ble that
[|D / /]You've prepared for me [Em]
[|C / /]   In the pre-s[G]ence [|D / /]of my enemies [Em]
[|C / /]   It's Your bod-[G]y and Your
[|D / /]blood You shed for me, [Em]This is how I
[|C / /]fight my battles [G | D / / Em]

  PRECHORUS 1A <s>rhythm 1/8 note</s>
And [|G/B /]I be-[C /]lieve You've over-[|Dsus /]come
And [Em /]I will lift my [|G/B /]song of [C /]praise
For all You've [|Dsus / / /]done

  CHORUS 1A <s>half note rhythm</s>
This is how I [|G /]fight my bat-[C /]tles
This is how I [|Dsus /]fight my bat-[Em /]tles
This is how I [|G /]fight my bat-[C /]tles
This is how [|Dsus / Em /]

  CHORUS 1B
This is how I [|G /]fight my bat-[C /]tles
This is how I [|Dsus /]fight my bat-[Em /]tles
This is how I [|G /]fight my bat-[C /]tles
This is how [|Dsus / Em /]

  VERSE 2 <s>rhythm 1/16 feel</s>
[|C / /]   In the val-[G]ley
I [|D / /]know that You're with me [Em]
And [|C / /]surely Your goodness [G] and Your
mer[|D / /]cy follow me [Em]
[|C / /]   So my weapons [G] are
[|D / /]praise and thanksgiving, [Em]This is how I
[|C / /]fight my battles [G | D / / Em]

  PRECHORUS 1B <s>rhythm 1/8 </s>
And [|G/B /]I be-[C /]lieve You've over-[|Dsus /]come
And [Em /]I will lift my [|G/B /]song of [C /]praise
For all You've [|Dsus / / /]done

  CHORUS 1C <s>full rhythm</s>
This is how I [|G /]fight my bat-[C /]tles
This is how I [|Dsus /]fight my bat-[Em /]tles
This is how I [|G /]fight my bat-[C /]tles
This is how [|Dsus / Em /]
COLUMN_BREAK
  CHORUS 1D
This is how I [|G /]fight my bat-[C /]tles
This is how I [|Dsus /]fight my bat-[Em /]tles
This is how I [|G /]fight my bat-[C /]tles
This is how [|Dsus / Em /]

INTERLUDE <s>down</s>
[|G/B / C / | D / Em / | G/B / C /| D / Em /]
[|G/B / C /| D / Em /]

  BRIDGE 1A
[|G/B /] It may look like I'm [C /] surrounded
But I'm [|D /] surrounded by You [Em /]
[|G/B /] It may look like I'm [C /] surrounded
But I'm [|D /] surrounded by You [Em /]

  BRIDGE 1B
[|G/B /] It may look like I'm [C /] surrounded
But I'm [|D /] surrounded by You [Em /]
[|G/B /] It may look like I'm [C /] surrounded
But I'm [|D /] surrounded by You [Em /]

  BRIDGE 1C <s>full 1/8 rhythm</s>
[|G/B /] It may look like I'm [C /] surrounded
But I'm [|D /] surrounded by You [Em /]
[|G/B /] It may look like I'm [C /] surrounded
But I'm [|D /] surrounded by You [Em /]

  BRIDGE 1D <s>full 1/16th rhythm</s>
[|G/B /] It may look like I'm [C /] surrounded
But I'm [|D /] surrounded by You [Em /]
[|G/B /] It may look like I'm [C /] surrounded
But I'm [|D /] surrounded by You [Em /]

  CHORUS 2 <s>1/4 rhythm</s>
This is how I [|G / / /]fight my battles 
This is how I [|Gsus4 / / /]fight my battles
This is how I [|G / / /]fight my battles
This is how [|Gsus4 / / /]
This is how I [|G / / / <s>1/8 rhythm</s>]fight my battles 
This is how I [|Gsus4 / / /]fight my battles
This is how I [|G / / /]fight my battles
This is how [|Gsus4 / / /]
 
  BRIDGE 2 <s>full rhythm</s>
[|G/B /] It may look like I'm [C /] surrounded
But I'm [|D /] surrounded by You [Em /]
[|G/B /] It may look like I'm [C /] surrounded
But I'm [|D /] surrounded by You [Em /]
[|G/B /] It may look like I'm [C /] surrounded
But I'm [|D /] surrounded by You [Em /]

  CHORUS 3
This is how I [|G/B / ]fight my bat-[C /]tles [| D / Em /]
This is how I |[G/B / ]fight my bat-[C /]tles [| D / Em /]
This is how I [|G/B / ]fight my bat-[C /]tles [| D / Em /]

[|G . . .]
",G,"","",,,,,,,,,,,,
21989440,Gratitude,7158417,"Praise, Worship","","June 14, 2026","",Brandon Lake,78,545,"","B, F, G","Verse 1

All my words fall short
I got nothing new
How could I express
All my gratitude

Verse 2

I could sing these songs
As I often do
But every song must end
And You never do

Chorus 1

So I throw up my hands
And praise You again and again
‘Cause all that I have is a hallelujah hallelujah
And I know it’s not much
But I’ve nothing else fit for a king
Except for a heart singing hallelujah
Hallelujah

Verse 3

I’ve got one response
I’ve got just one move
With my arms stretched wide
I will worship You

Misc 1

(Bridge)
Come on my soul
Oh don’t you get shy on me
Lift up your song
‘Cause you’ve got a lion inside of those lungs
Get up and praise the Lord",B,"","",Brandon Lake,76,327,"","Bb, C","Verse 1

All my words fall short
I got nothing new
How could I express
All my gratitude

Verse 2

I could sing these songs
As I often do
But every song must end
And You never do

Chorus 1

So I throw up my hands
And praise You again and again
‘Cause all that I have is a hallelujah hallelujah
And I know it’s not much
But I’ve nothing else fit for a king
Except for a heart singing hallelujah
Hallelujah

Verse 3

I’ve got one response
I’ve got just one move
With my arms stretched wide
I will worship You

Misc 1

(Bridge)
Come on my soul
Oh don’t you get shy on me
Lift up your song
‘Cause you’ve got a lion inside of those lungs
Get up and praise the Lord",Bb,"","",Worship Together,155,0,1 Thessalonians 5:18; Ephesians 1:16; Ephesians 5:20,"B: B, F, G","Intro
[| B | B  | G#m | G#m | ]
[| F#  | F# | E  | E | ]

Verse 1
All my wo[B]rds fall short
I got n[G#m]othing new
How could [F#]I express
All my grat[E]itude

Verse 2
I could s[B]ing these songs
As I o[G#m]ften do
But every [F#]song must end
And You[E] never do

Chorus
So I thr[B]ow up my hands
And praise You again and a[F#]gain
‘Cause all that I have is a hall[E]elujah, [G#m]hal - le - [F#]lujah
And I k[B]now it’s not much
But I’ve nothing else fit for a [F#]king
Except for a heart singing hal[E]lelujah
[G#m]Hal - le - l[F#]u - j[B]ah

Verse 3
I’ve got [B]one response
I’ve got [G#m]just one move
With my [F#]arms stretched wide
I will [E]worship You

REPEAT CHORUS

Channel
[| B | B  | B  | B |]
[| B | B  | B  | B |]
COLUMN_BREAK
Bridge
[B]Come on my soul
[B]Oh don’t you get shy on me
[B]Lift up your song
[B]‘Cause you’ve got a lion inside of those lungs
[B]Get up and praise the Lord

[B]Come on my soul
[B]Oh don’t you get shy on me
[F#]Lift up your song
Cause you’ve got a lion in[E]side of those lungs
Get up and praise the [B]Lord[F#]

[B]Come on my soul
[B]Oh don’t you get shy on me
[F#]Lift up your song
Cause you’ve got a lion in[E]side of those lungs
Get up and praise the [G#m]Lord   [F#]

Channel 2
[| E  | E  | G#m | F# | X5]
[| E | E  | E  | E |]

Alt Chorus
So I thr[B]ow up my hands
And praise You again and a[F#m]gain
‘Cause all that I have is a hall[E]elujah, [Em]hallelujah
And I k[B]now it’s not much
But I’ve nothing else fit for a [F#m]king
Except for a heart singing hal[E]lelujah
[Em]Halleluj[B]ah",B,"",""
22041323,See A Victory,7129060,"","","July 05, 2026","",Elevation Worship,77.5,362,"","A, Ab, D, F, G","Verse 1

The weapon may be formed but it won't prosper
When the darkness falls it won't prevail
'Cause the God I serve knows only how to triumph
My God will never fail
My God will never fail

Chorus 1

I'm gonna see a victory
I'm gonna see a victory
For the battle belongs to You Lord
I'm gonna see a victory
I'm gonna see a victory
For the battle belongs to You Lord

Verse 2

There's power in the mighty Name of Jesus
Every war He wages He will win
I'm not backing down from any giant
I know how this story ends
I know how this story ends

Misc 1

(Bridge)
You take what the enemy meant for evil
And You turn it for good
You turn it for good",A,"","",,,,,,,,,,,,
22079812,Be Still,7102393,"Courage, Mercy, God's Love, Love","",,"",Hillsong Worship,74.5,490,"",F,"",,"","",,,,,,,,,,,,
22079874,There's Nothing That Our God Can't Do,7141227,"","","January 18, 2026","",Passion,105,294,"","Ab, F, G","Verse 1

Just one word
You calm the storm that surrounds me
Just one word
The darkness has to retreat
Just one touch
I feel the presence of heaven
Just one touch
My eyes were opened to see
My heart can't help but believe

Chorus 1

There's nothing that our God can't do
There's not a mountain that He can't move
Oh praise the name that makes a way
There's nothing that our God can't do

Verse 2

Just one word
You heal what's broken inside me
Just one word
And you revive ev'ry dream
Just one touch
I feel the power of heaven
Just one touch
My eyes were opened to see
My heart can't help but believe

Chorus 2

There's nothing that our God can't do
There's not a mountain that He can't move
Oh praise the name that makes a way
There's nothing that our God can't do

There's nothing that our God can't do
There's not a prison wall He can't break through
Oh praise the name that makes a way
There's nothing that our God can't do

Misc 1

(Bridge)
I will believe for greater things
There's no power like the power of Jesus
Let faith arise let all agree
There’s no power like the power of Jesus

Misc 2

(Bridge)
I will believe for greater things
There's no power like the power of Jesus
Let faith arise let all agree
There's no power like His power

Misc 3

(Ending)
Oh sing oh oh oh
There's nothing there's nothing
There's nothing there's nothing
Oh oh oh
(There's nothing that our God can't do)",G,"","",,,,,,,,,,,,
22093422,Still,5463280,"Haven, Protection, Shelter, Refuge","",,"",Default Arrangement,,0,"",C,"",C,"","",,,,,,,,,,,,
22112314,Firm Foundation (He Won't),7188203,"Faithfulness, Foundation, Refuge, Rock","","June 14, 2026","",Cody Carnes,75,378,"","Bb, C, G","Verse 1

Christ is my firm foundation
The rock on which I stand
When everything around me is shaken
I've never been more glad
That I put my faith in Jesus
'Cause He's never let me down
He's faithful through generations
So why would He fail now

Chorus 1

He won't He won't

Verse 2

I've still got joy in chaos
I've got peace that makes no sense
So I won't be going under
I'm not held by my own strength
'Cause I've built my life on Jesus
He's never let me down
He's faithful in every season
So why would He fail now

Chorus 2

He won't He won't
He won't fail
He won't fail (no)

Misc 1

(Bridge)
(Oh) Rain came and wind blew
But my house was built on You
(And) I'm safe with You
I'm going to make it through
(REPEAT)

Misc 2

(Vamp)
Yeah I'm going to make it through
'Cause I'm standing strong on You
Yeah I'm going to make it through
'Cause my house is built on You

Chorus 3

He won't He won't
He won't fail
He won't fail no He won't",Bb,"","",Worship Together,148,0,Matthew 7:24-27,"A, Bb: Bb","Intro
[| Bb / / Bb Cm7 Bb/D | Eb2 / / /|]

Verse 1
Christ is my [Bb]firm foundation
The [Gm7]rock on which I [F]stand
When everything a[Bbsus]round me is [Bb]shaken
I’ve [Gm7]never been more [F]glad
That I put my [Eb]faith in Jesus [Bb/D]
‘Cause He’s [Gm7]never let me [F]down
He’s faithful through [Eb]generations [Bb/D]
So [Gm7]why would He fail [F]now?

Half-Chorus
He won’t [Bb] 
He won’t [Bbsus]

Verse 2
I’ve still got [Bb]joy in chaos
I’ve got [Gm7]peace that makes no [F]sense
I won’t be [Eb]go-[Bb/D]ing [Cm7]un-[Bb]der
I’m not [Gm7]held by my own [F]strength
‘Cause I’ve built my [Eb/G]life on Jesus [Bb/D]
He’s [Gm7]never [F/A]let [Bb]me [F]down
He’s faithful in [Eb]every season [Bb/D]
So [Gm7] why would He fail [F]now?

Chorus
He won’t [Bb] 
He won’t [Bbsus]
He won't [Gm7]fail  [F]  [Eb]
He won't [Gm7]fail  [F]  [Bb]  [Dm]  [Eb]

REPEAT CHORUS
REPEAT VERSE 1
REPEAT CHORUS

Interlude
[| Ebmaj7 / F / | Bb/D / Gm F| ]
[| Ebmaj7 / F / | Bb/D / Gm F |]

Bridge
[Ebmaj7]Rain came and [F]wind blew
But [Bb/D]my house was built on [Gm]You [F]
[Ebmaj7]I’m safe [F]with You
[Bb/D]I’m going to make it [Gm]through [F]

REPEAT BRIDGE 2x

Vamp
[Ebmaj7]I’m going to make it [F]through
‘Cause [Bb/D]I’m standing strong on [Gm]You [F]
[Ebmaj7]I’m going to make it [F]through
‘Cause [Bb/D]my house was built on [Gm]You [F]

Alt Verse 1
Christ is my [Bb]firm foundation [Cm7]
The [Gm7]rock on which I [F]stand
When everything a[Eb]round [Bb/D]me is [Cm7]shak-[Bb]en [Cm7]
I’ve [Gm7]never been more [F]glad
That I put my [Eb]faith in Jesus [Bb/D]
‘Cause He’s [Gm7]never let me [F]down
He’s faithful through [Eb]generations [Bb/D]
So [Gm7]why would He fail [F]now?

REPEAT CHORUS 2x

Tag
No, He won’t [Bb]",Bb,"","",,,,,,
22172572,"Bless the Lord, O My Soul (Psalm 103) [Live]",7190360,"","","December 08, 2024","",Sovereign Grace Music,82,220,"","C, D, F","Verse 1

My God is slow to anger when I go astray
Bless the Lord O my soul
For all of my betrayals He will not repay
Bless the Lord O my soul
Through mercy and compassion
His great love is proved
He covers my transgressions like the snow
As far as east from west are all my sins removed
Bless the Lord O my soul

Verse 2

He saved me from the pit when I had lost all hope
Bless the Lord O my soul
From endless springs of kindness
All His blessings flow
Bless the Lord O my soul
Our days will fade like flowers
And are quickly spent
And like the wind our years will come and go
Everlasting favor is His covenant
Bless the Lord O my soul

Verse 3

Merciful and gracious is my God to me
Bless the Lord O my soul
And I will tell His goodness through eternity
Bless the Lord O my soul
Bless the Lord you angels all you heav'nly hosts
And every living creature here below
Praise the Father praise the Son and Holy Ghost
Bless the Lord O my soul

Misc 1

Bless the Lord you angels all you heav'nly hosts
And every living creature here below
Praise the Father praise the Son and Holy Ghost
Bless the Lord O my soul bless the Lord O my soul",F,"","",,,,,,,,,,,,
22175969,To Worship You I Live,4654131,"Hear, Voice, Dedication, , Worship","","April 03, 2022","",Israel and New Breed,65,230,"",D,"",,"","",,,,,,,,,,,,
22308775,The Lion And The Lamb,7038281,"","","January 18, 2026","",Bethel Music,90,285,"","A, Ab, B, D, E, G","Verse 1

He's coming on the clouds
Kings and kingdoms will bow down
And every chain will break
As broken hearts declare His praise
For who can stop the Lord Almighty

Chorus 1

Our God is the Lion
The Lion of Judah
He's roaring with power
And fighting our battles
And every knee will bow before Him
Our God is the Lamb
The Lamb that was slain
For the sins of the world
His blood breaks the chains
And every knee will bow before the Lion and the Lamb
Every knee will bow before Him

Verse 2

So open up the gates
Make way before the King of kings
The God who comes to save
Is here to set the captives free
For who can stop the Lord Almighty

Misc 1

(Bridge)
Who can stop the Lord Almighty
Who can stop the Lord (Almighty)",A,"","",,,,,,,,,,,,
22324788,Psalm 90 (Satisfy Us With Your Love),7177987,"God's Love, Goodness, Sacrifice","",,"",Default Arrangement,,0,"",Bb,"Verse 1

You have been our dwelling place
Oh everlasting God
Before You formed the mountain tops
You were before it all
And soon our lives turn back to dust

Chorus 1

When the sun comes up
Satisfy us
Before the day has passed us by
Before our hearts forget
All Your goodness
Satisfy us with Your love

Verse 2

The wrath of God poured out for sin
On Jesus crucified
Consider Him our hiding place
Our shelter is alive
Because He lived and died for us

Misc 1

(Bridge)
Teach us Lord
To number our days on earth
Give us more
Wisdom in the secret heart
As You display amazing grace
Through Jesus Christ for us

Chorus 2

When the sun comes up
Satisfy us
Before the day has passed us by
Before our hearts give up
Spirit fill us
Satisfy us with Your love

Misc 2

(TAG)
Satisfy us with Your love
Satisfy us with Your love",Bb,"","",,,,,,,,,,,,
22357937,Because Of Christ,7178732,"","","July 12, 2026","",Default Arrangement,,0,"","A, Bb, C, D","Verse 1

On a hill in Israel
Mercy spoke for me
Mercy spoke for me
Mercy spoke for me
It was on Golgotha’s tree
His death brought liberty
His death brought liberty
His death brought liberty

Chorus 1

May I never boast in anything
Except the cross of Jesus Christ
May I not forget the blood He shed
It is by His death I am alive
Because of Christ I am alive

Verse 2

What a humble sacrifice
Love that washed me clean
Love that washed me clean
Love that washed me clean
What a blessed mystery
His punishment my peace
His punishment my peace
His punishment my peace

Misc 1

(Bridge)
Hallelujah hallelujah
Praise the One who set me free
Death has lost its grip on me
Hallelujah hallelujah
Jesus rose in victory
He’s alive alive in me",Bb,"","",,,,,,,,,,,,
22372772,Worthy,7111931,"","","November 09, 2025","",Elevation Worship,67.5,378,"","D, E, Eb, F","",,"","",,,,,,,,,,,,
22374632,Alpha And Omega,4654148,"Worthiness, , God's Attributes, Worship","",,"",C3 NYC,70,415,"",D,"",,"","",,,,,,,,,,,,
22436128,God I Look To You,5858163,"Love, God's Love, Praise, Exaltation","","October 12, 2025","",Bethel Music,68,373,"","C, G","VERSION 2024-01-11

  INTRODUCTION
<s>egtr and/or piano lead, drum tom,
agtr rhythm, pad; no bass</s>
[|Csus C / / | C/G Gsus / /]
[| F2 / / / | Am7 / Gsus /]
[|Csus C / / | C/G Gsus / / ]
[|F2 / / / | Am7 / Gsus /]

  VERSE 1A
God I [|Csus] look to [ C / / ]You
I won't be [|C/G]over-[Gsus / / ]whelmed
Give me [|F2 / / / ]vision
to [|Am7 /]see things like You [Gsus /]do
God I [|Csus] look to [ C / / ]You
You're where my [|C/G]help comes [Gsus / / ]from
Give me [|F2 / / / ]wisdom
You [|Am7 /]know just what to [Gsus /]do

  INSTRUMENTAL 1A
<s>egtr/piano lead; add bass</s> 
[|Csus C / / | C/G Gsus / / ]
[| F2 / / / | Am7 / Gsus /]

  VERSE 1B
<s>bgv add melody</s> 
God I [|Csus] look to [ C / / ]You
I won't be [|C/G]over-[Gsus / / ]whelmed
Give me [|F2 / / / ]vision
to [|Am7 /]see things like You [Gsus /]do
God I [|Csus] look to [ C / / ]You
You're where my [|C/G]help comes [Gsus / / ]from
Give me [|F2 / / / ]wisdom
You [|Am7 /]know just what to [Gsus /]do
COLUMN_BREAK
  INSTRUMENTAL 1B
<s>egtr/piano lead, full drum, BIGGER</s>
[|Csus C / / | C/G Gsus / /]
[|F2 / / / | Am7 / Gsus]

  CHORUS 1
<s>BIG; bgv harmony, egtr big ◇</s> 
I will [|F /]love You [Dm7 /]Lord my [|Gsus / / /]strength,
I will [|F /]love You [Dm7 / ]Lord my [|Gsus / /]shield [C/E]  ,
I will [|F]love [C/E]You [Dm7]Lord [C] my [|G/B /]rock, [C /]forever all my 
[|F / ]days I will [Gsus /]love You [|C / / / | <s>DOWN</s>/ / / /]God

    CHORUS 2A 
<s>DOWN only ldv, agtr, piano
(no pad, drum, bass, egtr)</s> 
Halle-[|F /]lujah [Dm7 /]our God [|Gsus / / /]reigns
Halle-[|F /]lujah [Dm7 /]our God [|Gsus /]]reigns [ Em7 /]
Halle-[|F /]lujah [Dm7 /]our God [|Gsus /]]reigns, For-[C /]ever all my
[|F / ]days halle-[Gsus /]lu-[|C / / /]jah

    CHORUS 2B 
<s>BIG All in; bgv harmony, egtr big 1/4 ◇</s> 
Halle-[|F /]lujah [Dm7 /]our God [|Gsus / / ]reigns
[Em7]Halle-[|F /]lujah [Dm7 /]our God [|Gsus / /]reigns
[ Em7]Halle-[|F]lu-[C/E]jah [Dm7]our [C]God [|G/B /]]reigns, For-[C /]ever all my
[|F / ]days halle-[Gsus /]lu-<s>Start INSTRUMENTAL 2</s>


    INSTRUMENTAL 2
<s>BIG egtr/piano theme, 1/4 groove/hits</s> 
[|Csus]jah[ C / / | C/G Gsus / /][
|F2 / / / | Am7 / Gsus / |]
[|Csus C / / | C/G Gsus / / ]
[|F2 / / / | Am7 / Gsus / |]
COLUMN_BREAK
    CHORUS 2C  <s>BIG</s> 
Halle-[|F /]lujah [Dm7 /]our God [|Gsus / / /]reigns
Halle-[|F /]lujah [Dm7 /]our God [|Gsus /]]reigns [ Em7 /]
Halle-[|F /]lujah [Dm7 /]our God [|Gsus /]]reigns, For-[C /]ever all my
[|F / ]days halle-[Gsus /]lu-[|C <s>BREAK</s>/ / /]jah

    CHORUS 2D  <s>DOWN</s> 
Halle-[|F /]lujah [Dm7 /]our God [|Gsus / / /]reigns
Halle-[|F /]lujah [Dm7 /]our God [|Gsus /]]reigns [ Em7 /]
Halle-[|F /]lujah [Dm7 /]our God [|Gsus /]]reigns, For-[C /]ever all my
[|F / ]days halle-[Gsus /]lu-[|C . . .]jah

",C,"","",,,,,,,,,,,,
22474612,Communion,7192507,System.String[],"",,"",Worship Together,62,0,1 Corinthians 11:24,C: C,"Intro 
[|F C / / | Am G(add4) / / | F C / Am | G(add4) / / / |]
[| F C / / | Am G(add4) / / | F C / Am | G(add4) / / / |]

Verse 1
This is com[F]mun-[C]ion
Your body [Am]bro-[G(add4)]ken
The cup we’re [F]drink-[C]ing
Is [Am]bitter[G(add4)]sweet
The gift of [F]friend-[C]ship
Truest sal[Am]va-[G(add4)]tion
Borne of Your [F]suffer-[C]ing
On [Am]Calva-[G(add4)]ry

Half-Chorus
[C] We remember the [F]sacri[G]fice of [C]love
We remember the [F]blood poured [G]out for [C]us
We remember the [F]only [G]Son of [Am]God
Upon the [G]cross

Verse 2
From stained to [F]spot-[C]less
From wrath to [Am]fa-[G(add4)]vor
Through You our [F]Sav-[C]ior
The [Am]work com[G(add4)]plete
In full re[F]pent-[C]ance
Led by Your [Am]kind-[G(add4)]ness
Partake of [F]pres-[C]ence
As [Am]we re[G(add4)]ceive

Chorus
[C] We remember the [F]sacri[G]fice of [C]love
We remember the [F]blood poured [G]out for [C]us
We remember the [F]only [G]Son of [Am]God
Upon the [G]cross
[C] We remember the [F]price You [G]had to [C]pay
We remember the [F]wounds that [G]made a [C]way
We remember the [F]Lamb for [G]all was [Am]slain
Upon the [C]cross

Bridge 1
How can it [F2]be?
[G]There is a [Am]table
For [G/B]all who would [C]come
For all who would [G]come
Taste now and [F2]see
[G]There is a [Am]table
For [G/B]all who would [C]come
For all who would [G]come

Bridge 2
[F2] Take of the bread rece[G]ive the [Am]cup
For His mercy [G/B]is e[C]nough
For the many and the [G]one, this is communion
[F2] Take it as often a[G]s you [Am]will
For His blood has [G/B]power [C]still
By His wounds we shall be [G]healed, this is communion

REPEAT BRIDGE 2
REPEAT CHORUS
REPEAT BRIDGE 2

Outro
[| F2 / / G | Am / / G/B | C / / / | G / / / |]
[| F2 / / G | Am / / G/B | C/ / / | G / / / | F2 |]",C,"","",,,,,,,,,,,,
22524305,Forever Reign,5639997,"boswell, desert song, forever reign, rescue, Kingship, Youth, Exaltation, Surrender, Love,","",,"",Hillsong Worship,83,349,"",C,"Verse 1

You are good You are good
When there's nothing good in me
You are love You are love
On display for all to see
You are light You are light
When the darkness closes in
You are hope You are hope
You have covered all my sin

Verse 2

You are peace You are peace
When my fear is crippling
You are true You are true
Even in my wandering
You are joy You are joy
You're the reason that I sing
You are life You are life
In You death has lost its sting

Chorus 1

(Oh) I'm running to Your arms
I'm running to Your arms
The riches of Your love will always be enough
Nothing compares to Your embrace
Light of the world forever reign

Verse 3

You are more You are more
Than my words will ever say
You are Lord You are Lord
All creation will proclaim
You are here You are here
In Your presence I'm made whole
You are God You are God
Of all else I'm letting go

Misc 1

(Bridge)
My heart will sing no other Name
Jesus Jesus
(REPEAT 4X)",C,"","",,,,,,,,,,,,
22561893,House Of The Lord,7168995,"Forgiveness, Grace, Joy, Praise, Redemption, Victory, Worship","","June 21, 2026","",Phil Wickham,86,262,"","A, Bb, D, G","Verse 1

We worship the God who was
We worship the God who is
We worship the God who evermore will be
He opened the prison doors
He parted the raging sea
My God He holds the victory yeah

Chorus 1

There’s joy in the house of the Lord
There’s joy in the house of the Lord today
And we won’t be quiet
We shout out Your praise
There’s joy in the house of the Lord
Our God is surely in this place
And we won’t be quiet
We shout out Your praise

Misc 1

(Interlude)
Oh oh oh
We shout out Your praise

Verse 2

We sing to the God who heals
We sing to the God who saves
We sing to the God who always makes a way
'Cause He hung up on that cross
Then He rose up from that grave
My God’s still rolling stones away

Misc 2

(Bridge)
('Cause) We were the beggars
Now we’re royalty
We were the prisoners
Now we’re running free
We are forgiven accepted
Redeemed by His grace
Let the house of the Lord sing praise

Misc 3

(Interlude)
There is joy in this house oh yeah
There is joy there is joy
And we won't be quiet
We're gonna shout out Your praise

Misc 4

(Ending)
We shout out Your praise
There is joy in this house
There is joy in this house today
We shout out Your praise
We shout out Your praise",G,"","",Phil Wickham,86,262,"","D, G","Verse 1

We worship the God who was
We worship the God who is
We worship the God who evermore will be
He opened the prison doors
He parted the raging sea
My God He holds the victory yeah

Chorus 1

There’s joy in the house of the Lord
There’s joy in the house of the Lord today
And we won’t be quiet
We shout out Your praise
There’s joy in the house of the Lord
Our God is surely in this place
And we won’t be quiet
We shout out Your praise

Misc 1

(Interlude)
Oh oh oh
We shout out Your praise

Verse 2

We sing to the God who heals
We sing to the God who saves
We sing to the God who always makes a way
'Cause He hung up on that cross
Then He rose up from that grave
My God’s still rolling stones away

Misc 2

(Bridge)
('Cause) We were the beggars
Now we’re royalty
We were the prisoners
Now we’re running free
We are forgiven accepted
Redeemed by His grace
Let the house of the Lord sing praise

Misc 3

(Interlude)
There is joy in this house oh yeah
There is joy there is joy
And we won't be quiet
We're gonna shout out Your praise

Misc 4

(Ending)
We shout out Your praise
There is joy in this house
There is joy in this house today
We shout out Your praise
We shout out Your praise",D,"","",,,,,,
22561994,Christ Be Magnified,7139866,"Exaltation, Praise, Singing, Worship","","June 28, 2026","",Cody Carnes,72,300,"","A, C, G","    INTRO    <s>egtr, piano theme; shimmering pad</s>
[|A / / E | D2 / / / | A / / E | D2 / / /]

    VERSE 1    <s>piano 1/4; shimmering pad with variations</s>
Were cre[|A / / /]ation suddenly ar[|D2 / / /]ticulate
With a [|A / / /]thousand tongues to lift one [|D2 / / /]cry
Then from [|A/C# / / /]north to south and [|D2 / / /]east to west
We'd hear[|A/E / ] ""Christ be [E(4) /]magnified!""

    TURNAROUND 1A    <s>egtr, piano theme</s>
[A / / E | D2 / / /]

    VERSE 2    <s>all in; piano continue 1/4; egtr riffs; rhythm 1/16</s>
Were the [|A / / /]whole earth echoing His [|D2 / / /]eminence
His[|A / /] name would burst from [A/C#]sea and [|D / / /]sky
From [|A/C# / / /]rivers to the  [|D2 / / / ]mountaintops
We'd hear [|A/E / ]""Christ be [E(4) /]magnified!""[|A / / / | A2 / A /]    <s>building</s>

    CHORUS 1A    <s>BIG bgv harmony; keys double bass; egtr high rhythm</s>
[|A / /]O Christ be [Bm7]magni[|D2 / /]fied, Let His [E(4)]praise [|F#m7 / /]arise
Christ be [E(4)]magni[|D2 / /]fied in me[E/G#]
[|A / /]O Christ be [Bm7]magni[|D2 / /]fied, From the altar [E(4)]of my [|F#m7 / /]life
Christ be [E(4)]magni[|D2 / /]fied in me[E/G#]

    TURNAROUND 1B    <s>egtr lead</s>
[|A / / E | D2 / / /]

    VERSE 3    <s>all in; bgv harmony; piano continue 1/4; egtr riffs; rhythm 1/16</s>
When every [|A / / /]creature finds its inmost [|D2 / / /]melody
And every [|A / / /]human heart its native [[|D2 / / /]cry
<s>BIGGER and building; drums to 1/16th</s>
Oh then in [|A/C# / / /]one enraptured [|D2 / / /]hymn of praise
We'll sing [|A/E /]""Christ be [E(4)]magni[|D / D6 / | Dmaj7 / D {(<s>rising notes A B C# D </s>)}]fied!""
COLUMN_BREAK
    CHORUS 1B    <s>BIG full harmony; keys double bass; egtr high rhythm</s>
[|A / /]O Christ be [Bm7]magni[|D2 / /]fied, Let His [E(4)]praise a[|F#m7 / /]rise
Christ be [E(4)]magni[|D2 / /]fied in me [E/G#]
[|A / /]O Christ be [Bm7]magni[|D2 / /]fied, From the altar [E(4)]of my [|F#m7 / /]life
Christ be [E(4)]magni[|D2 / /]fied in me [E/G#]

    INSTRUMENTAL    <s>DOWN guitar syncopated arps</s>
[|D2 / / / | E(add4) / / / | F#m7 / / / | A/C# / / / ]

    BRIDGE 1    <s>continue DOWN; bgv melody</s>
[|Dmaj7 / / /]I won't bow to idols, I'll stand [ |E(4) / / /]strong and worship You
If it [|F#m7 / / /]puts me in the fire, I'll re[|A/C# / / /]joice ‘cause You're there too
<s>BUILDING, add bgv harmony</s>
I [|Dmaj7 / / /]won't be formed by feelings, I hold [ |E(4) / / /]fast to what is true
If the [|F#m7 / / /]cross brings transformation, Then I'll be [|A/C# / / /]crucified with You

    BRIDGE 2    <s>continue BUILDING; bgv higher harmony</s>
'Cause [|Dmaj7 / / /]death is just the doorway, Into [|E(4) / / /]resurrection life
If I [| F#m7 / / /]join You in Your sufferings, Then I'll [|A/C# / / /]join You when You rise
And when [|Dmaj7 / / /]You return in glory, With all the [|E(4) / / /]angels and the saints
My [|F#m7 / / /]heart will still be singing, And my [|A/C# / / /]song will be the same

    CHORUS 1C    <s>BIG full harmony; keys double bass; egtr high rhythm</s>
[|A / /]O Christ be [Bm7]magni[|D2 / /]fied, Let His [E(4)]praise a[F#m7 / /]rise
Christ be [E(4)]magni[|D2 / /]fied in me [E/G#]
[|A / /]O Christ be [Bm7]magni[|D2 / /]fied, From the altar [E(4)]of my [|F#m7 / /]life
Christ be [E(4)]magni[|D2 / /]fied in me [E/G#]

    CHORUS 2
[|A / /]O Christ be [Bm7]magni[|D2 / /]fied, Let His [E(4)]praise a[|F#m7 / /]rise
Christ be [E(4)]magni[|D2 / /]fied in me [E/G#]
[|E(4) / / /]O Christ be magni[|F#m7 / / /]fied, From the altar of my [|A/C# / /]life
Christ be [E(4)]magni[|D2 / / /]fied in me[|A / / /]",A,"","",Passion,72,350,"","A, G","

INTRO {{(Starts with tonic pad (or acoustic rhythm), then twice
thru lead theme on all lead instruments. Tonic pad continues
throughout)}}

[| A / / E | D2 / / / | A / / E | D2 / / / |]

VERSE 1 {{(Quarter note I/V diads on piano,
ld gtr single note pads)}}

[| A / / / |  D2 / / / | A / / / | D2 / / / |]
Were creation suddenly articulate
With a thousand tongues to lift one cry
[| A / / / |  D2 / / / | A/E / / / | E(Add4) / / / |]
Then from north to south and east to west
We'd hear ""Christ be magnified!""

TURN {{(ld grt lead Theme once) }}

 [| A / / E | D2 / / / |]
VERSE 2 {{(Add bass on 1&2, acoustic rhythm,
ld gtr riff,  rhy gtr palm mute 1/16, light drums)}}

[| A / / / |  D2 / / / | A / / / | D2 / / / |]
Were the whole earth echoing His eminence
His name would burst from sea and sky

[| A/C# / / / | D2 / / / | A/E / E(add4) | A / A2 / | A / / / |]
From rivers to the mountaintops
We'd hear ""Christ be magnified""

CHORUS {{(Add harmony, bass 1,2,4, keys double
bass legato, ld gtr hi drone 1/16, rhy grt palm mute 1/16 )}}

[| A / / Asus/B | D2 / / Esus | F#m7 / / Esus |  D2 / / / |]
O Christ be magnified in me, Let His praise arise
Christ be magnified in me

[| A / / Asus/B | D2 / / Esus | F#m7 / / Esus |  D2 / / / |]
O Christ be magnified, From the altar of my life
Christ be magnified in me

TURN {{(Ld gtr theme once)}}

[| A / / E | D2 / / / |]

VERSE 3

[| A / / / |  D2 / / / | A / / / | D2 / / / |]
When every creature finds its inmost melody
And every human heart its native cry

[| A/C# / / / | D2 / / / | A/E / E(add4) | A / A2 / | A / / / |]
Oh then in one enraptured hymn of praise
We'll sing ""Christ be magnified!""

[|  D6 / / / | A/D / / / | D2 / / / |]


CHORUS

[| A / / Asus/B | D2 / / Esus | F#m7 / / Esus |  D2 / / / | repeat ]
O Christ be magnified in me, Let His praise arise
Christ be magnified in me
O Christ be magnified, From the altar of my life
Christ be magnified in me

INTERLUDE

[| D2 / / / | E(add4) / / / | F#m7 / / / | A/C# / / / |]

BRIDGE

[| D2 / / / | E(add4) / / / | F#m7 / / / | A/C# / / / |]
I won't bow to idols
I'll stand strong and worship You
If it puts me in the fire
I'll rejoice ‘cause You're there too

[| D2 / / / | E(add4) / / / | F#m7 / / / | A/C# / / / |]
I won't be formed by feelings
I hold fast to what is true
If the cross brings transformation
Then I'll be crucified with You

[| D2 / / / | E(add4) / / / | F#m7 / / / | A/C# / / / |]
'Cause death is just the doorway
Into resurrection life
If I join You in Your sufferings
Then I'll join You when You rise

[ | D2 / / / | E(add4) / / / | F#m7 / / / | E(add4) / / / |]
And when You return in glory
With all the angels and the saints
My heart will still be singing
And my song will be the same

CHORUS

[| A / / Asus/B | D2 / / Esus | F#m7 / / Esus |  D2 / / / | repeat ]
O Christ be magnified in me, Let His praise arise
Christ be magnified in me
O Christ be magnified, From the altar of my life
Christ be magnified in me

CHORUS

[| A / / Asus/B | D2 / / Esus | F#m7 / / Esus |  D2 / / / | repeat ]
O Christ be magnified in me, Let His praise arise
Christ be magnified in me
O Christ be magnified, From the altar of my life
Christ be magnified in me

",A,"","",,,,,,
22662353,No One But You,7135000,"","",,"",Worship Together,73,0,1 Samuel 2:2; Ephesians 3:20; 2 Samuel 7:22,D: D,"Intro
[| D / / / | C / / / | G / / / | D / / / |]

Verse 1
[D]   Who can melt the h[Csus2]ardest heart
[G]   And speak life into my s[D]oul?
[D]   Who can spin the w[Csus2]orld around
[G]   And hold me ever cl[D]ose?

Verse 2
[D]   Who can search the d[Csus2]epths of me
[G]   And love me to the c[D]ore?
[D]   Who controls the w[Csus2]orld I see
[G]   And walks me through it [D]all

Chorus
[Csus2]            No o[G]ne but Y[D]ou
[Csus2]            No o[G]ne but Y[D]ou

Verse 3
[D]   Who has made the r[Csus2]ighteous bright?
[G]   Who has paves my way with gr[D]ace?
[D]   Loved me through my d[Csus2]arkest hours
[G]   A thousand different w[D]ays

Chorus
[Csus2]            No o[G]ne but Y[D]ou
[Csus2]            No o[G]ne but Y[D]ou

Post Chorus 1
[D]I'll sing of your lov[Csus2]e
I can't get enou[G]gh
I just want [D]You
The Lord of my so[Csus2]ul
King of my he[G]art
Jesus it's [D]You

REPEAT POST CHORUS 1

Instrumental 
[| C / / / | G / / / / | D / / / / | D / / / |]
[| C / / / | G / / / / | D5 / / / / | D5 / / / |]

Bridge 1
Here the [D5]oceans roar, see the sk[D5/C]ies light up
Every he[Gsus2]art now sing to the Lo[D5]rd
Hear the r[D5]ocks cry out, see the mo[D5/C]untains bow
Every he[Gsus2]art come worship the Lo[D5]rd

Bridge 2
Here the [D]oceans roar, see the sk[C]ies light up
Every he[G]art now sing to the Lo[D]rd
Hear the r[D]ocks cry out, see the mo[C]untains bow
Every he[G]art come worship the Lo[D]rd

REPEAT BRIDGE 2

Instrumental 2
[| D / / / | C / / / | G / / / | D / / / |]
[| D / / / | C / / / | G / / / | D / / / |]

REPEAT BRIDGE 2

Interlude
[| D5 / / / | C / / / | G / / / | D / / / |]

Bridge 3
[D]No one, no one, [C]no one, no one
[G]No one, Lord but Yo[D]u

REPEAT BRIDGE 3 <i>(play 8 times in total)</i>

Post Chorus 2
[D]I'll sing of your lov[C]e
I can't get enou[G]gh
I just want [D]You
The Lord of my so[C]ul
King of my he[G]art
Jesus it's [D]You

Instrumental 2
[| D / / / | C / / / | G / / / | D / / / |]
[| D / / / | C / / / | G / / / | D / / / |]",D,"","",,,,,,,,,,,,
22662401,Simple Kingdom,7195486,System.String[],"","April 02, 2026","",Worship Together,65,0,"1 Chronicles 29:11, Matthew 5:10, Luke 10:9","C: Original key; duet, D, G","Intro
[| Am7 / Gsus / | F / C / |]
[| Dm7 / Gsus / | C / / / |]

Verse 1
Your kingdom is [F/C]sim-[C]ple
As simple a[Am7]s love
You welcomed the [F]chil-[C]dren 
You stopped for the [Gsus]one  [G]
We want to see [Am7]people  [C/G]
The way Jesu[F]s does  [C/E]
Your kingdom is [Dm7]sim-[C/E]ple  [Gsus]
Lord, teach it t[C]o us

Verse 2
Your kingdom is [F/C]hum-[C]ble
As humble a[Am7]s death
His King is a [F]sav-[C]ior 
Who gave His la[Gsus]st breath  [G]
So may we die [Am7]daily  [C/G]
Our pride laid to [F]rest  [C/E]
His kingdom is [Dm7]hum-[C/E]ble  [G(add4)]
And the broken ar[C]e blessed

Chorus
[Am7]Halle[G(add4)]lujah 
[F]Hallowed be Your na[C]me
May we [Dm7]live and [C/E]breathe Your pr[G]aise 
[Am7]Halle[G(add4)]lujah
Let [F]all creation sa[C]y 
Oh The [Dm7]King of [G]heaven re[C]igns  

Turnaround
[Csus]

Verse 3
Your kingdom is [F]com-[C]ing
Your kingdom i[Am7]s here
Alive in our [F]wait-[C]ing
At work in ou[Gsus]r tears  [G]
So come to us [Am7]quickly  [C/G]
Forever ou[F]r prayer  [C/E]
Your kingdom is [Dm7]com-[C/E]ing  [Gsus]
Lord Jesus, co[C]me near

REPEAT CHORUS 2x

Interlude
[| F/C / / / | C / / / | F/C / / / |]

Verse 4
Your kingdom is [F/C]back-[C]wards
It flows in re[Am7]verse
What You call a [F]treas-[C]ure
This world ca[Gsus]lls a curse  [G]
The small become [Am7]great and  [C/G]
The last become [F]first  [C/E]
Your kingdom is [Dm7]back-[C/E]wards  [Gsus]
Lord, teach us to [C]serve
As it is with Your [Dm7]king-[C/E]dom  [Gsus]
Let it be with Your [C]church  [Csus]

REPEAT CHORUS 2x

Tag
Oh The [Dm7]King of [Gsus]heaven re[Am]igns
Oh The [F]King of [Gsus]heaven re[C]igns

Interlude
[| Csus / / / | C / / / | Csus / / / |]

REPEAT CHORUS voices only",C,"","",,,,,,,,,,,,
22920788,Same God,7183537,"","","May 17, 2026","",Elevation Worship,72.5,481,"","C, F, G","    INTRO    <s>(egtr, keys) intro riff; pad; drums, bass out</s>
[| Db / / / | Gb/Db Db / / | Db / / / | Gb/Db Db / / |]

    VERSE 1    <s>piano CPC</s>
[|Db / / /]I'm calling on the God of [|Gb/Db]Jacob [Db / /]
[|Db / / /]Whose love endures through
gener[|Gb/Db]a[Db / /]tions
[|Bbm  <s>bass in CPC</s> / / /]I know that You will keep Your [|Gb / / /]covenant
[|Db / / /]I'm calling on the God of [|Gb/Db]Mo [Db / /]ses
[|Db / / /]The one who opened up the [|Gb/Db]o [Db / /]cean
[|Bbm / / /]I need You now to do the [|Gb / / /]same thing for me
[| Db / / / | Gb/Db Db / / |]
<s>(egtr, keys): end of intro riff</s>] 

    CHORUS 1    <s>agtr 1/8 strum;
piano(egtr) chorus theme</s>
[|Db / / /]O God my God I need You
[|Bbm / / /]O God my God I need You [|Gb / / /]now
How I need You [|Gb / / /]now
[|Db / / /]O Rock O Rock of ages
[|Bbm / / /] I'm standing on Your faithful[|Gb / / /]ness
On Your [|Gb / / /]faithfulness
[| Db / / / | Gb/Db Db / / |]
COLUMN_BREAK
    VERSE 2    <s>drums in, tom pattern;
egtr(piano) verse riff; bgv melody</s>
[|Db / / /]I'm calling on the God of [|Gb/Db]Mary  [Db / /]
[|Db / / /]Whose favor rests upon the [|Gb/Db]lowly  [Db / /]
[|Bbm / / /]I know with You all things are [|Gb / / /]possible
[|Db / / /]I'm calling on the God of [|Gb/Db]David  [Db / /]
[|Db <s>bgv add harmony</s>/ / /]Who made a shepherd boy
cou[|Gb/Db]ra[Db / /]geous
[|Bbm / / /]I may not face Goliath
[|Gb <s>BREAK</s>/ / /]But I've got my own giants

    CHORUS 2A    <s>BIGGER agtr full strum; piano(egtr) chorus theme</s>
[|Db / / ]O God my God I [Ab/C]need You
[|Bbm / /]O God my God I [Ab/C]need You [|Gb / /]now
How I [Db/F]need You [|Gb / /]now [Ab]
[|Db / /]O Rock O Rock of [Ab/C]ages
[|Bbm / /] I'm standing on Your [Ab]faithful[|Gb / /]ness
[Db/F]On Your [|Gb / /]faithfulness[[Ab]

    CHORUS 2B
[|Db / / ]O God my God I [Ab/C]need You
[|Bbm / /]O God my God I [Ab/C]need You [|Gb / /]now
How I [Db/F]need You [|Gb / /]now [Ab]
[|Db / /]O Rock O Rock of [Ab/C]ages
[|Bbm / /] I'm standing on Your [Ab]faithful[|Gb / /]ness
[Db/F]On Your [|Gb / /]faithfulness[[Ab]
COLUMN_BREAK
    INSTRUMENTAL <s>DOWN
bass & drums out</s>
[| Db / / / | Bbm / / / | Gb / / / | Gb / Ab /|]

    BRIDGE 1 <s>agtr CPM; bgv out</s>
[|Db / / /]You heard Your children then
[|Bbm / / /]You hear Your children now
[|Gb / / /]You are the same God
[|Gb /]You are the [Ab /]same God
[|Db / / /]You answered prayers back then
[|Bbm / / /]And You will answer now
[|Gb / / /]You are the same God
[|Gb / ]You are the [Ab /]same God
[|Db <s>drums in; agtr full strum; bgv melody</s>/ / /]You were providing then
[|Bbm / / /]You are providing now
[|Gb / / /]You are the same God
[|Gb /]You are the [Ab /]same God

    BRIDGE 2
[|Db <s>BUILDING bgv harmony</s>/ / /]You moved in power then
[|Bbm / / /]God move in power now
[|Gb / /]You are the same [Db/F]God
[|Gb /]You are the [Ab /]same God
COLUMN_BREAK
[|Db <s>bass in 1/4</s>/ / /]You were a healer then
[|Bbm / / /]You are a healer now
[|Gb / /]You are the same [Db/F]God
[|Gb /]You are the [Ab /]same God
[|Bbm <s>BIGGER bass 1/8</s> / / /]You were a Savior then
[|Db/Ab / / /]You are a Savior now
[|Gb / /]You are the same [Db/F]God
[|Gb / ]You are the [Ebm /]same God

    CHORUS 2C <s>BIG egr, piano chorus theme</s>
[|Db / / ]O God my God I [Ab/C]need You
[|Bbm / /]O God my God I [Ab/C]need You [|Gb / /]now
How I [Db/F]need You [|Gb / /]now [Ab]
[|Db / /]O Rock O Rock of [Ab/C]ages
[|Bbm / /] I'm standing on Your [Ab]faithful[|Gb / /]ness
[Db/F]On Your [|Gb / /]faithfulness[[Ab]

    OUTRO <s>LESS BUT NOT DOWN</s>
[|Db / / Ab/C | Bbm /  /Ab]
[|Gb / / ][Db/F]On Your [|Gb / /]faithfulness[Ab]
[|Db / / Ab/C | Bbm / / Ab]
[|Gb / / Db/F |Gb / Ab | Db / / /]
",Db,"","",,,,,,,,,,,,
22959487,Strongholds,7115286,System.String[],"",,"",Worship Together,90,0,Isaiah 54:17; 2 Corinthians 10:3-5,Bb: Bb,"Intro
[|Bb / / Fsus | Eb2 / / / | Bb / / Fsus | Eb2 / / / |]

Verse 1
[Bb]Walls are [Fsus]coming do[Eb2]wn
[Bb]Fear is [Fsus]coming do[Eb2]wn
[Gm7]Lies are [Fsus]coming do[Eb2]wn
By the blood of the La[Bb]mb   [Fsus]  [Eb2]

Verse 2
[Bb]Idols are [Fsus]coming do[Eb2]wn
[Bb]Giants are [Fsus]coming do[Eb2]wn
[Gm7]Darkness is [Fsus]coming do[Eb2]wn
By the blood of the La[Bb]mb   [Fsus]  [Eb2]

Chorus
[Bb]   No weapon formed a[Fsus]gainst me
[Eb2]   Can stand against Your word
[Gm7]   Shout it out
[Fsus]Every [Eb2]stronghold must come down
[Bb]   Jesus is unde[Fsus]feated
[Eb2]   The battle is the Lord’s
[Gm7]   Shout it out
[Fsus]Every [Eb2]stronghold must come down

Turnaround
[|Bb / / Fsus | Eb2 / / / | Bb / / Fsus | Eb2 / / / |]

Verse 3
[Bb]Mountains are [Fsus]coming do[Eb2]wn
Ad[Bb]dictions are [Fsus]coming do[Eb2]wn
All [Gm7]evil is [Fsus]coming do[Eb2]wn
By the blood of the La[Gm7]mb
The blood of the La[Eb2]mb

REPEAT CHORUS

Turnaround
[|Ebmaj7 / / / |]

Bridge 1
[Eb2]   The Lord is our salvation
[F(add4)]   He is our champion
[Gm7]   Oh, there is power
So much [Bbmaj7/D]power in His blood
[Eb2]   He holds the keys to freedom
[F(add4)]   He trampled death and grave
[Gm7]   The demons trembled 
When He [Bbmaj7/D]rolled the stone away

Bridge 2
[Eb2]   The Lord is our salvation
[F(add4)]   He is our champion
[Gm7]   Oh, there is power
So much [Bbmaj7/D]power in His blood
[Eb2]   He holds the keys to freedom
[F(add4)]   He trampled death and grave
[Gm7]   The demons trembled 
When He [Fsus/A]rolled the stone away

Alt Chorus
[Bb]   No weapon formed a[Fsus]gainst me
[Eb2]   Can stand against Your word
[Gm7]   Shout it out
[Fsus]Every [Eb2]stronghold must come down
[Bb]   Jesus, You’re unde[Fsus]feated
[Eb2]   This battle, it is Yours
[Gm7]   Shout it out
[Fsus]Every [Eb2]stronghold must come down

Tag
[Bb]   [Fsus]Every [Eb2]stronghold must come down
[Bb]   Jesus, [Fsus]I be[Eb2]lieve it
They all fall do[Gm7]wn   [Fsus]  [Eb2]

Instrumental
[|Bb / / / | Bbsus / / / | Bb / / / | Bbsus / / / |]

Verse 4
[Bb]Love is [F(add4)]pouring ou[Eb2]t
[Bb]Grace is [F(add4)]pouring ou[Eb2]t
[Gm7]Mercy is [F(add4)]pouring ou[Eb2]t
By the blood of the La[N.C.]mb",Bb,"","",,,,,,,,,,,,
23037884,Do What Only You Can Do,7188219,"Believe, Jesus, Miracles, Restoration, Victory","",,"",Worship Together,77,0,Matthew 7:7; Mark 10:27; Jeremiah 32:27,B: B,"Intro
[|B / / / | B / / / | B / / / | B / / / |]

Verse 1
You make [B]kings out of [B]shepherds
You build [G#m7]roads in the [G#m7]ocean
Lord, You [E2]make a fool  [E2] 
Of the impossible  [B]

Verse 2
You speak [B]light into [B]darkness
You re[G#m7]store what was [G#m7]broken
Lord, with [E2]You, we know  [E2]
All things are possible  [B]

Pre-Chorus
[E2]   And still today,[F#]   we believe
[G#m7]   There are greater things for [B/D#]us to [E2]see
[E2]   We lift our eyes, [F#]   behold the King
[G#m7]   You already have the [B/D#]victo[E2]ry   [E2]

Chorus
[B]   Lord, we’re [E/B]read-[B]y
[B]   To [E/B]see a [B]mir-a-[G#m7]cle
Lord, we’re [E/G#]read[G#m7]y 
[G#m7]   To [E/G#]watch Your [G#m7]glory [E2]fall
Do what [B]only You can [G#m7]do
Do what [E2]only You can [B]do
Lord, we’re [E/B]read-[B]y 
[B]   For [E/B]revival [B]in this [G#m7]place
Lord, we’re [E/G#]read[G#m7]y 
[G#m7]   We don’t [E/G#]want to [G#m7]leave the [E2]same 
Do what [B]only You can [G#m7]do
Do what [E2]only You can do

Turnaround
[|B / / / | B / / / |]

Verse 3
You breathe [B]life into [B]dry bones
Even [G#m7]death is not [G#m7]final
Lord, You [E2]make a fool  [E2] 
Of the impossible  [B]   [B]

REPEAT CHORUS

Interlude
[|E / / / | F#(add4) / / / | G#m / / / | B / / / |]

Bridge
[E]   Breakthrough is coming 
[F#(add4)]   Strongholds are falling 
[G#m]   Our God is moving
[B]We believe it, believe it

REPEAT BRIDGE 2x

Last Bridge
[C#m7]   Breakthrough is coming 
[B/D#]   Strongholds are falling 
[E2]   Our God is moving
[F#(add4)]We believe it, believe it [F#]

Last Chorus
[B]   Lord, we’re [E/B]read-[B]y
[B]   To [E/B]see a [B]mir-a-[G#m7]cle
Lord, we’re [E/G#]read[G#m7]y 
[G#m7]   To [E/G#]watch Your [G#m7]glory [E2]fall
Do what [B]only You can [G#m7]do
Do what [E2]only You can [B]do
Lord, we’re [E/B]read-[B]y 
[B]   For [E/B]revival [B]in this [G#m7]place
Lord, we’re [E/G#]read[G#m7]y 
[G#m7]   We don’t [E/G#]want to [B/D#]leave the [E2]same 
Do what [B]only You can [G#m7]do
Do what [F#]only You can [E2]do

Tag
Do what [B]only You can [G#m7]do
Do what [F#/A#]only You can [E2]do
Do what [B]only You can [G#m7]do
Do what [E2]only You can [B]do",B,"","",,,,,,,,,,,,
23072794,All Hail The King,7100688,"","",,"",Vertical Worship,82,288,"",Bb,"Verse 1

We make way for You
Prepare a place for You
Let our praise become Your throne
Hear Your people sing
Give You everything
Jesus all for You alone

Chorus 1

All hail the King
All hail the Savior
Jesus the Son of God
All hail His name
All hail His power
Before His feet we fall
As we crown Him Lord of all

Verse 2

This is royalty robed in majesty
All the earth will stand in awe
And for eternity all of heaven sings
With an everlasting song

Misc 1

(Bridge)
Awake my soul and sing
Of Him who died for me
And hail Him as the matchless King
Through all eternity",G,"","",,,,,,,,,,,,
23073012,O Come O Come Emmanuel,31982,"The Light, Seasonal, Advent, Liberty, , Jesus, Christmas, Light, Salvation, Victory, Heaven","","December 01, 2024","",Default Arrangement,,0,"",Em,"Verse 1

O come O come Emmanuel
And ransom captive Israel
That mourns in lonely exile here
Until the Son of God appear

Chorus 1

Rejoice rejoice Emmanuel
Shall come to thee O Israel

Verse 2

O come Thou Dayspring come and cheer
Our spirits by Thine advent here
Disperse the gloomy clouds of night
And death's dark shadows put to flight

Verse 3

O come Thou Wisdom from on high
And order all things far and nigh
To us the path of knowledge show
And cause us in her ways to go

Verse 4

O come Desire of nations bind
All peoples in one heart and mind
Bid envy strife and quarrels cease
Fill the whole world with heaven's peace",Em,"","",,,,,,,,,,,,
23073147,Prepare The Way,3441008,"The Light, , Kingship, Jesus, Light","",,"",Default Arrangement,,0,"",D,"Misc 1

(Intro)
Prepare the way prepare the way
Prepare the way of the Lord
(REPEAT)

Chorus 1

Jesus Jesus Jesus Jesus
Jesus Jesus Jesus Jesus

Verse 1

You are the light of the world
You are the light of the world
You are the light of the world Jesus
(REPEAT)

Verse 2

You are the King of the earth
You are the King of the earth
You are the King of the earth Jesus
(REPEAT)

Chorus 2

Jesus Jesus Jesus Jesus Jesus Jesus Jesus
Jesus Jesus Jesus Jesus Jesus Jesus Jesus",D,"","",,,,,,,,,,,,
23073294,This Is Our God (Chris Tomlin 2001),3330810,"Refuge, Shelter,","",,"",Default Arrangement,,0,"",F#,"Verse 1

A Refuge for the poor
A Shelter from the storm
This is our God
He will wipe away your tears
And return your wasted years
This is our God

Misc 1

(Pre-Chorus)
Oh mmm this is our God
Oh mmm this is our God

Verse 2

A Father to the orphan
A Healer to the broken
This is our God
He brings peace to our madness
And comfort in our sadness
This is our God

Chorus 1

This is the One we have waited for
This is the One we have waited for
This is the One we have waited for
Oh mmm this is our God

Verse 3

A Fountain for the thirsty
A Lover for the lonely
This is our God
He brings glory to the humble
And crowns for the faithful
This is our God",F#,"","",,,,,,,,,,,,
23073341,God With Us,6460237,"Emmanuel, Purpose, Jesus","",,"",Default Arrangement,,0,"",D,"Verse 1

Oh You've come to bring peace to be Love
To be nearer to us
You've come to bring life to be Light
To shine brighter in us
Oh Emmanuel God with us

Chorus 1

Our Deliverer You are Savior
In Your presence we find our strength
Over ev'rything our Redemption
God with us
You are God with us

Verse 2

Oh You've come to be Hope to this world
For Your honor and name
And You've come to take sin to bear shame
And to conquer the grave
Oh Emmanuel God with us

Misc 1

(Bridge)
You are here
You are holy
We are standing in Your glory (Lord)
(REPEAT)

Misc 2

(Ending)
Oh God with us
You are God with us",D,"","",,,,,,,,,,,,
23073673,Of The Father's Love Begotten (Divinum Mysterium),4780029,"Creation, Love","",,"",Default Arrangement,,0,"",D,"Verse 1

Of the Father's love begotten
Ere the worlds began to be
He is Alpha and Omega
He the source the ending He
Of the things that are that have been
And that future years shall see
Evermore and evermore

Verse 2

At His word they were created
He commanded it was done
Heaven and earth and depths of ocean
In their threefold order one
All that grows beneath the shining
Of the light of moon and sun
Evermore and evermore

Verse 3

O that birth for ever blessed
When the Virgin full of grace
By the Holy Ghost conceiving
Bare the Saviour of our race
And the babe the world's Redeemer
First revealed His sacred face
Evermore and evermore

Verse 4

O ye heights of heaven adore Him
Angel-hosts His praises sing
Powers dominions bow before Him
And extol our God and King
Let no tongue on earth be silent
Every voice in concert ring
Evermore and evermore

Verse 5

This is He whom seers and sages
Sang of old with one accord
Whom the writings of the prophets
Promised in their faithful word
Now He shines the long-expected
Let creation praise its Lord
Evermore and evermore

Verse 6

Hail Thou Judge of souls departed
Hail Thou King of them that live
On the Father's throne exalted
None in might with Thee may strive
Who at last in judgement coming
Sinners from Thy face shalt drive
Evermore and evermore

Verse 7

Christ to Thee with God the Father
And O Holy Ghost to Thee
Hymn and chant and high thanksgiving
And unwearied praises be
Honour glory and dominion
And eternal victory
Evermore and evermore",D,"","",,,,,,,,,,,,
23188397,I'll Follow You,7183165,"Commitment, Faith, Faithfulness, Trust","",,"",Jonathan Traylor,122,208,"",D,"Verse 1

I cannot see what tomorrow will bring
But I know You are with me
I do not know what the future will hold
But You'll never forsake me

Misc 1

(Pre-Chorus)
All my days
You never left my side
Cloud by day
Fire by night

Chorus 1

I'll follow You all of my life
I'll follow You all of my life
(I'll follow You all of my life)

Verse 2

I cannot win this battle on my own
I'm so glad You are for me
I've been in the fire but You brought out
No You'll never forsake me

Misc 2

(Bridge)
Every step I take You've already been there
And every move I make You've seen it before
So I won't turn back now for You are with me
You have led me here so I will trust in the Lord
(REPEAT)",D,"","",,,,,,,,,,,,
23324119,Mercy In A Manger,7205223,"Christmas, Jesus, Mercy, Sacrifice, Savior","",,"",Worship Together,72,0,Luke 2:11; Titus 2:13,F: F,"Intro
[|F / C/E Gm | F / C/E Gm |]
[|F / C/E Dm | Csus / C / |]

Verse 1
There is a [F]light
That [C/E]burns for [Gm]all to [F]see
Hope [C/E]for hu[Gm]mani[F]ty
The [C/E]only [Dm]Son of [Csus]God  [C]
Sent down to [F]earth
Not [C/E]in tri[Gm]umphant [F]stride
But [C/E]with an [Gm]infant’s [F]cry
The [C/E]perfect [Dm]gift of [Csus]love  [C]

Chorus
In Bethl[Bbmaj7]ehem, a Child i[F]s born
The King o[Bbmaj7]f kings, the Lord o[C]f lords
Em[F/A]man-[Bbmaj7]uel, God here wi[F/A]th us
Behold the [Gm7]Savior
[C]Mercy in a [F]manger   

Turnaround
[|F / / / |]

Verse 2
Given to [F]us
The [C/E]rich, the [Gm]poor, the [F]weak
The [C/E]rulers [Gm]and the [F]thieves
Yet [C/E]none was [Dm]worthy [Csus]of  [C]
This sacri[F]fice
How [C/E]could [Gm]we under[F]stand
That [C/E]heaven’s [Gm]holy [F]Lamb
Had [C/E]come to [Dm]bear the [Csus]cross?  [C]

REPEAT CHORUS

Bridge
[Bbmaj7]Glory, [C]glory
[Dm7]In excelsis [F]Deo
[Bbmaj7]Glory, [C]glory
[Dm7]In excelsis [F]Deo

REPEAT BRIDGE

Final Chorus
In Bethl[Bbmaj7]ehem, a Child i[F]s born
The King o[Bbmaj7]f kings
The Lord o[C]f lor[Csus/D]ds  [C/E]
Em[F/A]man-[Bbmaj7]uel, God here wi[F/A]th us
Behold the [Gm7]Savior
[C]Mercy in a [Dm]manger
Behold the [Gm7]Savior
[C]Mercy in a [F]manger",F,"","",,,,,,,,,,,,
23389778,Hallelujah (Secret Chord),5516144,"","",,"",Default Arrangement,,0,"",C,"Verse 1

Well I heard there was a secret chord
That David played and it pleased the Lord
But you don't really care for music do you
It goes like this the fourth the fifth
The minor fall the major lift
The baffled king composing hallelujah

Chorus 1

Hallelujah
Hallelujah
Hallelujah
Hallelujah

Verse 2

Your faith was strong but you needed proof
You saw her bathing on the roof
Her beauty and the moonlight overthrew you
She tied you to a kitchen chair
She broke your throne she cut your hair
And from your lips she drew the hallelujah",C,"","",,,,,,,,,,,,
23415990,Love Comes Down (Gungor),5553633,"Beauty, Grace, Hope, Love, Adoration","","December 07, 2025","",Default Arrangement,,0,"",E,"",,"","",,,,,,,,,,,,
23416036,It Came Upon The Midnight Clear,31078,"Seasonal, Jesus, Christmas","","December 15, 2024","",Default Arrangement,,0,"","Ab, G","",,"","",,,,,,,,,,,,
23423043,O What A King,,System.String[],"",,"",Worship Together,73,0,Matthew 1:23; Luke 2:12,C: C,"Intro
[|C / / / |]

Verse 1
[Am7]Who am I that [F2]You would choose me[C]?
Just a lo[Am7]wly girl from a [F2]simple famil[C]y
[Am7]Who am I that [F2]angels speak my na[C]me?
[Am7]Called to be the m[F2]other of
The On[Gsus]e who comes to save

Chorus
[C]O what a King
Em[F2]manuel, God [C]with us
The [F2]world will call You [C]Jesus 
[Am7]I will call you [G]son
[C]O what a King
[F2]Heaven bows be[C]fore You 
Your [F2]mother, she a[C]dores You 
[Am7]Long-awaited [G]One
O what a [C]King

Verse 2
[Am7]Born into a [F2]world of sufferin[C]g
They don’t kn[Am7]ow the gift I [F2]know You’re gonna b[C]e
I [Am7]wish I could pro[F2]tect You from the pa[C]in
But [Am7]something’s telling [F2]me 
That’s the [Gsus]reason why You [G]came

REPEAT CHORUS

Bridge
[G]Holy, h[Am7]oly, lying [F2]in the ma[C]nger 
[G]Holy, h[Am7]oly is the [F2]Son of Go[C]d 
[G]Hallel[Am7]ujah, hear the [F2]angels si[C]nging 
[G]Hallel[Am7]ujah, heaven’s [F2]light has come  [F2]

Last Chorus
[C]O what a King
Em[F2]manuel, God [C]with us
The [F2]world will call You [C]Jesus 
[Am7]I will call you [G]son
[C]O what a King
[F2]Heaven bows be[C]fore You 
Your [F2]mother, she a[C]dores You 
[Am7]Long-awaited [G]One

O what a [Am7]King  [F2]   [C]
O what a [Am7]King  [F2]   [C]",C,"","",,,,,,,,,,,,
23460582,In The Bleak Midwinter,294736,"Christ, Seasonal, Christmas","","December 03, 2023","",Default Arrangement,,260,"","C, F","{title: In The Bleak Midwinter}
{artist: Words by Christina Georgina Rossetti | Music by Gustav Theodore Holst}
{key: F}
{tempo: 100}
{time: 4/4 }

{comment: Verse 1}
[F]In the bleak mid - [Dm]winter    [Bb]frosty wind made moan[C]
[F]Earth stood hard as [Dm]iron,     [Bb]water  [C]like  a  [F]stone 
[Bb/D]Snow had fal - len,     [Bb]snow on [Dm]snow, [F/A]snow   [Bb]on     [C]snow 
[F]In the bleak mid - [Dm]winter     [Bb]long   [C] a - [F]go 

{comment: Verse 2}
Our [F]God, heav’n cannot [Dm]hold Him, [Bb]nor earth sustain[C]
[F]Heav’n and earth shall [Dm]flee away [Bb]when He [C]comes to [F]reign 
[Bb/D]In the bleak mid - [Bb]win  -  [Dm]ter  a  [F/A]stable [Bb]place suf - [C]ficed 
The [F]Lord God Al - [Dm]mighty,    [Bb]Je   - [C] sus [F]Christ 

{comment: Verse 3}
[F]Angels and arch - [Dm]angels    [Bb]may have gath - ered   there[C]
[F]Cherubim and [Dm]seraphim    [Bb]thronged [C] the [F]air 
[Bb/D]But His moth - er   [Bb]on   -   [Dm]ly       [F/A]in her [Bb]maiden [C]bliss 
[F]Worshipped the Be - [Dm]loved     [Bb]with   [C]  a  [F]kiss 

{comment: Verse 4}
[F]What can I [Dm]give Him, [Bb]poor as I am[C]
[F]If I were a [Dm]shepherd   [Bb]I would [C]bring a [F]lamb 
[Bb/D]If I were a   [Bb]wise     [Dm]man      [F/A]I would [Bb]do my [C]part 
Yet [F]what can I [Dm]give Him? [Bb]Give   [C] my [F]heart 

",F,"","",,,,,,,,,,,,
23590051,Battle Belongs,7148126,"","","July 05, 2026","",Default Arrangement,,0,"","Bb, C, Db, G","Revision 2024-05-30

  INTRODUCTION <s>BIG rhythmic hits</s>
[|Db / / / | Db / Dbsus Db]
[|Db / / / | Db / Dbsus Db]

  VERSE 1A
<s>All in, 1/16th groove, but MEDIUM. No harmony</s>
[|Db / / / | / / / /] When all I see is the battle,
You see my [|Gb2 / / / | / / / /]victory
[|Bbm7 / / / | / / ] When all I see is the mountain,
You [Absus /]see a moun-[|Gb2 / / /]tain moved
[|Db / / / | / / / /] And as I walk through the shadow,
Your love sur- [|Gb2 / / / | / / / /]rounds me
[|Bbm7 / / / | / / ] There's nothing to fear now for 
[Absus /]I am safe [|Db / / / | / / / /] with You

  CHORUS 1A <s>BREAKDOWN</s>
So when I [|Gb2 /]fight, I'll [Db /]fight on my [|Ab /]knees
With my [Bbm7 /]hands lifted high
[|Gb /] Oh [Db /]God, the battle be-[|Ab /]longs to [Bbm7 /]You
And every [|Gb <s>add kick</s> /]fear I [Db / ]lay at Your[|Ab /] feet
I'll [Bbm7 / ]sing through the night
[|Gb /] Oh [Db / ]God, the battle be-[|Ab / <s>short measure</s>]longs to You

  TURNAROUND 1  <s>BIG rhythmic hits</s>
[Db / / / | Db / Dbsus Db]
COLUMN_BREAK
  VERSE 2A
<s>All in, 1/16th groove, but MEDIUM. No harmony</s>
[|Db / / / | / / / /] And if You are for me,
who can be a- [|Gb2 / / / | / / / /]gainst me?
[|Bbm7 / / / | / / ] For Jesus, there's nothing
im-[Absus /]possible [|Gb2 / / /]   for You
[|Db <s>BUILDING</s> / / / | / / / /] When all I see are the ashes,
You see the  [|Gb2 / / / | / / / /]beauty
[|Bbm7 / / / | / / ] When all I see is a cross, God,
You [Absus /]see the emp-[|Db <s>BIG 1/8 hits</s> /]ty
tomb [Dbsus / | Db / Dbsus Db]

  CHORUS 1B
 <s>BIG, add harmony, lead play chorus hook</s>
So when I [|Gb2 /]fight, I'll [Db /]fight on my [|Ab /]knees
With my [Bbm7 /]hands lifted high
[|Gb /] Oh [Db /]God, the battle be-[|Ab /]longs to [Bbm7 /]You
And every [|Gb / ]fear I [Db / ]lay at Your[|Ab /] feet
I'll [Bbm7 / ]sing through the night
[|Gb /] Oh [Db / ]God, the battle be-[|Ab / <s>short measure</s>]longs to You

TURNAROUND 2 <s>1/8 hits</s>
 [|Db / / /]
COLUMN_BREAK
  BRIDGE 1A <s>BREAKDOWN</s>
<s>I-V pad and agtr strums, just lead vox</s>
[|Gb / / /]   Almighty [|Db / / /]fortress,
You go be-[|Absus / / /]fore us
Nothing can [|Bbm7 / ]stand against the [Absus / ]power of our
[|Gb / / /]God, You shine in the [|Db / / /]shadows,
You win every [|Absus / / /]battle
Nothing can[|Bbm7 / ] stand against the [Absus /]power of our

  BRIDGE 1B <s>MEDIUM</s>
<s>all in, vox double melody, lead play bridge hook</s>
[|Gb / / /] God,   an Almighty [|Db / / /]fortress,
You go be-[|Absus / / /]fore us
Nothing can [|Bbm7 / ]stand against the [Absus / ]power of our
[|Gb / ]God, [<s>add 2nd harmony</s> / /]You shine in the [|Db / / /]shadows,
You win every [|Absus / / /]battle
Nothing can[|Bbm7 / ] stand against the [Absus /]power of our
COLUMN_BREAK
  BRIDGE 1C  <s>BIG full rhythm, add 3rd harmony</s>
[|Gb / / /] God,   an Almighty [|Db / / /]fortress,
You go be-[|Absus / / /]fore us
Nothing can [|Bbm7 / ]stand against the [Absus / ]power of our
[|Gb <s>1/8 rhythm</s>/ / /]God, You shine in the [|Db / / /]shadows,
You win every [|Absus / / /]battle
Nothing can[|Bbm7 / ] stand against the [Absus /]power of our

  TAG 1
[|Gb / / / | Absus / / /]
God

  CHORUS 1C <s>BIG, lead play chorus hook</s>
So when I [|Gb2 /]fight, I'll [Db /]fight on my [|Ab /]knees
With my [Bbm7 /]hands lifted high
[|Gb /] Oh [Db /]God, the battle be-[|Ab /]longs to [Bbm7 /]You
And every [|Gb /]fear I [Db / ]lay at Your[|Ab /] feet
I'll [Bbm7 / ]sing through the night
[|Gb /] Oh [Db / ]God, the battle be-[|Ab /]longs to [Bbm7 /]You

  TAG 2
[|Gb / ]  Oh [Db / ]God, the battle be-[|Ab / <s>short measure</s>]longs to You

  OUTRO <s>rhythmic hits</s>
[Db / / / | Db / Dbsus Db | Db ...]",Db,"","",,,,,,,,,,,,
23599851,In Jesus Name (God Of Possible),7186326,"Believe, Breakthrough, Declaration, Freedom, Healing, Jesus, Miracles, Power","",,"",Worship Together,70,0,"Matthew 19:26, Psalm 77:14",D: D,"Intro
[| D / / / | D / / / |]

Verse 1
I [Bm7]speak the name of Jesus over [G2]you
In your [D]hurting, in your sorrow 
I will [A(add4)]ask my God to move
I [Bm7]speak the name ’cause it’s all that I can [G2]do
In des[D]peration, I’ll seek heaven, and [A(add4)]pray this for you

Chorus 1
I pray for your [Bm7]healing, that circumstances would [G2]change
I pray that the [D]fear inside would flee in Jesus [A(add4)]name
I pray that a [Bm7]breakthrough would happen [G2]today
I pray mir[D]acles over your life in Jesus [A(add4)name
In Jesus [Bm7]name  [D/F#]  [G2]

Verse 2
I [Bm7]speak the name of all authority,[G2]
Declaring [D]blessings, every promise He is [A(add4)]faithful to keep
I [Bm7]speak the name no grave could ever [G2]hold
He is [D]greater, He is stronger, He’s the [A(add4)God of possible

Chorus 2
I pray for your [Bm7]healing, that circumstances would [G2]change
I pray that the [D]fear inside would flee in Jesus [A(add4)]name
I pray that a [Bm7]breakthrough would happen [G2]today
I pray mir[D]acles over your life in Jesus [A(add4)]name
In Jesus [Bm7]name [G2]Oh

Bridge
Come [Em7]believe it, come r[G2]eceive it
Oh, the [D]power of His Spirit is [Asus]now forever yours
Come [Em7]believe it, come [G2]receive it
In the [D]mighty name of Jesus, all [Asus]things are possible  [A]

Chorus 3
I pray for your [Bm7]healing, that circumstances would [G2]change
I pray that the [D]fear inside would flee in Jesus [A(add4)]name
I pray that a [Bm7]breakthrough would happen [G2]today
I pray mir[D]acles over your life in Jesus [A(add4)]name
I pray for [Bm7]revival, for restoration of [D2]faith
I pray that the [D]dead will come to life in Jesus [Asus]name  [A]
In Jesus [Bm7]name   [G2]   [D]   [A(add4)]",D,"","",,,,,,,,,,,,
23662527,Cannons,5124055,"lead me, point of difference, , Declaration, Worship","","September 29, 2024","",The Worship Initiative,79,269,"",C,"",C,"","",,,,,,,,,,,,
23668918,Yes He Lives,7194351,"","",,"",Worship Together,148,0,John 11:25-26; 1 Peter 1:3; Luke 24:6-7; Romans 6:9,Bb: Bb,"Intro
[|Bb / / / | Bb / / / | Bb / / / | Bb / / / |]

Verse 1
On a hill for [Bb]sinners
His body [Bb]broken
A King for[Bb]saken
[Eb2]   As He [Fsus]hung on tha[Bb]t cross 
The veil in [Bb]pieces
The temple [Bb]shaken 
They mourned the [Bb]Savior
[Eb2]   But it [Fsus]wasn’t fo[Bb]r long

Chorus 1
[Bb/D]Oh, He [Eb]lives
He’s risen [Bb/D]from the [Eb]grave
Victorious our [Bb]Savior reigns
Oh [Bb]yes, He reigns
He [Eb]rose
The stone is [Bb/D]rolled a[Eb]way
Forever our Re[Bb]deemer lives
Oh [Fsus]yes, He lives

Turnaround
[|Bb / / / | Bb / / / |]

Verse 2 
There in the [Bb]silence
It wasn’t [Bb]over
Oh [Bbsus]our Re[Bb]deemer
[Eb2]   Was getting [Fsus]ready t[Bb]o rise
And on that [Bb]morning 
They [Bbsus]came to [Bb]find Him 
That [Bbsus]tomb was [Bb]empty
[Eb2]   ‘Cause [Fsus]He is [Bb]alive

Tag
That [Bbsus]tomb was [Gm7]empty
[Fsus]   ‘Cause [Eb2]He is [Bb]alive

REPEAT CHORUS 1

Instrumental
[|Bb / / / | Cm7 / / / | Bb/D / / / | Eb2 / / / |]

Bridge 1
Jesus [Bb]Christ crucified
Through His [Cm7]death there is life
By the [Bb/D]blood of the Lamb 
We have [Eb2]been forgiven 
Our [Bb]debt has been paid 
There is [Cm7]grace upon grace
Only [Bb/D]one name that saves
And His [Eb2]name is Jesus

Bridge 2
Jesus [Bb]Christ crucified
Through His [Cm7]death there is life
By the [Bb/D]blood of the Lamb 
We have [Eb2]been forgiven 
Our [Bb/F]debt has been paid 
There is [Eb2]grace upon grace
Only [Bb/D]one name that saves
And His [Eb2]name is Jesus

Chorus 2
He [Eb]lives
He’s risen [Bb/D]from the [Eb]grave
Victorious our [Bb]Savior reigns
Oh [Bb]yes, He reigns
[Bb/D]   He [Eb]rose
The stone is [Bb/D]rolled a[Eb]way
Forever our Re[Bb]deemer lives
Oh [Fsus]yes, He lives

REPEAT BRIDGE 2
REPEAT BRIDGE 1

Final Chord
[Bb]",Bb,"","",,,,,,,,,,,,
23714485,It Was Finished Upon That Cross,7171907,"Cross, Easter","",,"",CityAlight,78,242,"",Eb,"Verse 1

How I love the voice of Jesus
On the Cross of Calvary
He declares his work is finished
He has spoken this hope to me
Though the sun had ceased its shining
Though the war appeared as lost
Christ had triumphed over evil
It was finished upon that Cross

Verse 2

Now the curse it has been broken
Jesus paid the price for me
Full the pardon He has offered
Great the welcome that I receive
Boldly I approach my Father
Clothed in Jesus' righteousness
There is no more guilt to carry
It was finished upon that Cross

Verse 3

Death was once my great opponent
Fear once had a hold on me
But the Son who died to save us
Rose that we would be free indeed

Verse 4

Death was once my great opponent
Fear once had a hold on me
But the Son who died to save us
Rose that we would be free indeed
Yes He rose that we would be free indeed
Free from ev'ry plan of darkness
Free to live and free to love
Death is dead and Christ is risen
It was finished upon that Cross

Misc 1

(Ending)
Onward to eternal glory
To my Saviour and my God
I rejoice in Jesus' victory
It was finished upon that Cross
It was finished upon that Cross
It was finished upon that Cross",Eb,"","",,,,,,,,,,,,
23853833,This Is Our God,7211413,"Faithfulness, Power, Praise, Redemption, Salvation","","May 17, 2026","",Phil Wickham,80,267,"","Ab, Bb, C, E, G","Verse 1

Remember those walls that we called sin and shame
They were like prisons that we couldn’t escape
But He came and He died and He rose
Those walls are rubble now
Remember those giants we called death and grave
They were like mountains that stood in our way
But He came and He died and He rose
Those giants are dead now

Chorus 1

This is our God this is who He is
He loves us
This is our God this is what He does
He saves us
He bore the cross beat the grave
Let heaven and earth proclaim
This is our God King Jesus

Verse 2

Remember that fear that took our breath away
Faith so weak that we could barely pray
But He heard every word every whisper
Now those altars in the wilderness
Tell the story of His faithfulness
Never once did He fail and He never will

Misc 1

(Bridge)
Who pulled me out of that pit
He did He did
Who paid for all of our sin
Nobody but Jesus

Misc 2

(Bridge)
Who rescued me from that grave
Yahweh Yahweh
Who gets the glory and praise
Nobody but Jesus (Him)

Misc 3

(Ending)
He bore the cross beat the grave
Let heaven and earth proclaim
This is our God King Jesus",C,"","",,,,,,,,,,,,
23879013,Leaning,7192530,"","",,"",Matt Maher,70,224,"",Bb,"Misc 1

(Intro)
Oh I'm leaning leaning
Safe and secure from all alarms
Leaning leaning leaning on the everlasting arms
Leaning on the everlasting arms
Oh I'm leaning on the everlasting arms

Verse 1

Let my yes be yes to You oh Lord
Let my no be no to things of this world
If I rise or fall if I stand at all
I am leaning on Your everlasting arms

Chorus 1

What a fellowship what a joy divine
What a priceless gift
God I'm Yours and You are mine
Let my restless soul be still and know
I am leaning on Your everlasting arms
(I am leaning on Your everlasting arms)

Verse 2

From the morning sun and mercies new
To the evening stars every promise is true
As I walk this world I'm held by You
I am leaning on Your everlasting arms

Misc 2

(Bridge)
The more I'm leaning the more I'm flying
Feels less like dying
More like living for Heaven on Earth

Misc 3

(TAG)
For Heaven on Earth",Bb,"","",,,,,,,,,,,,
23888416,All Hail King Jesus,7097216,"","","May 03, 2026","",Default Arrangement,,0,"","E, F","  INTRODUCTION
<s>slowly building ambient chord</s>
[|<s>sustain notes:</s>|B  . . C# . . F# . . E]

  VERSE 1
<s>DOWN pads, piano, string lead only</s>
[|E / / /]  There was a moment when
the [(E) / / /]lights went out
[|C#m / / / | / / / /]  When death had claimed its victory
[|B / / / | / / / /]  The King of Love had given up His life
[|A / / / | / / / /]  The darkest day in history

  VERSE 2
[|E / / / | / / / /]  There on a cross they made for sinners
[|C#m / / / | / / / /]  For every curse His blood atoned
[|B / / / | / / / /]  One final breath and it was finished
[|A / / / | / / / /]  But not the end we could have known

  PRE-CHORUS 1
<s>add bass, lead; bgv melody</s>
<s>Short measures, 2 beats then 4 beats</s>
For the [|F#m]earth be-[C#m]gan to [|B / / /]shake
And the [|E]veil [E/G#]was [|A / / /]torn
What [|F#m]sacri-[C#m]fice was [|B / / /]made
As the [|E]hea-[E/G#]vens [|A / / / | / / / /]roared
 
COLUMN_BREAK
  CHORUS 1A
<s>MEDIUM all in; bgv harmony</s>
<s>bass whole notes, kick 2 & 4</s>
[|E / / /]  All hail King [|Esus / / /]Jesus
[|E / / /]  All hail the Lo-[|Esus /]rd  of Hea-[E/G# /]ven and earth
[|C#m / / /]  All hail King [|A / / /]Jesus
[|E/G# / / /]  All hail the Sa-[|B / / /] vior of the world

  TURNAROUND
<s>1/8 plus 1/16th groove</s>
[|E / / / | Esus / / / | E / / / | Esus / / /]

  VERSE 3
<s>BIGGER, bass & drums medium groove</s>
<s>full harmony</s>
[|E / / /]  There was a moment when the
[(E) / / /]sky lit up
[|C#m / / / | / / / /]  A flash of light breaking through
[|B / / / | / / / /]  When all was lost He crossed eternity
[|A / / / | / / / /]  The King of life was on the move
COLUMN_BREAK
  PRE-CHORUS 2
<s>Short measures</s>
<s>2 accented beats, then 4 beats</s>
For in a [|F#m]dark [C#m]cold [|B / / /]tomb
Where our [|E]Lord [E/G#]was [|A / / /]laid
One mir-[|F#m]acu-[C#m]lous [|B / / /]breath
                                     <s>BUILDING</s>
And we're for-[|E]ev-[E/G#]er [|A / / / | / / / /]changed


  CHORUS 1B <s>BIG full harmony</s>
[|E / / /]  All hail King [|Esus / / /]Jesus
[|E / / /]  All hail the Lo-[|Esus]rd  of Hea-[E/G# /]ven and earth
[|C#m / / /]  All hail King [|A / / /]Jesus
[|E/G# / / /]  All hail the Sa-[|B / / /] vior of the world

  CHORUS 2
[|C#m / / /]  All hail King [|A / / /]Jesus
[|E/G# / / /]  All hail the Lo-[|B / / /]rd  of Heaven and earth
[|C#m / / /]  All hail King [|A / / /]Jesus
[|E/G# / / /]  All hail the Sa-[|A / / /] vior of the world

  INSTRUMENTAL
<s>BIG 1/8 groove</s>
[|B / C#m / | A / E E/G#]

[|B / C#m / | A / E E/G#]

COLUMN_BREAK
  BRIDGE <s>continue 1/8 groove</s>
Let [|B / ]every [C#m /]knee, come
bow[|A /]  before the King[E]  of Kings [E/G#]
Let [|B / ]every [C#m /]tongue,
confess[|A /]  that He is [E]Lord[E/G#]  
Lift [|B /]up your [C#m /]shout, 
<s>drum solo fill, bass out</s>
let us join[|A /] with all of Hea-[E]  ven, [E/G#]Singing
<s>BIGGEST; 1-and, 3-and grooves</s>
[/B /]Ho -[C#m /]  [|A /]ly[E  ], [E/G#]Singing
[/B /]Ho -[C#m /]  [|A /]ly[E  ], [E/G#]cry out
[/B /]Ho -[C#m /]  [|A /]ly[E  ], [E/G#]Singing
                   <s>BREAKDOWN</s>
[/B /]Ho -[C#m /]  [|A / / / | / / / /]ly

  CHORUS 1C
<s>DOWN piano, pads, bass only</s>
[|E / / /]  All hail King [|Esus / / /]Jesus
[|E / / /]  All hail the Lo-[|Esus /]rd  of Hea-[E/G# /]ven and earth
[|C#m / / /]  All hail King [|A / / /]Jesus
[|E/G# / / /]  All hail the Sa-[|B / / /] vior of the world

  ENDING
[|E . . .]


",E,"","",,,,,,,,,,,,
23949650,I've Witnessed It,7213282,"Faithfulness, Hope, Presence, Savior, Testimony","",,"",Default Arrangement,,0,"",Ab,"",,"","",,,,,,,,,,,,
23951426,Honey In The Rock,7191257,"Assurance, Faith, Miracles, Provision, Trust","",,"",Default Arrangement,,0,"",D,"",,"","",,,,,,,,,,,,
23958829,Christ The Lord Is Risen Today (Steve Wilkinson),2259095,Resurrection,"",,"",Default Arrangement,,0,"",B,"{title:Christ The Lord Is Risen Today}
{artist:Reawaken Hymns}
{key:G}

{comment:Verse 1}
[G]Christ, the Lord, is [C]risen today,
[G]Allelu[C]ia![D] [G]
[C]Sons of men and [Em]angels s[D]ay,    
[G]Allelui[C]a![D] [G]
[D]Raise your voice and t[G]riumphs high,
[D]Allelui[G]a![A] [D]
[D]Sing, ye h[G]eavens, and ea[C]rth, reply,
[G]Allelu[Em]ia![C] [D] [G]

{comment:Verse 2}
[G]Love’s redeeming work [C]is done,
[G]Allelu[C]ia![D] [G]
[C]Fought the fight, the[Em] vict'[D]ry won
[G]Allelu[C]ia![D] [G]
[D]Jesus' ago[G]ny is o'er,
[D]Allelu[G]ia![A] [D]
[D]Darkness veils the[G] Earth no m[C]ore
[G]Allelu[Em]ia![C] [D] [G]

COLUMN_BREAK
{comment:Verse 3}
[G]Lives again our gl[C]orious King,
[G]Allelu[C]ia![D] [G]
[C]Where, O d[Em]eath, is n[D]ow thy sting?
[G]Allelu[C]ia![D] [G]
[D]Once He died, our s[G]ouls to save,
[D]Allelu[G]ia![A] [D]
[D]Where thy v[G]ictory, O g[C]rave?
[G]Allelu[Em]ia![C] [D] [G]



",G,"","",,,,,,,,,,,,
24013322,I Give Myself Away,5873382,", Salvation, Surrender, Faith","","August 10, 2025","",Default Arrangement,,0,"","Bb, F, G","Chorus 1

I give myself away
I give myself away
So You can use me
(REPEAT)

Verse 1

Here I am
Here I stand
Lord my life is in Your hands
Lord I'm longing to see
Your desires revealed in me

Verse 2

Take my heart
Take my life
As a living sacrifice
All my dreams
All my plans
Lord I place them in Your hands

Misc 1

(Bridge)
My life is not my own
To You I belong
I give myself
I give myself to You
(REPEAT)",Bb,"","",,,,,,,,,,,,
24013330,When I Survey,5120516,"","","April 07, 2023","",Default Arrangement,,0,"",D,"Verse 1

When I survey the wondrous cross
On which the Prince of glory died
My richest gain I count but loss
And pour contempt on all my pride

Verse 2

See from His head His hands His feet
Sorrow and love flow mingled down
Did e'er such love and sorrow meet
Or thorns compose so rich a crown

Verse 3

Were the whole realm of nature mine
That were an offering far too small
Love so amazing so divine
Demands my soul my life my all

Chorus 1

(I) thank (love) You for the cross
I thank (love) You for the cross
I thank (love) You for the cross my Lord

Misc 1

(Interlude)
Hey oh
Hey oh oh",D,"","",,,,,,,,,,,,
24193401,For the Beauty of the Earth,,"","","November 26, 2023","",Reawaken Hymns,85,228,"","D, F, G","  INTRO
[F]       [Bb]      [Dm]      [Bb]
  VERSE 1
[F]For the beauty of the earth,
[Bb]For the glory of the skies
[Dm]For the love which from our birth
[Bb]Over and around us lies.

  CHORUS
[F]Lord of all, to [Am]Thee we raise
[Bb]This our hymn of [C]grateful praise.

  INTERLUDE 1
[F]       [Bb]      [Dm]      [Bb]
  VERSE 2
[F]For the beauty of each hour
[Bb]Of the day and of the night
[Dm]Hill and vale, and tree and flower
[Bb]Sun and moon and stars of light.

  CHORUS
[F]Lord of all, to [Am]Thee we raise
[Bb]This our hymn of [C]grateful praise.

  INTERLUDE 2
[F]       [Bb]      [Dm]      [Bb]
COLUMN_BREAK
  VERSE 3
[F]For the joy of human love,
[Bb]Brother, sister, parent, child,
[Dm]Friends on earth and friends above,
[Bb]For all gentle thoughts and mild

  CHORUS
[F]Lord of all, to [Am]Thee we raise
[Bb]This our hymn of [C]grateful praise.

  VERSE 4
[F]For thyself, best Gift Divine
[Bb]To the world so freely given,
[Dm]For that great, great love of thine
[Bb]Peace on earth, and joy in heaven.

  CHORUS
[F]Lord of all, to [Am]Thee we raise
[Bb]This our hymn of [C]grateful praise.

  OUTRO
[F]       [Bb]      [Dm]      [Bb]
[F]",F,"","",,,,,,,,,,,,
24193435,Rising Sun,6364759,"","","April 19, 2026","",All Sons & Daughters,73,342,"","D, E, G","Verse 1

Praise Him all you sinners
Sing oh sing you weary
Oh praise Him all you children of God

Verse 2

We lift high His glory
Shown throughout our stories
We praise Him as the children of God

Chorus 1

Our great Redeemer glorious Savior
Your Name is higher than the rising sun
Light of the morning You shine forever
Your Name is higher than the rising sun (oh)
Your Name is higher than the rising sun

Verse 3

Praise His Name forever
Speak it loud and clear now
Oh praise Him all you children of God

Misc 1

Oh oh oh oh
Oh oh oh oh
Hallelujah name above all
Simply to speak Your Name is praise
Hallelujah now and always
Forever we lift Your Name in praise
Hallelujah our God You reign
Simply to speak Your Name is praise oh

Misc 2

Hallelujah name above all
Hallelujah name above all
Hallelujah
Hallelujah",E,"","",,,,,,,,,,,,
24194326,Fall Like Rain,7214412,"Holy Spirit, Offering, Presence, Worship","",,"",Worship Together,70,0,Deuteronomy 32:2; Hosea 6:3; Leviticus 9:23-24,Eb: Eb,"Intro
[|Eb / / / | Bb/D / / / | Cm7 / / / | Eb2/G / / / |]

Verse 1
[Eb]God, I live to worship You
[Bb/D]All my life I offer You
[Cm7]Simple melodies of sacrifi[Ab2]ce
[Eb]Open hands and open heart
[Bb/D]You’re the only one I want
Your [Cm7]presence is my treasure, my deli[Ab2]ght

Chorus
[Eb]Fall like ra[Bbsus/D]in
Holy Spirit, [Cm7]fall like ra[Eb2/G]in
Holy Spirit, [Eb]have Your wa[Bbsus/D]y
Let Your glory [Cm7]fall down
Let Your glory [Ab2]fall down

Verse 2
One [Eb]thing I ask, one thing I seek
[Bb/D]So much more than anything
To [Cm7]dwell within Your house for [Eb/G]all my da[Ab2]ys
[Eb/G]Knowing You is everything
So [Bb/D]I let go of lesser things
[Cm7]You alone are worthy [Bb]of my pr[Ab2]aise  [Bbsus]
[Cm7]Stir in me a [Bbsus]passion for Your [Ab2]name

REPEAT CHORUS 2x

Interlude
[|Eb / / / | Fm7 / / / | Eb/G / / / |Ab2 / / / |]

Bridge
May I [Eb]never lose the wonder 
O[Fm7]f Your presence
May I [Eb/G]always stand in awe of who You ar[Ab2]e
Oh, the [Eb]beauty and the gift 
O[Fm7]f Your friendship
Is un[Eb/G]like anything I’ve ever kn[Ab2]own

REPEAT BRIDGE

Chorus
[Eb]Fall like ra[Bbsus/D]in
Holy Spirit, [Cm7]fall like ra[Eb2/G]in
Holy Spirit, [Eb]have Your wa[Bbsus/D]y
Let Your glory [Cm7]fall down
Let Your glory [Ab2]fall down

REPEAT CHORUS

Bridge
May I [Eb]never lose the wonder 
O[Fm7]f Your presence
May I [Eb/G]always stand in awe of who You ar[Ab2]e
Oh, the [Eb]beauty and the gift 
O[Fm7]f Your friendship
Is un[Eb/G]like anything I’ve ever kn[Ab2]own

REPEAT BRIDGE
REPEAT CHORUS

Final Chord 
[Eb]",Eb,"","",,,,,,,,,,,,
24396545,Call On The Name,7207614,"Acceptance, Believe, Faith, Jesus, Resurrection, Salvation, Trust","",,"",Worship Together,73,0,Romans 10:13; Acts 2:21; Joel 2:32,"Bb: Bb, G","Intro
[|Bb / Gm7 / | Ebmaj7 / / / | Bb / Gm7 / | Ebmaj7 / / / |]

Verse 1
I’ve [Bb]heard about Your [Gm7]saving grace [Ebmaj7]
The [Bb]gift of Your sal[Gm7]vation [Ebmaj7]
Is it [Bb]true that any[Gm7]one who calls 
Up[Ebmaj7]on Your name
Is [Bb]welcomed in Your [Gm7]kingdom? [Ebmaj7]

Verse 2
I’ve [Bb]seen You love a [Gm7]wretch like me [Ebmaj7]
I’ve [Bb]seen You heal the [Gm7]hurting [Ebmaj7]
To the [Bb]restless anxious [Gm7]wandering heart 
It’s [Ebmaj7]such good news
My [Bb]soul can stop it’s [Gm7]searching [Ebmaj7]

Chorus 1
[Bb]   I [Gm7]call on the na[Ebmaj7]me of Jesus
[Bb]   I [Gm7]want to be sa[Ebmaj7]ved
I never want to be the same
[Bb]   This [Gm7]life I’m li[Ebmaj7]ving 
It’s all Yo[Bb]urs, [Gm7]it’s all Yo[Ebmaj7]urs

Turnaround
[|Bb / Gm7 / | Ebmaj7 / / / | Bb / Gm7 / | Ebmaj7 / / / |]

Verse 3
[Bb]Teach my soul to [Gm7]trust in You [Ebmaj7]
[Bb]Teach my ears to [Gm7]listen [Ebmaj7]
With [Bb]all my heart I [Gm7]want to sing 
The [Ebmaj7]praise You’re due
And [Bb]follow in Your [Gm7]wisdom [Ebmaj7]

REPEAT CHORUS 1

Chorus 2
[Bb]   I [Gm7]trust in the na[Ebmaj7]me of Jesus
[Bb]   I’m [Gm7]choosing toda[Ebmaj7]y
I never want to be the same
[Bb]   This [Gm7]life I’m li[Ebmaj7]ving 
It’s all Yo[Bb]urs, [Gm7]it’s all Yo[Ebmaj7]urs

Instrumental
[|Bb / Gm7 / | Eb2 / / / | Bb / Gm7 / | Eb2 /  Bb / |]
[|Bb / Gm7 / | Eb2 / / / | Bb / Gm7 / | Eb2 / / / |]

Bridge 1
I believe that [Bb]Jesus [Gm7]Christ is [Eb2]Lord
[Bb]I believe He [Bb]rose up [Gm7]from the [Eb2]grave
I believe that [Bb]God so [Gm7]loved the [Eb2]world
[Bb]That He sent His [Bb]only [Gm7]Son to [Eb2]save

Bridge 2
I believe that [Bb]Jesus [Gm7]Christ is [Eb2]Lord
I believe He [Bb]rose up [Gm7]from the [Eb2]grave
I believe that [Bb]God so [Gm7]loved the [Eb2]world
That He sent His [Bb]only [Gm7]Son to [Eb2]save

REPEAT CHORUS 1
REPEAT CHORUS 2

Tag
It’s all Yo[Bb]urs, [Gm7]it’s all Yo[Ebmaj7]urs
It’s all Yo[Bb]urs, [Gm7]it’s all Yo[Ebmaj7]urs

Outro
[|Bb / Gm7 / |Ebmaj7 / / / | Bb / Gm7 / | Ebmaj7 / / / |]
[|Bb / Gm7 / |Ebmaj7 / / / | Bb / Gm7 / | Ebmaj7 / / / |]
[|Bb / Gm7 / |Ebmaj7 / / / | Bb / Gm7 / | Ebmaj7 / / / |]
[|Bb / Gm7 / |Ebmaj7  |]",Bb,"","",,,,,,,,,,,,
24485760,Be Glorified,,"","",,"",Lindy Cofer,71,447,"",B,"",B,"","",,,,,,,,,,,,
24537238,Christ Be All Around Me,7016414,"","","August 09, 2026","",All Sons & Daughters,75,332,"","A, B, C, D","",,"","",,,,,,,,,,,,
24557137,I Believe,,"","",,"",Phil Wickham,133,303,"",D,"",,"","",,,,,,,,,,,,
24633083,The Jesus Way,,"","",,"",Phil Wickham,73,276,"",C,"",,"","",,,,,,,,,,,,
24635281,Highlands (Song Of Ascent),7122399,"","",,"",Hillsong United,91,361,"",G,"",G,"","",,,,,,,,,,,,
24762686,Holy Forever,7201044,"Exaltation, Holiness, Lamb Of God, Praise, Singing, Worship","","April 19, 2026","",Bethel Music,72,323,"","A, Ab-B, B, Bb, C, F, G","VERSE 1
A thousand generations, falling down in worship
To sing the song of ages to the Lamb
And all who've gone before us, and all who will believe
Will sing the song of ages to the Lamb

PRE-CHORUS
(Jesus) Your name is the highest
Your name is the greatest
Your name stands above them all
All thrones and dominions
All powers and positions
Your name stands above them all

CHORUS 1
And the angels cry, Holy
All creation cries, Holy
You are lifted high, Holy
Holy forever

VERSE 2
If you've been forgiven, and if you've been redeemed
Sing the song forever to the Lamb
If you walk in freedom, and if you bear His name
Sing the song forever to the Lamb
We'll sing the song forever and Amen

CHORUS 2
Hear Your people sing, Holy
To the King of Kings, Holy
You will always be, Holy
Holy forever

TAG
You will always be Holy
Holy forever",F,"","",,,,,,,,,,,,
24762723,Make Room,7122057,"Supplication, Worship, Praise, Surrender","","July 19, 2026","",Community Music,61,409,"",G,"",,"","",,,,,,,,,,,,
24782668,Establish The Work Of Our Hands,7097860,"","",,"",Default Arrangement,,0,"",B,"",B,"","",,,,,,,,,,,,
24836211,I Breathe You In God,6087995,"Goodness, Adoration, Praise","",,"",Bryan and Katie Torwalt,73,353,"",E,"",E,"","",,,,,,,,,,,,
24963435,This Little Light of Mine,,"","","November 16, 2025","",James family,,0,"","A, G","  CHORUS
<s>Groove: ONE AND (two) AND THREE AND (four) AND </s>
[G] This little light of mine, I'm gonna let it shine,
[C]This little light of mine, I'm gonna let it sh-[G] ine,
[G]This little light of mine, [B7]I'm gonna let it sh[Em]ine,
Let it sh[G]ine, let it sh[D]ine, gonna [G]let my [D]little light [G]shine [D]

  CHORUS

  VERSE
On a [G]Monday, (He gave me the gift of love),
On a [C]Tuesday, (peace came down from above).
On a [G]Wednesday, (He told me to have more faith),
On a [D]Thursday, (gave me a little more grace).
On a [G]Friday, (sat me down to pray),
On a [C]Saturday, (told me WHAT to say).
On a [G <s>BREAK</s>]Sunday, he gave me the [<s>HITS</s>] po-[G]wer di[Em]vine
Just to [A]let my [D7]little light sh[G]ine.  [D]

  CHORUS

  VERSE

  CHORUS

  ENDING
Let it sh[G]ine, let it sh[D]ine, let it sh[C]ine , let it sh[G]ine.",G,"","",,,,,,,,,,,,
25048735,Jesus Saves,5322950,"highest and greatest, Jesus Saves, Salvation, Hope,","",,"",Jeremy Camp,132,229,"",B,"",B,"","",,,,,,,,,,,,
25048740,Made Alive,6534390,"","",,"",Citizens,96,215,"",G,"",G,"","",,,,,,,,,,,,
25052643,Only King Forever,7011438,"","",,"",Elevation Worship,138,302,"",C,"",,"","",,,,,,,,,,,,
25156868,Invitacion Fountain,3483224,"Restoration, Invitation, Guidance, Healing","","July 20, 2025","",Vineyard Worship,82,424,"",G,"",,"","",,,,,,,,,,,,
25234422,Bless God,7206380,"Blessing, Offering, Praise, Prayer, Worthiness","",,"",Worship Together,72.5,0,Matthew 5:3-12; Psalm 34:1-4; Acts 16:25-26; Psalm 35:28,Bb: Bb,"Intro
[|Bb / Bbsus/C / | Ebmaj7 / / / |]
[|Gm7 / F(add4) / | Eb2 / Bb / |]

Verse 1
[Bb]Blessed are those who run to Him
Who [Bbsus/C]place their hope and confidence
In [Eb]Je-[Bb]sus
He won’t for[Gm7]sake [Fsus]them

Verse 2
[Bb]Blessed are those who seek His face
Who [Bbsus/C]bend their knee and fix their gaze
On [Eb]Je-[Bb]sus
They won’t be [Gm7]shak-[Fsus]en

Half-Chorus
Come on and [Bb]praise [Bbsus/C]the [Ebmaj7]Lord with me
[Gm7]Sing if you lo[Eb]ve His na[F(add4)]me
Come on and [Bb]lift [Bbsus/C]your [Ebmaj7]voice with me
He’s w[Gm7]orthy of al[F(add4)]l our praise

Turnaround
[|Bbsus / Bb / | Bbsus / Bb / |]

Verse 3
[Bb]Blessed are those who walk with Him
Whose [Bbsus/C]hearts are set on pilgrimage
With [Eb]Je-[Bb]sus
They’ll see His [Gm7]glo-[F(add4)]ry

Verse 4
[Bb]Blessed are those who die to live
Whose [Bbsus/C]joy it is to give it all for [Eb]Je-[Bb]sus
And for Him [Gm7]on-[F(add4)]ly, Oh [Eb]Je-[Bb]sus
All for Your [Gm7]glo-[F(add4)]ry

Chorus
Come on and [Bb]praise [Bbsus/C]the [Ebmaj7]Lord with me
[Gm7]Sing if you lo[Eb]ve His na[F(add4)]me
Come on and [Bb]lift [Bbsus/C]your [Ebmaj7]voice with me
He’s w[Gm7]orthy of al[F(add4)]l our   pra[Bb]ise
Come on and [Bb]bring [Bbsus/C]your [Ebmaj7]offering
[Gm7]Sing if you’ve kn[Eb]own His gr[F(add4)]ace
Come on and [Bb]lift [Bbsus/C]up your [Ebmaj7]holy hands
He’s w[Gm7]orthy of al[F(add4)]l our praise

Turnaround
[|Bbsus / Bb /|Bbsus / Bb /|]

Bridge
[Bb/D]   Bless God in the sanctuary
[Cm7]   Bless God in the fields of plenty
[Eb2]   Bless God in the darkest valley
[Gm7]Every chance I ge[F]t, I bless Your name
[Bb/D]   Bless God when my hands are empty
[Cm7]   Bless God with a praise that costs me
[Eb2]   Bless God when nobody’s watching
[Gm7]Every chance I ge[F]t, I bless Your name
[Bb/D]   Bless God when the weapon’s forming
[Cm7]   Bless God when the walls are falling
[Eb2]   Bless God ‘cause He goes before me
[Gm7]Every chance I ge[F]t, I bless Your name
[Bb/D]   Bless God for He holds the vict’ry
[Cm7]   Bless God for He’s always with me
[Eb2]   Bless God for He’s always worthy
[Gm7]Every chance I ge[F]t, I bless Your name

REPEAT BRIDGE

Tag
[|Bb/D / Eb2 / |]
[Gm7]Every chance I ge[F]t, I bless Your name
[|Bb/D / Eb2 / | Gm7 / F / |]

REPEAT CHORUS

Ending
[|Bb / Cm7 Bb/D |]
He’s w[Gm7]orthy of al[F(add4)]l our praise
[|Bb/D / Cm7 Bb |]
He’s w[Gm7]orthy of al[F(add4)]l our praise
[|Eb Bb/D Cm7 / | Bb]",Bb,"","",,,,,,,,,,,,
25234431,Seen Known Loved,7226138,System.String[],"",,"",Worship Together,74,0,Psalms 139,B: B,"Intro
[|B / | B / | E2 / | F#sus / |]

Verse 1
[B]Where can I run from Your [B]presence?
[E2]Where can I hide from Your [F#sus]heart?
[G#m7]Even through hardship and [B/D#]sorrow 
Your [E2]goodness remains through it [F#sus]all

Chorus
I am [B/D#]seen, [E2]known, [F#sus]loved by the Father 
I’m [B/D#]heard, [E2]held, never for[F#sus]gotten
My [B/D#]hope, [E2]strength, [F#sus]light in the darkness 
[B/D#]Now and for[E2]ever, for[F#sus]ever amen

Turnaround
[|B / | G#m7 F#sus| E2 / | F#sus / |]

Verse 2
[B]Day after day You’ve been [G#m7]faith-[F#sus]ful 
[E2]Night after night You’ve been [F#sus]near 
[G#m7]Closer than I could i[B/D#]magine
You [E2]open my heart to be[F#sus]lieve

REPEAT CHORUS 2X

Bridge
[B]   [E2]   Heaven knows who I am
[B]   [F#sus]   I am loved by the Father
[B]   [E2]   And if the world's in His hands 
[B]   [F#sus]   I’ve got nothing to fear 

REPEAT BRIDGE

Interlude
[|B / | G#m7 F#sus|E2 / | F#sus / |]

Verse 3
[B]One day I’ll see You in [G#m7]glo - [F#sus]ry
And [E2]see what’s been true all a[F#sus]long 
That [G#m7]all of my life You’ve sus[B/D#]tained me 
And [E2]now for eternity [F#sus]more
[B/D#]Now for e[E2]ternity [F#sus]more

REPEAT CHORUS 2X

Outro
[|B / | G#m7 F#sus | E2 / | F#sus / |]
[|G#m7 / | B/D# / | E2 / | F#sus / |]",B,"","",,,,,,,,,,,,
25234501,How We Remember,7226046,System.String[],"","August 10, 2025","",Worship Together,69,0,Galatians 3:13,C: C,"Intro
[|F2 / C/E / | Am7 / G(add4) / |]
[|F2 / C/E / | G(add4) / / / |]

Verse 1
On the ni[F2]ght You were betr[C/E]ayed
You took the br[Am7]ead, You gave th[G(add4)]anks 
And then You sa[F2]id 
This is m[C/E]e broken for yo[G(add4)]u

Verse 2
In the sa[F2]me way, took the cu[C/E]p
Your new c[Am7]ovenant of lo[G(add4)]ve
And You said 
[F2] This is m[C/E]e poured out for yo[G(add4)]u
[F2]   This is m[C/E]e poured out for yo[G(add4)]u

Chorus 1
What a s[C]aving grace
What a gi[G(add4)]ft of love
This is how we re[Dm7]member 
[C/E]This is how we re[F2]member Yo[G]u
What a pr[C]ice You paid
Gave it al[G(add4)]l for us
This is how we re[Dm7]member 
[C/E]This is how we re[F2]member You

Verse 3
At the t[F2]able once aga[C]in
Open he[Am7]arts and open ha[G(add4)]nds
We will [F2]
Taste and [C/E]see that You are go[G(add4)]od
Every ti[F2]me that we re[C]ceive
We anno[Am7]unce Your victo[C/E]ry
And we pro[F2]claim 
Your death and [C/E]life till You re[G(add4)]turn

Chorus 2
What a s[C]aving grace
What a gi[G(add4)]ft of love
This is how we re[Dm7]member 
[C/E]This is how we re[F2]member Yo[G]u
What a pr[C]ice You paid
Gave it al[G(add4)]l for us
This is how we re[Dm7]member 
[C/E]This is how we re[F2]member Yo[G]u

Bridge
[C]   We won’t forget 
[G]   How good You have been
[Dm7]  We [C/E]see it again at the [F2]table
At the [G]table of the Lord
[C]   We won’t forget 
[G]   How good You have been
[Dm7]  We [C/E]see it again at the [F2]table   [G]

REPEAT CHORUS 2 2X

Tag
This is how we re[Dm7]member You
[C/E] We re[F2]member You",C,"","",,,,,,,,,,,,
25237395,Be Still My Soul,,"","","August 23, 2026","",Norton Hall,,0,"","A, C, D","  INTRO
[| G  C2/G | D4/G G | G C2/G | D4/G  G |]

  VERSE 1
[(G)]Be still, my [C2/G]soul, the [D4/G]Lord is on thy [G]side; [C/G G]
Bear patient[C2/G]ly, the [D4/G]cross of grief or [G]pain.
Leave to thy [Em]God to [(Bm7)]order and [Am7]provide;
in every [G5/D]change He faithful will re[B]main.
[Em] Be still, my [C]soul; thy [G/B]best, thy heav'nly [Am7]Friend,
through thorny [G]ways leads [Am7]to a [D]joyful [(G)]end.

  INTERLUDE 1A
[| G  C2/G | D4/G G | G C2/G | D4/G  G |]

  VERSE 2
Be still, my [Am7]soul; thy [Am/E]God doth [D/F#]under[G]take,
to guide the [Am7]future [Am/E]as He [D]   has the [G]past.
Thy hope, thy [Em]confi[Bm7]dence let nothing [Am7]shake;
all now [G/D]mysterious [Am]shall be [C]bright at [B]last.
[Em] Be still, my [C]soul; the [G/B]waves and winds still [Am7]know,
His voice who [G/B]ruled them [D]while He dwelt be[(Em7)]low.

  INTERLUDE 2
[| Em7/ Am7 / | D / G / | Em7 / Am7 | D / Em7 |]
COLUMN_BREAK
  VERSE 3
Be still, my [Am7]soul; when [Am/E]dearest [D/F#]friends de[G]part,
and all is [Am7]darkened [Am/E]in the [D]veil of [G]tears.
Then shalt thou [Em]better [Bm7]know His love, His [Am7]heart,
who comes to [G/D]soothe thy [Am]sorrow [C]and thy [B]fears.
[Em] Be still, my [C]soul; thy [G/B]Jesus can re[Am7]pay
from His own [G/B]fullness [D]all He takes a[G]way.

  VERSE 4
Be still, my [Am7]soul; the [D]hour is hast'ning [G]on,
when we shall [Am7]be for[D]ever with the [G]Lord,
when disap[Em]pointment, [Bm7]grief, and fear are [Am7]gone,
sorrow for[G/D]got, love's [Am]purest [C]joys re[B]stored.
[Em] Be still, my [C]soul; when [G/B]change and tears are [Am7]past,
all safe and [G/B]blessed [D]we shall meet at [(G)]last.

  INTERLUDE 1B
[| G  C2/G | D4/G G | G C2/G | D4/G  G |]
",G,"","",,,,,,,,,,,,
25237559,Noel,7050419,"","","November 30, 2025","",Chris Tomlin,69,264,"","Bb, C, D, Db, E","",Db,"","",,,,,,,,,,,,
25275963,You've Already Won,7194845,"","","June 28, 2026","",The Worship Initiative,76,373,"","C, E","",E,"","",Worship Together,76,0,"Revelation 21:1-4, Hebrews 12:3, Isaiah 41:10, 1 Peter 1:13, Philippians 4:19, Exodus 14:14, Hebrews 13:5-6, Deuteronomy 31:8, Psalm 46:1-3","C, Db: Db","INTRO
[|Db / |Gb Db |Bbm / |Gb Db |]
[|Db / |Gb Db |Bbm / |Gb Db |]

VERSE 1
There's [Db]peace that outlasts [Db]darkness
[Gb]Hope that's in the [Db]blood
There's [Bbm]future [Ab]grace that's [Gb]mine to[Db/F]day
That [Gb]Jesus [Ab]Christ has [Db]won

VERSE 2
So [Db]I can face to[Db]morrow
For to[Gb]morrow's in Your [Db]hands
[Bbm]All I [Ab]need, You [Gb]will pro[Db/F]vide
Just [Gb]like You [Ab]always [Db]have   [Db]

CHORUS 1
And I'm fighting a [Gb]battle   [Db]
You've already [Ab]won   [Bbm]
No [Ab]matter what [Gb]comes my [Db]way
I will [Bbm]over[Ab]come
Don't [Db/F]know what You're [Gb]doing   [Db]
But I know what You've [Ab]done   [Bbm]
And I'm [Ab]fighting a [Gb]battle
[Ab]You've already won

TURNAROUND
[|Db / |Gb Db |Bbm / |Gb Db |]

VERSE 3
There's  [Db]mercy in the [Db]waiting
[Gb]Manna for to [Db]day
And [Bbm]when it's [Ab]gone, I [Gb]know You're [Db/F]not
You [Gb]are my [Ab]hope and  [Db]stay

VERSE 4
[Db]When the sea is [Db]raging
Your [Gb]Spirit is my [Db]help
He'll [Bbm]fix my [Ab]eyes on [Gb]Jesus [Db/F]Christ
I'll [Gb]say that [Ab]it is  [Db]well
Oh, I [Gb]know that [Ab]it is  [Db]well   [Db]

REPEAT CHORUS 1

INTERLUDE
[|Db / |Db / |Dbsus / |Dbsus / |]

BRIDGE 1
[Db]I know how the [Gb]story [Db]ends   [Db]
[Db]We will be with [Gb]You a[Db]gain   [Dbsus]
[Db]You're my Savior, [Gb]my de[Db]fense   [Db]
[Db]No more fear in [Gb]life or [Db]death   [Dbsus]

BRIDGE 2
[Db]I know how the [Gb]story [Db]ends   [Db]
[Bbm]We will be with [Gb]You a[Db]gain   [Db]
[Db]You're my Savior, [Gb]my de[Db]fense   [Db]
[Bbm]No more fear in [Gb]life or [Db]death   [Db]

BRIDGE 3
[Db]I know how the [Gb]story [Db]ends   [Db]
[Bbm]We will be with [Gb]You a[Db]gain   [Db]
[Db]You're my Savior, [Gb]my de[Db]fense   [Db]
[Bbm]No more fear in [Gb]life or [Db]death  

TAG
[Bbm]I know how the [Gb]story ends
[|Db / |Db / |Dbsus / |Dbsus / |]

CHORUS 2
And I'm fighting a [Gb]battle   [Db]
You've already [Ab]won   [Bbm]
No [Ab]matter what [Gb]comes my [Db]way
I will [Bbm]over[Ab]come
Don't [Db/F]know what You're [Gb]doing   [Db]
But I know what You've [Ab]done   [Bbm]
And I'm [Ab]fighting a [Gb]battle
[Ab]You've already [Bbm]won   [Db/F]

TAG
And I'm [Ab]fighting a [Gb]battle
[Ab]You've already won

OUTRO
[|Db / |Gb Db |Bbm / |Gb Db |]
[|Db / |Gb Db |Bbm / |Gb Db |]",Db,"","",,,,,,
25278591,Noel (He Is Born),7161646,"Advent, Birth, Christmas, Hope, Jesus, Singing","",,"",Tommee Profitt,64,261,"","C, E","Verse 1

The first Noel the angel did say
Was to certain poor shepherds in fields as they lay
In fields where they lay keeping their sheep
On a cold winter's night that was so deep

Chorus 1

Noel Noel Noel Noel
Born is the King of Israel

Verse 2

Then let us all with one accord
Sing praises to our heavenly Lord
That hath made heav'n and earth of nought
And with His blood mankind has bought

Misc 1

He is born He is born
The Son of God has come to dwell
The King of kings and Lord of lords
Emmanuel
He is born He is born
Hope for all now go and tell
He has come to save the world
We sing Noel

Chorus 2

Noel Noel Noel Noel
The King of kings and Lord of lords
Emmanuel
Noel Noel Noel Noel
He has come to save the world
We sing Noel Noel",E,"","",,,,,,,,,,,,
25352263,Precious Love,7180004,"Blood, Cleansing, Crucifixion, Jesus, Love, Sacrifice, Savior","",,"",Worship Together,75,0,Romans 8:35; Revelation 12:11; John 1:29,Eb: Eb,"Intro
[|Eb / / | Eb / / | Gm / / | Gm / / |]
[|Ab / / | Cm / / | Eb/Bb / / | Bb / / |]

Verse 1
There [Eb]is forgiveness [Eb]flowing down
From [Gm]where the Savior [Gm]died
The [Ab2]Son of man up[Cm7]on the tree
Ex[Bbsus]changing death for [Bb(add4)]life
[Eb]See Him there in [Eb]innocence
The [Gm]body and the [Gm]blood 
Be[Ab2]hold the King, [Cm7]crucified
[Bbsus]Spotless Lamb of [Eb]God   [Ebsus]  [Eb]

Chorus
Oh the [Ab]precious love of [Eb]Jesus
Oh the [Bb(add4)]fount of grace di[Eb]vine
[Eb/G]Flowing [Ab]as a mighty [Eb]river
Washing [Bb(add4)]sinners in its [Eb]tide
[Eb/G]There will [Ab]never be an[Eb]other
In whose [Bb(add4)]name we are re[Cm]deemed
[Eb/Bb]Oh the [Ab]precious love of [Eb]Jesus
Pouring [Bb(add4)]out for you and me   

Turnaround
[|Eb / / | Eb / / |]

Verse 2
[Eb]Sin and death crushed [Eb]underneath
The [Gm]weight of nail-pierced [Gm]hands
He [Ab2]plundered hell and [Cm7]tore the veil
As cre[Bbsus]ation held its [Bb(add4)]breath
Then [Eb]on the morning [Eb]of the third
The [Gm]Son began to [Gm]rise
Up [Ab2]from the grave, vic[Cm7]torious
Halle[Bbsus]lujah, He’s a[Eb]live    [Ebsus]  [Eb]

REPEAT CHORUS

Instrumental
[|Eb / Fm7(4) | Cm7 / Ab2 | Eb / Fm7(4) | Cm7 / Ab2|]
[|Eb / Fm7(4) | Cm7 / Ab2 | Eb/Fm7(4) | Cm7 / |]

Bridge
[Ab2]He is [Eb]worthy
[Fm7(4)]He is [Cm7]worthy  [Ab2]
[Eb]Worthy is [Fm7(4)]the [Cm7]Lamb
[Ab2]Sing for[Eb]ever
[Fm7(4)]Halle[Cm7]lujah  [Ab2]  
[Eb]Worthy is [Fm7(4)]the [Cm7]Lamb

REPEAT BRIDGE

Final Chorus
Oh the [Ab]precious love of [Eb]Jesus
Oh the [Bb(add4)]fount of grace di[Eb]vine
[Eb/G]Flowing [Ab]as a mighty [Eb]river
Washing [Bb(add4)]sinners in its [Eb]tide
[Eb/G]There will [Ab]never be an[Eb]other
In whose [Bb(add4)]name we are re[Cm]deemed
[Eb/Bb]Oh the [Ab]precious love of [Eb]Jesus
Pouring [Bb(add4)]out for you and [Cm7]me 

Tag
[Eb/Bb]Oh the [Ab]precious love of [Eb/G]Jesus
Pouring [Bb(add4)]out for you and [Eb]me",Eb,"","",,,,,,,,,,,,
25352378,Manger Throne,7226106,"","","December 17, 2023","",Phil Wickham,76,0,"",G,"",,"","",,,,,,,,,,,,
25385978,Ain't Got Time to Die,,"","",,"",Default Arrangement,,0,"This song is usually done as a straight choir number, but we'll do it with a band. Also the ending as arranged varies slightly from the original (and all of the recordings). The song has a leader, and one or more backup singers.","B, C","  VERSE 1 <s>Words in parenthesis are leader only</s>
(Lord, I [G]keep so busy praisin' my Jesus),
[D7]Keep so busy [G]praisin' my Jesus,
[G]Keep so busy praisin' my Jesus,
[D7]Ain't got time to [G]die.

('Cause when I'm [G]helpin' the sick)
I'm praisin' my Jesus,
(When I'm [D7]helpin' the sick
 I'm praisin' my Jesus,
(When I'm [G]helpin' the sick
 I'm praisin' my Jesus,
[D7]Ain't got time to [G]die.

  CHORUS 1A
'Cause it takes [G]all of my time, to praise my Jesus,
[C]All of my time, to praise my Lord.
If I [G] don't praise Him, the rocks are gonna cry out,
[G]Glory and honor, glory and honor,
[D7]Ain't got time to [G]die.

  VERSE 2
(Lord, I [G]keep so busy workin' for the kingdom),
[D7]Keep so busy [G]workin' for the kingdom,
[G]Keep so busy workin' for the kingdom,
[D7]Ain't got time to [G]die.

('Cause when I'm a [G]feeding the poor),
I'm working for the kingdom,
(When I'm a [D7]feeding the poor),
I'm working for the kingdom,
(When I'm a [G]feeding the poor)
 I'm working for the kingdom,
[D7]Ain't got time to [G]die.

COLUMN_BREAK
  CHORUS 1B
'Cause it takes [G]all of my time, to praise my Jesus,
[C]All of my time, to praise my Lord.
If I [G] don't praise Him, the rocks are gonna cry out,
[G]Glory and honor, glory and honor,
[D7]Ain't got time to [G]die.

  VERSE 3
(Lord I [G]keep so busy servin' my Master),
[D7]Keep so busy [G]servin' my Master,
[G]Keep so busy servin' my Master,
[D7]Ain't got time to [G]die.

('Cause when I'm [G]givin' my all)
I'm servin' my Master,
(When I'm [D7]givin' my all)
I'm servin' my Master,
(When I'm [G]givin' my all
 I'm servin' my Master,
[D7]Ain't got time to [G]die.

  PRECHORUS
(So get [G]out of my way!)
I'm working for the Kingdom
(Get [D7]out of my way,)
I'm working for the Kingdom
(Get [G]out of my way!)
I'm working for the Kingdom, [D7]Ain't got time to [G]die.

  CHORUS 1C
'Cause it takes [G]all of my time, to praise my Jesus,
[C]All of my time, to praise my Lord.
If I [G] don't praise Him, the rocks are gonna cry out,
[G]Glory and honor, glory and honor,
[D7]Ain't got time to [G]die.",G,"","",,,,,,,,,,,,
25403191,Lo How A Rose,2137289,Christmas,"","December 24, 2023","",Default Arrangement,,0,"",F,"Chorus 1

Lo how a rose e'er blooming
From tender stem has sprung
Of Jesse's lineage coming
As those of old have sung
It came a flow'r et bright
Amid the cold of winter
When half-spent was the night

Verse 1

Oh Isaiah 'twas fore told it
The rose I have in mind
With Mary we be hold it
The Virgin Mother kind
To show God's love aright
She bore to us a Savior
When half-spent was the night",G,"","",,,,,,,,,,,,
25403218,Now Shine A Thousand Candles Bright,1705059,Christmas,"",,"",Default Arrangement,,0,"",G,"Verse 1

Now shine a thousand candles bright
Upon the world's dark sphere
The deep blue sky is set alight
As myriad flames appear

Verse 2

In suburb ghetto farm and town
They spread the news abroad
That Jesus Christ is born tonight
Our Savior and our God

Verse 3

O star that shone o'er Bethlehem
Now let your kindly light
With tranquil hope and glory shine
In ev'ry home tonight

Verse 4

To ev'ry dark and anguished heart
Send down your ray divine
And may the light of God's own love
Like Christmas candles shine",G,"","",,,,,,,,,,,,
25424943,The Glorious Impossible,4576532,"Mercy, Glory, God's Attributes, Love, Grace","","December 17, 2023","",Default Arrangement,,0,"",E,"Verse 1

See the Virgin is delivered
In a cold and crowded stall
Mirror of the Father's glory
Lies beside her in the straw
He is Mercy's incarnation
Marvel at this miracle
For the Virgin gently holds the
Glorious Impossible

Verse 2

Love has come to walk on water
Turn the water into wine
Touch the leper bless the children
Love both human and divine
Praise the wisdom of the Father
Who has spoken through His Son
Speaking still He calls us to the
Glorious Impossible

Chorus 1

Hallelujah hallelujah hallelujah
Glorious Impossible

Verse 3

He was bruised for our transgressions
And He bears eternal scars
He was raised for our salvation
And His righteousness is ours
Praise oh praise Him praise the glory
Of this lavished grace so full
Lift your souls now and receive the
Glorious Impossible

Misc 1

Glorious Impossible

Misc 2

Praise oh praise Him praise the glory
Of this lavished grace so full
Lift your souls now and receive the
Glorious Impossible",G,"","",,,,,,,,,,,,
25471582,Worthy Of It All,6280644,"God Incarnate, Worthiness","","April 13, 2025","",Default Arrangement,,0,"",D,"",G,"","",,,,,,,,,,,,
25609462,Abandoned,7231260,"","",,"",Benjamin William Hastings,73,310,"",B,"Verse 1

Something isn’t adding up
This wild exchange You offer us
I gave my worst You gave Your blood
Seems hard to believe

You’re telling me You chose the cross
You’re telling me I’m worth that much
If that’s the measure of Your love
How else would I sing but

Chorus 1

(I'm) Completely deeply sold out sincerely abandoned
I’m completely freely hands to the ceiling enamored
My one life endeavor
To match Your surrender
To mirror not my will but Yours
I’m completely deeply
Don’t care who sees me abandoned
Oh I surrender all

Verse 2

I just can’t get over it
What kind of self control is this
You had angels at Your fingertips
But on the cross You remained

I can’t repay that kind of love
But I can praise with everything I got
Since death had all his power robbed
Then just like the grave

Misc 1

I surrender all
I surrender all

Misc 2

The whole of my heart
The best of my soul
Each phase of my life
Each breath in my lungs
Consider it Yours Lord
Consider it Yours Lord

The failures I hide
The victories I don’t
The battles I fight
Each crown that I hoard
Consider it Yours Lord
Consider it Yours Lord

All the glory forever
The grave that You won
The praise of heavens
The kingdom to come
Consider it Yours Lord
Consider it Yours

Misc 3

You’ll never leave me abandoned
I surrender all",B,"","",Worship Together,73,0,Psalm 37:5; Matthew 16:24; Romans 6:13,B: B,"Intro
[|B / | B / |]

Verse 1
[B]   Something isn’t adding up
[F#sus]   This wild exchange You offer us
[G#m7]   I [F#]gave my worst, You gave Your blood
[Emaj7]   Seems hard to believe

Verse 2
[B]   You’re telling me You chose the cross?
[F#sus]   You’re telling me I’m worth that much?
[G#m7]   If [F#]that’s the measure of Your love
[Emaj7]   How else would I sing but

Chorus
Com[G#m7]pletely, deeply, [F#]sold out sincerely
A[Emaj7]bandoned   [B]   [F#/A#]
I’m com[G#m7]pletely, freely, [F#]hands to the ceiling 
E[Emaj7]namored   [B]   [F#/A#]
My [G#m7]one life endeavor
To [F#]match Your surrender
To [Emaj7]mirror not my will but [B]Yours   [F#/A#]
I’m com[G#m7]pletely, deeply, [F#]don’t care who sees me 
A[Emaj7]bandoned
Oh [B]I sur[F#/A#]render [G#m7]all

Turnaround
[|F# / | Emaj7 / | Emaj7 / |]

Verse 3
[B]   I just can’t get over it
[F#sus]   What kind of self control is this?
[G#m7]   You had [F#]angels at Your fingertips
[E]   But on the cross You remained   [C#m]

Verse 4
[B]   I can’t repay that kind of love
[F#sus]   But I can praise with everything I got
[G#m7]   Since [F#]death had all his power robbed
[E]   Then just like the grave

REPEAT CHORUS

Tag
[F#]I surrender [E]all
[B]I sur[F#/A#]render [G#m7]all   [F#]   [E]   [E]

Bridge
The whole of my [B]heart
The best of my [B]soul 
Each phase of my [F#sus]life
Each breath in my [F#sus]lungs
Consider it [C#m7]Yours, Lord [C#m7]
Consider it [E2]Yours, Lord [F#sus]

The failures I [B]hide
The victories I [B]don’t
The battles I [F#sus]fight
Each crown that I [F#sus]hoard
Consider it [C#m7]Yours, Lord [C#m7]
Consider it [E2]Yours, Lord [F#sus]

All the glory forev[G#m7]er
The grave that You [G#m7]won
The praise of [F#sus]heavens  
The kingdom to [F#sus]come 
Consider it [C#m7]Yours, Lord [C#m7]
Consider it [E2]Yours [F#sus]

REPEAT CHORUS

Tag
[F#sus]You’ll never leave me a[Emaj7]bandoned 
[B]I sur[F#/A#]render [N.C.]all",B,"","",,,,,,
25692139,That's Not You,7209140,"Acceptance, God's Love, Jesus","",,"",Kristian Stanfill,86,256,"","B, G","Verse 1

You don't want me to be someone that I'm not
You don't tell me who I am is not enough
You'd never shame me for the times that I screwed up
If I hear that that's not You

Verse 2

I don't annoy You when I'm calling on Your name
I'm not a burden to You or just some charity case
You won't hide from me or tell me to go away
If I feel that that's not You

Chorus 1

That's not You at my lowest
Making sure I remember
Every single failure
All the times I missed the mark
That's not You in my weakness
Telling me I'm not worth it
And the race that I've been running
I should just give it up
That's not Your voice that's not the truth
(Jesus) That's not You

Verse 3

You don't make a promise then go change Your mind
You don't tell me to stay away
Till I clean up my life
You never make me question if I should be alive
If I hear that that's not You

Misc 1

There's a difference between the life You bring
And the lies the darkness speaks
There's a war inside this heart of mine
God help me to see
(REPEAT)

Misc 2

Jesus that's not You
Oh that's not You
Oh that's not You",B,"","",,,,,,,,,,,,
25863846,Great I Am,5881491,"Desire, Proclamation","",,"",New Life Worship,80,326,"","A, B, D","Verse 1

I wanna be close close to Your side
So Heaven is real and death is a lie
I wanna hear voices of angels above
Singing as one

Chorus 1

Hallelujah holy holy
God Almighty great I Am
Who is worthy none beside Thee
God Almighty great I Am

Verse 2

I wanna be near near to Your heart
Loving the world hating the dark
I wanna see dry bones living again
Singing as one

Misc 1

The mountains shake before You
The demons run and flee
At the mention of Your name King of majesty
There is no pow'r in hell or any who can stand
Before the power and the Presence of the great I Am
The great I Am (5X)",C,"","",,,,,,,,,,,,
25863861,Spirit Of The Living God,7035191,"","",,"",Vertical Worship,67,340,"",D,"Verse 1

Spirit of the living God
Spirit of the living God
We only want to hear Your voice
We're hanging on ev'ry word
Spirit of the living God
Spirit of the living God
We want to know You more and more
We're hanging on ev'ry word

Misc 1

Come and speak to us O Lord

Chorus 1

'Cause when You speak and when You move
When You do what only You can do
It changes us
It changes what we see and what we seek
When You come in the room
When You do what only You can do
It changes us
It changes what we see and what we seek
You're changing ev'rything

Verse 2

Spirit of the living God
Spirit of the living God
We're leaning in to all You are
Ev'rything else can wait
Spirit of the living God
Spirit of the living God
Come now and breathe upon our hearts
Come now and have Your way

Misc 2

When You move You move all our fears
When You move You move us to tears
When You move You move all our fears
When You move You move us to tears

Misc 3

When You fall we fall on our knees
When You fall we fall at Your feet
And when You fall we fall on our knees
And when You fall we fall at Your feet yeah

Misc 4

Spirit of the living God
Spirit of the living God
We only want to hear Your voice
We're hanging on ev'ry word",D,"","",,,,,,,,,,,,
25924054,Crown Him With Many Crowns,23938,"Resurrection, Kingship, , Ascension, Praise, Adoration, Worship","","April 05, 2026","",Lifeway Worship,112,207,"",C,"",,"","",,,,,,,,,,,,
25961194,Your Great Name,5393329,"Hunger, Your Great Name, Healing, Resurrection, His Name, , Christian Life","","March 24, 2024","",Michael Neale,74,285,"",D,"",,"","",,,,,,,,,,,,
25961202,You Are My All In All,825356,", Name, Strength, Jesus, Lamb of God, Praise, Worship","","March 24, 2024","",The Worship Initiative,128,225,"","C, E, G","",,"","",,,,,,,,,,,,
26021596,His Mercy Is More,7065053,"","","November 17, 2024","",Matt Boswell & Matt Papa,63.5,275,"",F,"",,"","",,,,,,,,,,,,
26155967,The Lord Will Provide,7227727,"Assurance, Fulfillment, Provision, Trust","","July 26, 2026","",Passion,68,333,YouTube link: https://www.youtube.com/watch?v=-29gTlsdCZ8,"A, B, Bb, G","Verse 1

Look at the flowers
In all of their beauty
I don't have to wonder
You know what You're doing
So why would I worry at all
You're faithful to supply

Chorus 1

Everything I need
Everything I need
My Father has it
My Father has it
Every single time
The Lord will provide
My Father has it
(My Father has it)

Verse 2

Look at the sparrow
Lacking for nothing
No fear of tomorrow
And what it will bring
If I have You I have enough
'Cause Your love will satisfy

Misc 1

Seek first the kingdom and its treasures
Everything else it will be added
All that I'm needing
I know the Lord will provide
I know my God's not empty handed
He gives us blessings upon blessings
I'm still believing
I know the Lord will provide",G,"","",Worship Together,68,0,Genesis 22:11-14; Philippians 4:6-7; Luke 12:24; Matthew 10:29; Matthew 6:33,B: B,"Intro
[|B / | F#(add4) / | C#m7 / | E2 / |]

Verse 1
[B]Look at the flowers   [F#(add4)] 
In all of their [C#m7]beauty   [E2] 
I [B]don’t have to wonder   [F#(add4)]
You know what You’re [C#m7]doing   [E2]
So [B]why would I worry at [F#(add4)]all 
You’re faithful [C#m7]to   [B/D#]sup - [E2]ply 

Chorus
[B]Everything I need
[F#(add4)]Everything I need 
[C#m7]My Father has it
[E2]My Father has it 
[B]Every single time 
The [F#(add4)]Lord will provide 
[C#m7]My Father has it 
[E2]My Father has it 

Turnaround
[|B / | F#(add4) / | C#m7 / | E2 / |]

Verse 2
[B]Look at the sparrow   [F#(add4)]
Lacking for [C#m7]nothing   [E2] 
No [B]fear of tomorrow   [F#(add4)]
And what it will [C#m7]bring   [E2]
If [B]I have You, I have e[F#(add4)]nough 
Cause Your love will [C#m7]sat - [B/D#]is - [E2]fy 

REPEAT CHORUS

Turnaround
[|B / | F#(add4) / | C#m7 / | E2 / |]

Bridge
Seek first the [B]kingdom and its [B]treasures 
Everything [C#m7]else it will be [C#m7]added 
All that I’m [E2]needing 
[E2]I know the [C#m7]Lord will pro[B]vide   [B]
I know my [B]God’s not empty [B]handed 
He gives us [C#m7]blessings upon [C#m7]blessings 
I’m still be[E2]lieving 
[E2]I know the [C#m7]Lord will pro[B]vide   [B]

REPEAT BRIDGE
REPEAT CHORUS 2X
REPEAT BRIDGE

Tag
[E2]I know the [C#m7]Lord will pro[B]vide
[A]I know the [E2]Lord will pro[B]vide",B,"","",,,,,,
26269899,You Are Mighty,499548,"Declaration, God's Attributes, Power, Rejoice, Greatness, Victory","","May 19, 2024","",Default Arrangement,,0,"",Am,"",Am,"","",,,,,,,,,,,,
26307616,I Stand Amazed in the Presence,,"","","August 23, 2026","",Default Arrangement,,0,"","E, F","(Version 2026-01-14)

  INTRO
[F]

  VERSE 1
[F]I stand amazed in the presence of
[C]Jesus the Nazar[F]ene
And [Bb]wonder how He could [F]love me
A [F]sinner con[C]demned, un[F]clean.

  VERSE 2
For [F]me it was in the garden
He [C]prayed, ""Not my will, but [F]Thine""
He [Bb]had no tears for his [F]own griefs
But [F]sweat drops of [C]blood for [F]mine.

  HITS (16 eighth notes)
[| F / / | / / |]

 CHORUS
[F]How Marvelous how wonderful!
[C]And my song shall ever be
[F]How Marvelous how wonderful!
[Gm7]Is my [F]Sa[F/C]]vior's [F/D]love [C/E]for [F]me!

COLUMN_BREAK
  VERSE 3
He[F] took my sins and my sorrows,
He [C]made them His very [F]own;
He [Bb]bore the burden to [F]Calvary,
And [F]suffered and [C]died alone.

  HITS (16 eighth notes)
[| F / / | / / |]

  CHORUS

  VERSE 4
When [F]with the ransomed in glory
His [C]face I at last shall [F]see
""Twill [Bb]be my joy thro'the [F]ages
To [F]sing of His [C]love for [F]me.

  HITS (16 eighth notes)
[| F / / | / / |]

  CHORUS

  CHORUS <i>ritard at end</i>
",F,"","",,,,,,,,,,,,
26320651,Trust In God,7206001,"","","June 07, 2026","",Default Arrangement,,0,"","A, C, G","",,"","",,,,,,,,,,,,
26584912,Rest On Us,7126736,"","","June 14, 2026","",Default Arrangement,,0,"","A, Bb, C, E, F, G","",F,"","",,,,,,,,,,,,
26652928,Bullfrogs And Butterflies,69253,"Children, Salvation","",,"",Default Arrangement,,0,"",C,"Chorus 1

[C]Bullfrogs and [F]butter[C]flies
We both been [G]born a[C]gain[G]
[C]Bullfrogs and [F]butter[C]flies
We both been [G]born a[C]gain[G]
(REPEAT)

Verse 1

[G]Ol' tadpole in a fishin' hole
He [F]couldn't croak or jump
To save his [C]soul
[G]Then one day
It was the funniest thing
He [F]started growin'
And turnin' [C]green
He[G] jumped up on a lily pad
He's [F]croakin' out a song
Gave it all he [G]had
He's singin'





Verse 2

[G]Little caterpillar
On a blade of grass
She's[F] noticin' the day
Goin' by so [C]fast
A [G]lovely little lady
Lookin' for a room
[F]Weavin' and spinnin' out
A fine co[C]coon
It [G]didn't take long
'Til she saw the sky
[F]Spread your wings
You butter[G]fly
She's singin'

",C,"","",,,,,,,,,,,,
26653005,The Butterfly Song / If I Were A Butterfly,35445,"Joy, Children, Creation, Nature, Thankfulness, Praise","",,"",Default Arrangement,,0,"",C,"Verse 1

[C]If I were a butterfly
I'd [F]thank You Lord for giving me wings
[C]If I were a robin in a tree
I'd[G] thank You Lord that I could sing and 
[C]If I were a fish in the sea
I'd[F] wiggle my tail and I'd giggle with glee
[F#]But [G]I just thank You Father for making me [C]me

Chorus 1

[G]For You [C] gave me a heart
And You gave me a smile
You [F]gave me Jesus
And You made me Your child
[F#]And [G]I just thank You Father
For making me [C]me











Verse 2

[C]If I were an elephant
I'd [F]thank You Lord by raising my trunk and
[C]If I were a kangaroo
You [G]know I'd hop right up to You and
[C]If I were an octopus
I'd [F]thank You Lord for my fine looks
[F#]But [G]I just thank You Father for making me [C]me


Verse 3

[C]If I were a wiggly worm
I'd [F]thank You Lord that I could squirm
And [C]if I were a fuzzy wuzzy bear
I'd [G]thank You Lord for my fuzzy wuzzy hair and
[C]If I were a crocodile
I'd [F]thank You Lord for my great smile
[F#]And[G] I just thank You Father for making me [C]me",C,"","",,,,,,,,,,,,
26653080,God Made Me (Like He Made The Sea),,"","",,"",Default Arrangement,,0,"",C,"[G]God made

[C]Slugs and bugs and rats and bats
And [F]silly bees that don't say please
They'll [G]sting your elbows and your knees
If you [C]chase them

[G]God made

[C]Snakes and snails and killer whales
And [D]if you were a baby seal
Then [G]you would make a tasty meal
For [C]orcas

But [C]God made me
Like He [F]made the [G]sea
He[F] filled it [G]up with green and [C]blue [G]
He [C]sent His Son
His [F]only [G]One
To fill me up and make me [C]new






[G]God made

[C]Everything that was or is or [F]will be

What a crazy biz
I [G]can't believe that I am His[C] forever

[G]Now I [C]listеn very carefully
Be[D]causе He lives inside of me
That [G]could be gross but it's not
'Cause it's [C]Jesus Christ my Lord and Savior

[G]But [C]God made me
Like He [F]made the [G]sea
He[F] filled it [G]up with green and [C]blue [G]
He [C]sent His Son
His [F]only [G]One
To fill me up and make me [C]new

",C,"","",,,,,,,,,,,,
26654321,He's Got The Whole World In His Hands,33681,"Greatness, Children, Redemption, Praise, Declaration","",,"",Default Arrangement,,0,"",D,"Verse 1

He's got the whole world in His hands
He's got the whole world in His hands
He's got the whole world in His hands
He's got the whole world in His hands

Verse 2

He's got the little tiny baby in His hands
He's got the little tiny baby in His hands
He's got the little tiny baby in His hands
He's got the whole world in His hands

Verse 3

He's got you and me brother in His hands
He's got you and me brother in His hands
He's got you and me brother in His hands
He's got the whole world in His hands

Verse 4

He's got you and me sister in His hands
He's got you and me sister in His hands
He's got you and me sister in His hands
He's got the whole world in His hands

Verse 5

He's got ev'rybody here in His hands
He's got ev'rybody here in His hands
He's got ev'rybody here in His hands
He's got the whole world in His hands

Verse 6

He's got the wind and the rain in His hands
He's got the wind and the rain in His hands
He's got the wind and the rain in His hands
He's got the whole world in His hands

Verse 7

He's got the sun and the moon in His hands
He's got the sun and the moon in His hands
He's got the sun and the moon in His hands
He's got the whole world in His hands",D,"","",,,,,,,,,,,,
26937334,You Said I Am (Behold & Believe),,"","",,"",The Gospel Coalition,70,306,"",G,"",,"","",,,,,,,,,,,,
26943706,I Thank God,7169680,"","","August 09, 2026","",Default Arrangement,,0,"","A, Bb, C, E, G","",,"","",,,,,,,,,,,,
26996763,You Said I Am (Behold And Believe),7239702,"Adoration, Believe, Lamb Of God, Peace, Resurrection","",,"",Worship Together,70,0,"John 6:22-59, John 8:12-30, John 10:1-18, John 11:17-44, John 14:1-14, John 15:1-11",G: G,"INTRO
[|G / / / |Am7 / / / |Em7 / D / |C / / / |]

VERSE 1
You said I [G]am the bread of life
Who[Am7]ever comes to dine
Will not [Em7]hunger, will not [D]thirst
And will be [C]satisfied
You said I [G]am the only light
That [Am7]gives the blind their sight
If we [Em7]see You will [D]lead us through 
The [C]darkest night   [C]

CHORUS
We be[G]hold, we be[Am7]lieve
You are the [Em7]Lion and the [D]Lamb
The Prince of [C]Peace
We a[G/B]dore, we con[Am7]fess
You are the [Em7]one who came and [D]died 
And rose a[C]gain
The [Am7]great I [(G)]Am

TURNAROUND
[|G / / / |G / / / |]

VERSE 2
You said I [G]am the open door
That [Am7]souls are longing for
If [Em7]we walk in, new [D]life begins 
For[C]evermore
You said I [G]am the shepherd guide
Who [Am7]came to live and die
To [Em7]lead the ones He [D]loves 
To resur[C]rection life

REPEAT CHORUS

TURNAROUND
[G]   [Am7]Oh
The great I [Em7]Am   [D]   [C]

BRIDGE
[Em7]   Before creation’s spark   
[D]   Before light from the dark 
[C]   Before the waters part
You [C]are, You [D]are the great I Am
[Em7]   Before You breathed on the dust 
[D]   Before Abraham was 
[C]   Before the burning bush
You [C]are, You [D]are the great I Am

REPEAT BRIDGE

TAG
[Em7]   You are the great I [D]Am
You are the great I [C]Am   [C]

VERSE 3
You said [G]I am the only way
To [Am7]see the Father’s face
The [Em7]only truth, the [D]only life 
The [C]one who saves
You said [G]I am the one true vine
In [Am7]You, we will abide
To [Em7]bear the fruit of [D]Gospel truth 
In [C]death and life
That [Em7]all might know the [D]mighty name 
Of [C]Jesus Christ

REPEAT CHORUS 2x

Ending
[G]   [Am7]Oh
The great I [Em7]Am   [D]   [C]
The great I [C]Am",G,"","",,,,,,,,,,,,
27010486,At Your Name,5942543,"His Name, Adoration, Praise, Proclamation","",,"",Default Arrangement,,0,"",A,"Verse 1

At Your name
The mountains shake and crumble
At Your name
The oceans roar and tumble
At Your name angels will bow
The earth will rejoice
Your people cry out

Chorus 1

Lord of all the earth we shout Your name
Shout Your name
Filling up the skies with endless praise
Endless praise
Yahweh Yahweh
We love to shout Your name oh Lord

Verse 2

At Your name
The morning breaks in glory
At Your name
Creation sings Your story
At Your name angels will bow
The earth will rejoice
Your people cry out

Misc 1

There is no one like our God
We will praise You praise You
There's no one like our God
We will sing we will sing
There is no one like our God
We will praise You praise You
There's no one like our God
We will sing

Chorus 2

Lord of all the earth we'll shout Your name
Shout Your name
Filling up the skies with endless praise
Endless praise
Yahweh Yahweh
We love to shout Your name oh Lord",A,"","",,,,,,,,,,,,
27022245,Breathe,1874117,"Desperation, Holiness, Presence, Testimony, Desire, Faith","",,"",Default Arrangement,,0,"","Bb, C","",,"","",,,,,,,,,,,,
27022269,Praise,7213077,"Faithfulness, Praise, Victory, Warfare","","April 19, 2026","",Default Arrangement,,0,"","A, E, G","Praise the Lord, Oh, my soul
Praise the Lord, Oh, my soul

I'll praise in the valley, Praise on the mountain 
I'll praise when I'm sure, Praise when I'm doubting 
I'll praise when outnumbered, Praise when surrounded
'Cause praise is the water, My enemies drown in 

As long as I'm breathing, I've got a reason to

Praise the Lord, Oh, my soul
Praise the Lord, Oh, my soul

I'll praise when I feel it, And I'll praise when I don't
I'll praise 'cause I know, You're still in control
Because my praise is a weapon, It's more than a sound
Oh, my praise is the shout, That brings Jericho down 

As long as I'm breathing, I've got a reason to

Praise the Lord, Oh, my soul
Praise the Lord, Oh, my soul
I won't be quiet, my God is alive
How can I keep it inside?
Praise the Lord, Oh, my soul

I'll praise 'cause You're sovereign
Praise 'cause You reign
Praise 'cause You rose and defeated the grave
I'll praise 'cause You're faithful
Praise 'cause You're true
Praise 'cause there's nobody greater than You

Praise the Lord, Oh, my soul 
Praise the Lord, Oh, my soul
Praise the Lord, Oh, my soul

I won't be quiet, my God is alive
How can I keep it inside?
I won't be quiet, my God is alive
How can I keep it inside?
",A,"","",,,,,,,,,,,,
27159968,What You're Worthy Of,7237300,"Glory, Honor, Praise, Worship, Worthiness","",,"",Worship Together,80,0,"1 Timothy 1:17, Revelation 4:11, 2 Samuel 22:4, Psalm 148:1-14, Psalm 96:4",G: G,"INTRO
[|G / / / |G / Dsus C2|G / / / |G / Dsus C2|]

VERSE 1
For the [G]sun that wakes up, we [G]praise You 
For the [C2]breath inside our lungs, we [C2]praise You 
For Your [Em7]neverending love, we [G/D]praise You
It’s [C2]what You’re worthy [G]of 

VERSE 2
For the [G]ways You changed our lives, we [G]praise You
For the [C2]ways we can’t describe, we [C2]praise You 
For the [Em7]millions more to find, we [G/D]praise You
It’s [C2]what You’re worthy of  

TURNAROUND
[|G / / / |G / Dsus C2|]

CHORUS
[G]   This is what You’re worthy o[G]f
Praise for[G/B]ever   	 	 	 
[C2]   All the good You've given [Em7]us
Can[Dsus]not be [C2]measured	 	 	 	 
[G]   You alone deserve it al[G]l  	
Our lives sur[G/B]rendered 	 	 	 	 
[C2]   Jesus, take every part 	
[Em7]   It’s what You’re [Dsus]worthy of 

TURNAROUND
[|G / / / |G / Dsus C2|]

VERSE 3
For the [G]greatest sacrifice, we praise You 
For the [C2]grave You left behind, we [C2]praise You 
For the [Em7]resurrection life, we [G/D]praise You
It’s [C2]what You’re worthy [G]of 

VERSE 4
For the [G]day You will return, we [G]praise You 
For the [C2]justice You will serve, we [C2]praise You 
In [Em7]heaven and on earth, we [G/D]praise You
It’s [C2]what You’re worthy of 

TURNAROUND
[|G / / / |G / Dsus C2|]

REPEAT CHORUS

INTERLUDE
[|G/B / C2 / |Dsus /  Am7 / |]
[|G/B / C2 / |Dsus /  Am7 / |]

BRIDGE
[G/B]    From glory [C2]   to glory
[Dsus]   Beginning [Am7]   to ending 	 	 	 	 
[G/B]   You’re holy, [C2]   You’re worthy
[Dsus]   So we’ll keep [Am7]   on singing 

REPEAT BRIDGE 2x

TAG
[|G/B / C2 / |]
[Dsus]   So we’ll keep [Am7]   on singing 
[|G/B / C2 / |Dsus ///|]

REPEAT CHORUS

ENDING
[G]   It’s what You’re worthy [C2]of 
[Em7]   It’s what You’re worthy [G]of",G,"","",,,,,,,,,,,,
27162940,Made For More,7207758,"Grace, Purpose, Salvation","",,"",Worship Together,75,0,1 Peter 1:3; Psalms 86:16,C: C,"VERSE 1
I know who [C]I am ‘cause I [Csus]know who You[C] are
The cross of [Csus]sal - va - [C]tion was on[G]ly the start
Now I am c[Am]hosen, I’m f[G]ree and for[F]given
I have a [C/E]future and it’s worth the living

CHORUS
[C]I wasn’t made to be tending a [Am]grave
I was c[G]alled by name
Born and [C/E]raised back to [F]life again
I was [Dm]made for [C]more
So [C]why would I make a bed in my [Am]shame
When a fou[G]ntain of grace is running my [C/E]way
I know [F]I am Yours
And I was [Dm]made for [C]more

VERSE 2
I know who [C]I am ‘cause I [F]know who [C]You are
The cross of [Csus]salva - [C]tion was only[G] the start
Now I am [Am]chosen, [G]free and for[F]given
I have a [C/E]future[G] and it’s worth[F] the living

REPEAT CHORUS

BRIDGE
[C/E]Halle - [F]lujah
You [Am]called out my name
So I’ll [G]sing out Your praise
[C/E]Halle - [F]lujah
You [Am]buried my past
Oh I’m [G]not going back

REPEAT CHORUS",C,"","",,,,,,,,,,,,
27259085,O So Holy Night,7167571,"","",,"",Default Arrangement,,0,"","","",G,"","",,,,,,,,,,,,
27280950,The Joy / Joy To The World,,System.String[],"",,"",Worship Together,132,0,Nehemiah 8:10; Luke 2:10,Db: Db,"Intro
[|Db / / / | Ebm7 / / / | Db/Gb / Db2/Gb / |Db/Gb / Db2/Gb / |]
[|Db / / / | Ebm7 / / / | Db/Gb / Db2/Gb / |Db/Gb / Db2/Gb / |]
[|Db / / / | Ebm7 / / / | Db/Gb / Db2/Gb / |Db/Gb / Db2/Gb / |]

Verse 1
[Db]Joy to the [Db]world
The [Db]Lord is [Db]come
Let [Gb]earth re[Ab]ceive her [Db]King   [Db]
Let [Db]every [Db]heart pre[Db]pare Him [Db]room
And [Db]Heaven and nature [Db]sing
And [Absus]Heaven and nature [Absus]sing 
And [Db/F]Heaven, and [Gb]Heaven
And [Db/Ab]na-[Absus]ture [(Db)]sing

Turnaround
[|Db / / / | Ebm7 / / / | Db/Gb / Db2/Gb / |Db/Gb / Db2/Gb / |]

Verse 2
[Db]Joy to the [Db]Earth
The [Db]Savior [Db]reigns
Let [Gb]all their [Ab]songs em[Db]ploy   [Db] 
While [Db]fields and [Db]floods, rocks, [Db]hills and [Db]plains
Re[Db]peat the sounding [Db]joy
Re[Absus]peat the sounding [Absus]joy
Re[Db/F]peat, re[Gb]peat
The [Db/Ab]sound-[Absus]ing...

Chorus
[Db]Joy of the Lord, the [Ebm7]joy of the Lord is my [Db/Gb]strength   [Db/Gb] 
The [Db]joy of the Lord, the [Ebm7]joy of the Lord is my [Db/Gb]strength   [Db/Gb] 
[Bbm7]O my soul, [Ab]bless His Name
[Db/F]All that is with[Ebm7]in me say 
The [Db]joy of the Lord, the [Ebm7]joy of the Lord is my [(Db)]strength

Turnaround
[|Db / / / | Ebm7 / / / | Db/Gb / Db2/Gb / |Db/Gb / Db2/Gb / |]
[|Db / / / | Ebm7 / / / | Db/Gb / Db2/Gb / |Db/Gb / Db2/Gb / |]

Bridge 1
Let it [Db/Ab]rise [Ab]up 
Like a [Gb]river   [Db] 
Over[Db/Ab]flow-[Ab]ing 
Holy [Gb]Spirit   [Db] 
Let it [Db/Ab]pour out 
With no [Gb]limit   [Db 
Over[Db/Ab]flow-[Ab]ing 
Holy [Gb]Spirit   [Db] 

Bridge 2
Let it [Db/Ab]rise [Ab]up 
Like a [Gb]river   [Db] 
Over[Db/Ab]flow-[Ab]ing 
Holy [Gb]Spirit   [Db] 
Let it [Db/Ab]pour out 
With no [Gb]limit   [Db]
Over[Db/Ab]flow-[Ab]ing 
Holy [Gb]Spirit   [Gb] 

Verse 3
[Db]He rules the [Db]world 
With [Db]truth and [Db]grace
And [Gb]makes the [Ab]nations [Bbm7]prove   [Bbm7] 
The [Db]glories of His [Db]righteousness
And [Db]wonders of His [Db]love
And [Ab]wonders of His [Ab]love
And [Db/F]wonders, [Gb]wonders
[Db/Ab]Of [Ab]His [(Db)]love

Breakdown
[Db]Oh oh oh [Ebm7]oh oh oh 
[Db/Gb]Oh oh oh [Db/Gb]oh oh oh oh
[Db]Oh oh oh [Ebm7]oh oh oh 
[Db/Gb]Oh oh oh [Db/Gb]oh oh oh oh

REPEAT BREAKDOWN

Last Chorus
[Db]Joy of the Lord, the [Ebm7]joy of the Lord is my [Db/Gb]strength   [Db/Gb] 
The [Db]joy of the Lord, the [Ebm7]joy of the Lord is my [Db/Gb]strength   [Db/Gb] 
[Bbm7]O my soul, [Ab]bless His Name
[Db/F]All that is with[Ebm7]in me say 
[Bbm7]O my soul, [Ab]bless His Name
[Db/F]All that is with[Ebm7]in me say 
[Bbm7]O my soul, [Ab/C]bless His Name
[Db/F]All that is with[Gb]in [Db/F]me [Ebm7]say 
The [Db]joy of the Lord, the [Ebm7]joy of the Lord is my [(Db)]strength

REPEAT BREAKDOWN

Final Chord
[Db]",Db,"","",,,,,,,,,,,,
27333841,The Battle and the Blessing (Live),,"","",,"",CityAlight,67,316,"",G,"",,"","",,,,,,,,,,,,
27361348,Royal Son,7247658,"Healing, Jesus, King, Light","","December 14, 2025","",Default Arrangement,,0,"",G,"",,"","",,,,,,,,,,,,
27406759,I Can't Thank You Enough,,"","",,"",Benjamin William Hastings,70.5,352,"",Bb,"",,"","",,,,,,,,,,,,
27482587,All Glory Be To Christ,7008232,"","",,"",Default Arrangement,,0,"","A, B","Verse 1

Should nothing of our efforts stand
No legacy survive
Unless the Lord does raise the house
In vain its builders strive
To you who boast tomorrow’s gain
Tell me what is your life
A mist that vanishes at dawn
All glory be to Christ

Chorus 1

All glory be to Christ our king
All glory be to Christ
His rule and reign we’ll ever sing
All glory be to Christ

Verse 2

His will be done His kingdom come
On earth as is above
Who is Himself our daily bread
Praise Him the Lord of love
Let living water satisfy
The thirsty without price
We’ll take a cup of kindness yet
All glory be to Christ

Verse 3

When on the day the great I Am
The faithful and the true
The Lamb who was for sinners slain
Is making all things new
Behold our God shall live with us
And be our steadfast light
And we shall e'er his people be
All glory be to Christ",G,"","",,,,,,,,,,,,
27581251,All Sufficient Merit,7212933,"","","October 19, 2025","",Shane and Shane,73,325,"","C, D, G","Verse 1

All sufficient merit shining like the sun
A fortune I inherit by no work I have done
My righteousness I forfeit at my Savior’s cross
Where all sufficient merit did what I could not

Verse 2

In love He condescended eternal now in time
A life without a blemish the Maker made to die
The law could never save us our lawlessness had won
Until the pure and spotless Lamb had finally come

Chorus 1

It is done it is finished
No more debt I owe
Paid in full all sufficient
Merit now my own

Verse 3

I lay down my garments any empty boast
Good works now all corrupted by the sinful host
I'm dressed in my Lord Jesus
A crimson robe made white
No more fear of judgment His righteousness is mine

Verse 4

All sufficient merit firm in life and death
The joy of my salvation shall be my final breath
When I stand accepted before the throne of God
I’ll gaze upon my Jesus and thank Him for the cross
Yes I’ll thank Him for the cross

Tag 1

Oh Your merit now my own
Oh Your merit now my own",C,"","",,,,,,,,,,,,
27650099,Come To Jesus,7239979,"Forgiveness, Jesus, Prodigal, Reconciliation, Restoration","",,"",Worship Together,80,0,Romans 8:1; Matthew 11:28–30,"B: B, Bb","Intro
[|B B/D# | E2  /  | B B/D# | E2  /  |]

Verse 1
If you [B]bought what they sold you
[B]Just to find out
The [G#m7]world’s only good at
[G#m7]Letting you down
Come to [E2]Jesus   [E2]

Verse 2
If the [B]well that you draw from
[B]Keeps running dry
And the [G#m7]water you’re drinking
[G#m7]Won’t satisfy
Come to [E2]Jesus   [E2]
Come to [F#]Jesus   [F#]

Chorus
There’s [B]room for us all at the [B]foot of the cross
Where [G#m7]perfect love paid every [G#m7]prodigal’s cost
The [F#sus]Savior is waiting with [F#sus]arms open wide
So [E2]leave what’s behind you be[E2]hind
Come to [B]Jesus   [B/D#]   [E2]
Come to [B]Jesus   [B/D#]   [E2]

Verse 3
You [B]don’t have to clean up                 
Be[B]fore you come home                      
Let the [G#m7]power in the blood
Turn your [G#m7]sin white as snow
Come to [E2]Jesus   [E2]   [G#m7]
Come to [F#]Jesus   [F#]

REPEAT CHORUS

BRIDGE
[B]There is therefore [B]now no condem[F#]nation
For all [F#]those found in Christ [E2]Jesus
Call His [E2]name
Come be [B]saved
Come be [F#]saved

REPEAT BRIDGE

Half-Chorus
There’s [B]room for us all at the [B]foot of the cross
Where [G#m7]perfect love paid every [G#m7]prodigal’s cost
The [F#sus]Savior is waiting with [F#sus]arms open wide
So [E2]leave what’s behind you be[E2]hind

REPEAT CHORUS

Tag
Come to [B]Jesus   [B/D#]   [E2]
Come to [B]Jesus   [B/D#]   [E2]

End Verse
If you [B]bought what they sold you
[B]Just to find out
The [G#m7]world’s only good at
[G#m7]Letting you down
Come to [E2]Jesus   [F#]
Come to [B]Jesus",B,"","",,,,,,,,,,,,
27718311,Only A Holy God,7073332,"","",,"",Default Arrangement,,0,"",D,"Verse 1

Who else commands all the hosts of heaven
Who else could make every king bow down
Who else can whisper and darkness trembles
Only a Holy God

Verse 2

What other beauty demands such praises
What other splendour outshines the sun
What other majesty rules with justice
Only a Holy God

Chorus 1

Come and behold Him
The One and the Only
Cry out sing holy
Forever a Holy God
Come and worship the Holy God

Verse 3

What other glory consumes like fire
What other power can raise the dead
What other name remains undefeated
Only a Holy God

Verse 4

Who else could rescue me from my failing
Who else would offer His only Son
Who else invites me to call Him Father
Only a Holy God
Only my Holy God",G,"","",,,,,,,,,,,,
27718334,From Everlasting (Psalm 90),7190362,"Everlasting Life, God's Love, Grace, Waiting","",,"",Default Arrangement,,0,"","A, Bb","Verse 1

O God before the mountains were brought forth
Or days of spring and summer filled the earth
From everlasting You are God

Verse 2

We dwell beneath the stars in ancient skies
A thousand years are nothing in Your sight
From everlasting You are God

Chorus 1

And all our days are held within Your hands
Your perfect love and favor have no end
We rest within the wisdom of Your plan
Everlasting (God)

Verse 3

O God when joy and tragedy collide
And loss reminds us life is but a sigh
From everlasting You are God

Verse 4

O God of light our ways are known to You
But by Your grace You’re making all things new
So satisfy us in our numbered days
Establish every effort while we wait
From everlasting You are God",G,"","",,,,,,,,,,,,
27757711,All I Have Is Christ,5174122,"Life, Jesus, Surrender","",,"",Default Arrangement,,0,"",C,"Verse 1

I once was lost in darkest night
Yet thought I knew the way
The sin that promised joy and life
Had led me to the grave
I had no hope that You would own
A rebel to Your will
And if You had not loved me first
I would refuse You still

Verse 2

But as I ran my hell-bound race
Indifferent to the cost
You looked upon my helpless state
And led me to the cross
And I beheld God's love displayed
You suffered in my place
You bore the wrath reserved for me
Now all I know is grace

Chorus 1

Hallelujah all I have is Christ
Hallelujah Jesus is my life

Verse 3

Now Lord I would be Yours alone
And live so all might see
The strength to follow Your commands
Could never come from me
O Father use my ransomed life
In any way You choose
And let my song forever be
My only boast is You",C,"","",,,,,,,,,,,,
27757899,Amazing Grace,4755360,"","",,"",Default Arrangement,,0,"",D,"Verse 1

Amazing grace how sweet the sound
That saved a wretch like me
I once was lost but now am found
Was blind but now I see

Verse 2

'Twas grace that taught my heart to fear
And grace my fears relieved
How precious did that grace appear
The hour I first believed

Verse 3

Through many dangers toils and snares
I have already come
'Tis grace has brought me safe thus far
And grace will lead me home

Verse 4

When we've been there ten thousand years
Bright shining as the sun
We've no less days to sing God's praise
Than when we've first begun",G,"","",,,,,,,,,,,,
27785324,Create In Me A Clean Heart,114696,"Repentance, Renewal, Petition, Prayer","",,"",Default Arrangement,,0,"",D,"",,"","",,,,,,,,,,,,
27785336,What Wondrous Love Is This,197297,"Cross, Lamb of God, Testimony, Eternal Life, Declaration, Singing, Love","",,"",Default Arrangement,,0,"",Dm,"",,"","",,,,,,,,,,,,
27814388,Just As I Am,5635850,"","",,"",Default Arrangement,,0,"",A,"",,"","",,,,,,,,,,,,
27856819,I Speak Jesus,7136201,"","","August 09, 2026","",Charity Gayle,74,415,"","C, D, E, G","",,"","",,,,,,,,,,,,
27920469,Trust And Obey,22094,"Obedience, Trust, Devotion, Assurance","",,"",Default Arrangement,,0,"",C,"Verse 1

When we walk with the Lord
In the light of His Word
What a glory He sheds on our way
While we do His good will
He abides with us still
And with all who will trust and obey

Chorus 1

Trust and obey
For there's no other way
To be happy in Jesus
But to trust and obey

Verse 2

Not a shadow can rise
Not a cloud in the skies
But His smile quickly drives it away
Not a doubt nor a fear
Not a sigh nor a tear
Can abide while we trust and obey

Verse 3

Not a burden we bear
Not a sorrow we share
But our toil He doth richly repay
Not a grief nor a loss
Not a frown nor a cross
But is blessed if we trust and obey

Verse 4

But we never can prove
The delights of His love
Until all on the altar we lay
For the favor He shows
And the joy He bestows
Are for those who will trust and obey

Verse 5

Then in fellowship sweet
We will sit at His feet
Or we'll walk by His side in the way
What He says we will do
Where He sends we will go
Never fear only trust and obey",C,"","",,,,,,,,,,,,
27962755,God The Uncreated One (King Forevermore),7057478,"","",,"",Default Arrangement,,0,"","D, E, F, G","Verse 1

God the uncreated One
The Author of salvation
Who wrote the laws of space and time
And fashioned worlds to His design
The One whom angel hosts revere
Hung the stars like chandeliers
Numbered every grain of sand
Knows the heart of every man
He is King forever
He is King forever
He is King forevermore

Verse 2

God our fortress and our strength
The Rock on which we can depend
Matchless in His majesty
His power and authority
Unshaken by the schemes of man
Never changing Great I am
Kingdoms rise and kingdoms fall
He is faithful through it all
Crown Him King forever
Crown Him King forever
Crown Him King forevermore

Verse 3

Mighty God in mortal flesh
Forsaken by a traitor's kiss
The curse of sin and centuries
Did pierce the lowly Prince of Peace
Lifted high the sinless man
Crucified the spotless Lamb
Buried by the sons of man
Rescued by the Father's hand
To reign as King forever
Reign as King forever
Reign as King forevermore

Verse 4

King eternal God of grace
We crown You with the highest praise
Heaven shouts and saints adore
You're holy holy holy Lord
What joy in everlasting life
All is love and faith is sight
Justice rolls and praises rise
At the name of Jesus Christ
King of kings forever
King of kings forever
King of kings forevermore",F,"","",,,,,,,,,,,,
28033879,A Hungry Heart,7150161,"","",,"",Default Arrangement,,0,"",G,"Verse 1

Like a deer that pants for water
I am thirsty for You Lord
And in my heart there is a longing
I still believe there’s more
So open up the heavens
And let Your Spirit fall like rain
Wash me in Your presence
Refresh my life again

Chorus 1

A hungry heart is what I bring
To the table of my King
For there my soul is satisfied
With all the goodness He provides
All that I need is there by faith
The table is set with mercy and grace
So I come with a hungry heart

Verse 2

As I come into His presence
I am made complete
Feasting at His table
And sitting at His feet
Then I will run and not grow weary
I will walk and never faint
I will rise on wings like eagles
For the Lord will be my strength

Bridge 1

Just as I am without one plea
But that Thy blood was shed for me
And as You bid me come to Thee
Oh Lamb of God I come",G,"","",,,,,,,,,,,,
28049396,Jerusalem,7003218,Jerusalem,"",,"",CityAlight,0,0,"",B,"Verse 1

See Him in Jerusalem
Walking where the crowds are
Once these streets had sung to Him
Now they cry for murder
Such a frail and lonely Man
Holding up the heavy cross
See Him walking in Jerusalem
On the road to save us

Verse 2

See Him there upon the hill
Hear the scorn and laughter
Silent as a lamb He waits
Praying to the Father
See the King who made the sun
And the moon and shining stars
Let the soldiers hold and nail Him down
So that He could save them

Verse 3

See Him there upon the cross
Now no longer breathing
Dust that formed the watching crowds
Takes the blood of Jesus
Feel the earth is shaking now
See the veil is split in two
And He stood before the wrath of God
Shielding sinners with His blood

Verse 4

See the empty tomb today
Death could not contain Him
Once the Servant of the world
Now in vict'ry reigning
Lift your voices to the One
Who is seated on the throne
See Him in the New Jerusalem
Praise the One who saved us",B,"","",,,,,,,,,,,,
28088965,Hymn Of Heaven,7168994,"","",,"",Phil Wickham,71,274,"","A, G","Verse 1

How I long to breathe the air of Heaven
Where pain is gone and mercy fills the streets
To look upon the one who bled to save me
And walk with Him for all eternity

Chorus 1

There will be a day
When all will bow before Him
There will be a day
When death will be no more
Standing face to face
With He who died and rose again
Holy holy is the Lord

Verse 2

And ev'ry prayer we prayed in desperation
The songs of faith
We sang through doubt and fear
In the end we’ll see that it was worth it
When He returns to wipe away our tears

Verse 3

And on that day we join the resurrection
And stand beside the heroes of the faith
With one voice a thousand generations
Sing worthy is the Lamb who was slain
Forever He shall reign

Chorus 2

So let it be today
We shout the hymn of Heaven
With angels and the Saints
We raise a mighty roar
Glory to our God
Who gave us life beyond the grave
Holy holy is the Lord
Holy holy is the Lord
Holy holy is the Lord",G,"","",,,,,,,,,,,,
28110270,Because He Lives (Amen),7027887,"","","April 27, 2025","",Matt Maher,84,205,"",C,"",,"","",,,,,,,,,,,,
28145403,O Praise Him,4158022,", Holiness, Praise","","May 04, 2025","",Default Arrangement,,0,"","Bb, G","Verse 1

Turn your ear to heaven
And hear the noise inside
The sound of angel's awe
The sound of angel's songs
And all this for a King
We could join and sing
All to Christ the King
How constant how divine
This song of ours will rise
O how constant how divine
This love of ours will rise will rise

Chorus 1

O praise Him O praise Him
He is holy
He is holy yeah

Verse 2

Turn your gaze to heaven
And raise a joyous noise
The sound of salvation come
The sound of rescued ones
And all this for a King
Angels join to sing
All for Christ the King
How infinite and sweet
This love so rescuing
O how infinitely sweet
This great love that has redeemed
As one we sing

Chorus 2

Alleluia alleluia
He is holy
He is holy yeah",Bb,"","",,,,,,,,,,,,
28244962,Thank You For The Cross,7168420,"Cross, God's Love, Praise, Thankfulness, Victory","",,"",Worship Together,75,0,Galatians 6:14; Romans 5:8; John 8:36; Matthew 27:50-53,C: C,"Intro
[|C / / / | C / / |]

Verse 1
[Dm]Two [C]thieves 
The [Csus]perfect Lamb of [C]God 
[G/B]Be - t[Am]ween
A [F/A]broken-hearted [Am]mother 
[Gsus]At [F]His feet
The [F]pain of it all for m[C]e

Verse 2 
The [Dm]earth [C]shakes
[Csus]Darkness falls, the [C]Father 
[G/B]Hides [Am]His face
His [F/A]body hits the [Am]dust 
Of a [Gsus]bor - ro[F]wed grave
[F]You paid it all for m[C]e
For m[Gsus]e   [G]

Chorus
I [C]thank You, [C2]thank You
[Csus]Thank You for the [C]cross
I [Am]praise You, [Asus]praise You, 
With[F/A]out it I’d be [Am]lost 
There’s no [F]love like Your lo[G]ve
A thousand so[F/A]ngs are not eno[C]ugh 
To say [Dm7]thank You
[F]Thank You [G]for the cross

Turnaround
[|C / / / | Csus / C / |]

Verse 3
My [Dm]victor[C]y 
[Csus]Bursting from the [C]grave
My [G/B]risen [Am]King 
The [F/A]sacrifice for [Am]love 
Was [Gsus]hell’s de[F]feat
[F]You won it all [Fm6]for m[C/G]e   [G]

REPEAT CHORUS

Interlude
[|F / G / | F/A / C/E / |]
[|F / G / | F/A / C/E / |]

Bridge 1
For the [F]Father, for the So[G]n
For the [F/A]power of Your lo[C/E]ve
For the [F]Spirit that’s in u[G]s
For the [F/A]blood that overcom[C/E]es
For Your [F]life, for Your de[G]ath, 
For the [F/A]life hope that’s still ahe[C/E]ad
We sing [F]thank You   [G] 
[F/A]Thank You   

Bridge 2
[G/B]   [C]For [C/E]the [F]Father, for the So[G]n
For the [F/A]power of Your lo[C/E]ve
For the [F]Spirit that’s in u[G]s
For the [F/A]blood that overcom[G/B]es
[C]For Your [Dm7]life, for Your death
For the [C/E]life hope that’s still ahead
We sing [F]thank You for the [Fm6]cross

Half-Chorus
I [C(no3)]thank You, thank You
[C(no3)]Thank You for the cross
I [Am]praise You, [Asus]praise You, 
With[F/A]out it I’d be [Am]lost 
There’s no [F]love like Your lo[G]ve
A thousand so[F/A]ngs are not eno[C]ugh 

Last Chorus
I [C]thank You, [C2]thank You
[Csus]Thank You for the [C]cross
I [Am]praise You, [Asus]praise You, 
With[F/A]out it I’d be [G/B]lost 
[C]There’s no [F]love like Your lo[G]ve
A thousand so[F/A]ngs are not eno[C]ugh 
There’s no [F]love like Your lo[G]ve
A thousand so[F/A]ngs are not eno[C/E]ugh 
There’s no [F]love like Your lo[G]ve
A thousand so[F/A]ngs are not eno[C]ugh 
To say [Dm7]thank You
[F]Thank You [G]for the [C]cross",C,"","",,,,,,,,,,,,
28341107,I Know A Name,7247990,"Jesus, King, Life, Power, Praise, Resurrection, Savior, Victory","","August 23, 2026","",Default Arrangement,,0,"","A, D, G","",,"","",,,,,,,,,,,,
28354727,The First Hymn,7257025,"Creation, Father, Goodness, Holy Spirit, Honor, Praise, Resurrection, Son Of God, Worship","",,"",Chris Tomlin,70,253,"",B,"Verse 1

Let all be silent
The shining stars not sound
Rushing rivers still
Let the mountains bow down
In awe and wonder
In reverence we come
Who is worthy of all worship
Who is seated on the throne

Chorus 1

All powers cry out in answer
All glory and praise forever
To our God
The Father Son and Holy Spirit
Amen we sing amen (amen)

Tag 1

Who is worthy of all worship
Who is seated on the throne

Bridge 1

To the only Giver of all good gifts
Amen
To the only One who forgives our sins
Amen
To the only God to the Risen King
To the One who died and rose again
Amen we sing amen

Ending 1

Amen we sing amen amen
We sing our hymn amen",B,"","",,,,,,,,,,,,
28494944,No One But Jesus,7235991,"Glory, Honor, Jesus, Praise, Worthiness","",,"",Worship Together,71.5,0,Psalms 145:3; Isaiah 53:5; Ephesians 2:19–21,F: F,"Intro
[| Bb2  /  | F  /  | Bb2  Csus  | F  /  | F  /  |]

Verse 1
[Bb2]Who else belongs on the [F]highest of thrones?
[Dm7]Who else is crowned with the [Csus]stars?   [C]
[Bb2]Glory and honor be [F]to Him alone 
[Bb2]No one but [C]Je - [F]sus 

Verse 2
[Bb2]Who else would trade all of [F]royalty’s robes?
[Dm7]What king becomes one of [Csus]us?   [C]
[Bb2]Savior, Redeemer, the [F]Chief Cornerstone 
[Bb2]No one but [C]Je - [F]sus 

Chorus
[Bb2]Hallelujah, [F]give Him glory 
[Dm7]He is worthy [C]of our praise 
[Bb2]Lift Him high, bow [F]down before Him 
[Bb2]No one but [C]Je - [F]sus   

Turnaround
[| F  /  |]

Verse 3
[Bb2]Who bore the cross with the [F]weight of our sin?
[Dm7]Whose blood was shed to a[Csus]tone?   [C]
[Bb2]Went to the tomb with the [F]scars in His hands? 
[Bb2]No one but [C]Je - [F]sus 

Verse 4
And [Bb2]who shook the ground with one [F]heavenly roar?
In [Dm7]victory rose from the [Csus]grave?   [C] 
[Bb2]Who can tell death you have [F]power no more?
[Bb2]No one but [C]Je - [F]sus 

REPEAT CHORUS 2X

Turnaround
[| F  /  |]

Verse 5
[Bb2]Who will be waiting when [F]we enter in 
[Dm7]Crossing eternity’s [Csus]shore?   [C] 
[Bb2]Who will we worship for[F]ever amen?
[Bb2]No one but [C]Je - [F]sus 

REPEAT VERSE 5 

Chorus 2
[Bb2]Hallelujah, [F]give Him glory 
[Dm7]He is worthy [C]of our praise 
[Bb2]Lift Him high, bow [F]down before Him 
[Bb2]No one but [C]Je - [Dm]sus   
[Bb2]No one but [C]Je - [Dm]sus   
[Bb2]No one but [C]Je - [(Bbmaj7)]sus 

Instrumental
[|Bbmaj7  /  | C  /  | Dm7  /  | Fmaj7/A  /  |]
[|Bbmaj7  /  | C  /  | Dm7  /  | Fmaj7/A  /  |]

Bridge
[Bbmaj7]Holy, [C]holy, [Dm7]holy
[Fmaj7/A]No one but Jesus
[Bbmaj7]Worthy, [C]worthy, [Dm7]worthy
[Fmaj7/A]No one but Jesus
[Bbmaj7]Holy, [C]holy, [Dm7]holy
[Fmaj7/A]No one but Jesus
[Bbmaj7]Worthy, [C]worthy, [Dm7]worthy   [Fmaj7/A]

Tag
[Bb2]No one but [C]Je - [Dm]sus   
[Bb2]No one but [C]Je - [F]sus",F,"","",,,,,,,,,,,,
28657880,Thank You Jesus For The Blood,7172456,"Blood, Jesus, Praise, Salvation, Thankfulness","","April 19, 2026","",Worship Together,61,0,1 John 1:7; Matthew 26:27-28; Hebrews 10:19-22,"Bb, G: Bb","Intro
[| Bb / / F/A | Gm7 / / / | Eb / Bb/D / | Fsus / F / |]

Verse 1
[Bb]I was a wretch [F/A]
I re[Gm7]member who I was
I was [Eb]lost, I was [Bb/D]blind
I was [Fsus]running out of ti[F]me
[Bb]Sin separated [F/A]
The [Gm7]breach was far too wide
But from the [Eb]far side of the [Bb/D]chasm
You [Fsus]held me in your si[F]ght

Verse 2
So [Bb]You made a way [F/A]
A[Gm7]cross the great divide
Left be[Eb]hind Heaven's [Bb/D]throne
To [Fsus]build it here in[F]side
And [Bb]there at the cross [F/A]
You [Gm7]paid the debt I owed
Broke my [Eb]chains, freed my [Bb/D]soul
For the [Fsus]first time I had ho[F]pe

Chorus
[Bb]Thank [F/A]You, [Bb]Jesus
[Bb/D]For the [Eb]blood ap[Bb]plied
[Gm]Thank [F/A]You, [Bb]Jesus
It has [Gm7]washed me [Fsus]white [F]
[Gm]Thank [F]You, [Eb]Jesus 
[Bb/D]You have [Eb]saved [F]my [Gm]life
[Eb]Brought me from the [Bb]darkness 
Into [Fsus]glori[F]ous [Bb]light   

Turnaround
[Eb/Bb]    [Bb]

Verse 3
[Bb]You took my place [F/A]
Laid in[Gm7]side my tomb of sin
You were [Eb]buried for three [Bb/D]days
But then You [Fsus]walked right out a[F]gain
And now [Bb]death has no sting [F/A]
And [Gm7]life has no end
For [Eb]I have been trans[Bb/D]formed
By the [Fsus]blood of the [F]Lamb

REPEAT CHORUS

Bridge 1
[Eb]There is nothing stronger
Than the [F]wonder-working power
Of the [Gm]blood, the [Dm7]blood
That [Eb]calls us sons and daughters
We are [F]ransomed by our Father
Through the [Gm]blood, the [Dm7]blood

Bridge
[Eb]There is nothing stronger
Than the [F]wonder-working power
Of the [Gm]blood, the [Dm7]blood
That [Eb]calls us sons and daughters
We are [F]ransomed by our Father
Through the [Gm]blood, the [F]blood

Final Chorus
[Bb]Thank [F/A]You, [Bb]Jesus
[Bb/D]For the [Eb]blood ap[Bb]plied
[Gm]Thank [F/A]You, [Bb]Jesus
It has [Gm7]washed me [Fsus]white [F]
[Gm]Thank [F]You, [Eb]Jesus 
[Bb/D]You have [Eb]saved [F]my [Gm]life   [Gm]
[Eb]Brought me from the [Bb]darkness 
Into [Fsus]glori[F]ous [Bb]light 

Ending
[Bb]Glory [Eb/G]to His [Bb/F]name
[Bb/F]Glory [Gm7]to [Gm/E]His [F]name
[Bb]There to my [Bb/D]heart
Was the [Eb]blood ap[Bb/F]plied
[Bb/F]Glory [Fsus]to [F]His [Bb]name",Bb,"","",,,,,,,,,,,,
28659613,All Sufficient Merit,,"","",,"",Default Arrangement,,0,"","","",,"","",,,,,,,,,,,,
28659696,Shadows,7231777,"","",,"",Worship Together,120,0,Revelation 4:8; James 1:17; Mark 16:19,A: A,"Intro
[|A2 A / / |A/D D / / |A2 A / / |E/D D / / |]

Verse 1
[A]There in the garden
You are the [D]Seed that was promised			
The [A]Ark on the waters					
The Voice that was [D]burning in Moses			
The [A]Ram in the thicket, the Heavensent		
High [D]priest in the line of Melchizedek 		
[F#m7]Alpha Omega from age to age
Your [D]Name has been written on every page
					
Chorus
[A2]Shad-[A]ows 
These are the [A/D]shad[D]ows 
Cast in the [F#m7]light of the radiant Son
Whispers and [D]signs of Your glory to come 
[A2]Shad-[A]ows 
These are the [E/D]shad[D]ows 
Open the [F#m7]scriptures and show us the Truth
From the be[D]ginning to ending
Jesus, it’s always been You

Turnaround
[|A2 A / / |A/D D / / |]

Verse 2
[A]Kinsman Redeemer
The [D]Root and the Offspring of David
[A]Fourth in the furnace
The [D]One lifted up for salvation			
The [A]Bread that was broken where thousands fed
The [D]Wine in the cup of the covenant
The [F#m7]theme of the prophets, the common thread
The [D]Word now appearing here [D]in [A/C#]the [Bm7]flesh

REPEAT CHORUS 

Tag
[A2]   [A]   It's always been [A/D]You   [D]
Jesus, it’s always been [F#m7]You   [D]

Bridge 1
[A/C#]Praise to the [D]One 
Who [E]was and who [F#m7]is and is to [A/C#]come
To the [D]Lamb who was [E]slain
To the [F#m7]Name above all [A/C#]names
To the [D]Lord, to the [E]King 
Who is [F#m7]seated on the [A/C#]throne
Far a[D]bove all [E]things
Every[F#m7]thing is for Your (praise)

REPEAT BRIDGE 1

Tag
[A/C#]Praise   [D]
[E]   Every[F#m7]thing is for Your
[A/C#]Praise   [D]   [E]   

Chorus 2
[A2]Shad-[A]ows 
These are the [A/D]shad[D]ows 
But You are the [F#m7]light and the radiant Son 
You are a[D]live and Your glory has come
[A2/C#]Shad-[A/C#]ows 
These are the [E/D]shad[D]ows 
But You are the [F#m7]substance and You are the truth
From the be[D]ginning to ending
Jesus, it’s always been [(A/C#)]You 

Bridge 2
[A/C#]   To the [D]One 
Who [E]was and who [F#m7]is and is to [A/C#]come
To the [D]Lamb who was [E]slain
To the [F#m7]Name above all [A/C#]names
To the [D]Lord, to the [E]King 
Who is [F#m7]seated on the [A/C#]throne
Far a[D]bove all [E]things
Every[F#m7]thing is for Your

Tag
[A/C#]Praise   [D]
[E]   Every[F#m7]thing is for Your
[A/C#]Praise   [D]   [E]   
Everything is for Your [D]praise",A,"","",,,,,,,,,,,,
28735661,Who Else,7223119,"Exaltation, Holiness, Jesus, Worthiness","","August 16, 2026","",Gateway Worship,68,289,"","A, Ab, G","",,"","",Worship Together,68,0,John 1:29; Revelation 1:8; Revelation 4:11,Ab: Ab,"Intro
[|Ab / / / |]

VERSE 1
I am an [Ab]instrument of exalt[Eb]ation
And I was [Fm7]born to lift Your [Eb]name above all [Db2]names
You hear the [Ab]melody of all cre[Eb]ation
But there's a [Fm7]song of praise that [Eb]only I can [Db2]bring

CHORUS
Who else is worthy[Ab]? Who else is worthy[Bbm7]?
There is n[Fm7]o one, only You, J[Db2]esus
Who else is worthy[Ab]? Who else is worthy[Bbm7]?
There is n[Fm7]o one, only You, J[Db2]esus

VERSE 2
You are the [Ab]infinite God of the [Eb]ages
Yet You [Fm7]chose to make my [Eb]heart Your dwelling [Db2]place
You healed my [Ab]brokenness, showed me Your [Eb]glory
So I have [Fm7]songs of thanks not [Eb]even angels [Db2]sing

REPEAT CHORUS 2x

BRIDGE 1
[Db2]Lamb of God, anointed one
Who [Eb]was and is and is to come
[Fm7]Seated on the throne above 
[Absus]Ho-[Ab]ly, [Eb]ho-ly
[Db2]Righteous One who shed His blood 
You [Eb]proved to us the Father's love
[Fm7]Jesus Christ, be lifted up 
[Absus]Ho-[Ab]ly, [Eb]ho-ly

REPEAT BRIDGE 1

BRIDGE 2
[Db2]Lamb of God, anointed one
Who [Eb]was and is and is to come
[Fm7]Seated on the throne above 
[Absus]Ho-[Ab]ly, [Eb]ho-ly
[Db2]Righteous One who shed His blood 
You [Eb]proved to us the Father's love
[Fm7]Jesus Christ, be lifted u[Eb]p

REPEAT CHORUS

TAG
There is n[Fm7]o one, only You, J[Db2]esus
There is n[Fm7]o one, only You, J[Db2]esus",Ab,"","",,,,,,
28764948,The Joy,7209419,"Declaration, Joy, Praise, Rejoice","",,"",Default Arrangement,,0,"",C,"",,"","",,,,,,,,,,,,
28879337,Come Jesus Come,7154136,"","",,"",Default Arrangement,,0,"",D,"",,"","",,,,,,,,,,,,
28879627,We Praise You,7130961,"","","August 02, 2026","",Default Arrangement,,0,"",A,"",,"","",,,,,,,,,,,,
28991950,Be Thou My Vision,7056332,"Aspiration, Father, Guidance, Inheritance, Sanctification, Vision, Wisdom, Consecration, Perseverance, King, Kingship, Grace, Dedication, Reverence, Adoration, Power, Prayer, Longing, Greatness, Prais","",,"",Shane and Shane,71,245,"",Eb,"",,"","",,,,,,,,,,,,
29032749,Still Waters,7199601,"","",,"",Leanna Crawford,78,233,"","A, D, G","",,"","",,,,,,,,,,,,
29059696,Turn Your Eyes,7120053,"","",,"",Default Arrangement,,0,"",G,"Verse 1

Turn your eyes upon Jesus
Look full in His wonderful face
And the things of earth will grow strangely dim
In the light of His glory and grace

Verse 2

Turn your eyes to the hillside
Where justice and mercy embrace
There the Son of God gave His life for us
And our measureless debt was erased

Chorus 1

Jesus to You we lift our eyes
Jesus our glory and our prize
We adore You behold You our Savior ever true
Oh Jesus we turn our eyes to You

Verse 3

Turn your eyes to the morning
And see Christ the lion awake
What a glorious dawn fear of death is gone
For we carry His life in our veins

Verse 4

Turn your eyes to the heavens
Our King will return for His own
Every knee will bow every tongue will shout
All glory to Jesus alone",G,"","",,,,,,,,,,,,
29072156,Run To The Father,7133494,"God's Love, Grace, Mercy, Surrender, Trust","","July 26, 2026","",Default Arrangement,,0,"","A, G","",,"","",,,,,,,,,,,,
29080962,Abide,7168160,"","",,"",Aaron Williams,74,235,"",B,"",,"","",,,,,,,,,,,,
29088547,A Fresh Hallelujah,7251662,"Faithfulness, Glory, Gratitude, Majesty, Praise, Worship","",,"",Worship Together,86,0,Luke 19:40-44; Psalm 100:4,C: C,"Intro
[|F / C / |F / C / |F / Am7 / |G / / / |]

Verse 1
[F]There is no [C]one like You 
[F]No other I [C]have seen 
For [F]great is Yo[Am7]ur glory 
And Your [Gsus]majesty

Verse 2
For Your [F]love never ceases 
Oh, Your [F]mercies have [C]no end 
They are [F]new every [Am7]morning 
[G]Great is Your faithfulness   [C]

Chorus
So how could I stand [Dm7]still?
How could I re[F]frain
From lifting up my [Am7]hands 
With gratitude and [Em7]praise?
I won’t let the rocks cry [Dm7]out
I won’t let them take my [Am]place[G] 
I sing a [C/E]fresh halle[F]lujah
To the [G]God who never fa[(C)]ils

Turnaround
[|C / / / | Csus / / / |]

Verse 3
Oh You [F]never stop [C]working 
So I [F]won’t end m[C]y song 
For[F]ever I wi[Am7]ll worship 
[G]You deserve it all   [G]

REPEAT CHORUS

Turnaround
[|C / / / | Csus / / / |]

Bridge 1
[C]I won’t rest on yesterday’s halle[C]lujah 
I’ll bring You a [Csus]new one
[C]I won’t rest on yesterday’s halle[C]lujah 
I’ll bring You a [Csus]new one

Bridge 2
[C]I won’t rest on yesterday’s halle[Csus]lujah 
I’ll bring You a new one
[C]I won’t rest on yesterday’s halle[Csus]lujah 
I’ll bring You a new one

Bridge 3
[C]I won’t rest on yesterday’s halle[Dm7]lujah 
I’ll bring You a new one
[C/E]I won’t rest on yesterday’s halle[F]lujah 
I’ll bring You a new one

Turnaround
[|C / / / | Dm7 / / / | C/E / / / | F / G / |]

REPEAT CHORUS

Tag
I sing a [C/E]fresh halle[F]lujah
To the [G]God who never fa[(C)]ils

Outro
[|C / / / | C / / / |C]",C,"","",,,,,,,,,,,,
29164971,God Of Wonders,3118757,"believers, Creation, god speaks, Holiness, Lordship Of Jesus, universe, Christmas, Devotion, , Jesus, Communion, Praise, Faith, Prayer","",,"",Mac Powell,84.5,258,"","Ab, G","",,"","",,,,,,,,,,,,
29185334,Thank You for Hearing Me,,"","","November 23, 2025","",Default Arrangement,,270,"",E,"",,"","",,,,,,,,,,,,
29196734,The God We Love (Nicene Creed),7263919,"Father, Glory, Holy Spirit, Honor, Love, Son Of God, Trinity","",,"",CityAlight,84,301,"",Bb,"Verse 1

We believe in one God the Father
The Almighty the Maker of all
The One who rules the seen and unseen
We believe and we adore

Jesus Christ one Lord of creation
From the Father begotten not made
He is the Light from Light eternal
And the God of every age

Chorus 1

All glory to the Father now
All honour to the Son
And praise the Spirit now and always
This is the God we love

Verse 2

For this world and for our salvation
He came down from the heavens above
Born of a virgin and the Spirit
Truly man and truly God

He was crucified under Pilate
Suffered death and was laid in the grave
And in accordance with the scriptures
On the third He rose again

Bridge 1

And He has made His ascent
Into the heavens above
Where He sits at the Father’s right hand now
But He will come back again
And He will judge in truth

The Holy Spirit has come
Voice of the prophets of God
Sent to us he has given us new life
Forgiven now and baptised
One holy church we rise
We rise

Chorus 2

All glory to the Father now
All honour to the Son
And praise the Spirit now and always
This is the God we love
This is the God we love

Verse 3

Now we wait to be resurrected
And we look for the world without end
This is our creed our faith our anthem
This is the God we love
This is the God we love",Bb,"","",,,,,,,,,,,,
29206542,Fear Has No Power,7260975,"Faithfulness, Glory, Victory, Worship","",,"",Phil Wickham,76,263,"",B,"",,"","",,,,,,,,,,,,
29215997,Angels (Glory To God),7244750,"Angels, Christ, Christmas, Joy, Praise, Rejoice","","December 21, 2025","",Phil Wickham,118,227,"","A, B, D, G","Chorus 1

Gloria in excelsis Deo

Verse 1

Angels we have heard on high
Sweetly singing o'er the plains
And the mountains in reply
Echoing their joyous strains

Verse 2

Shepherds why this jubilee
Why your joyous strains prolong
What the gladsome tidings be
Which inspire your heav'nly song

Bridge 1

Glory to God
Glory to God
Glory to God in the highest forever
For all He has done
His unfailing love
Glory to God in the highest forever

Verse 3

Come to Bethlehem and see
Him whose birth the angels sing
Come adore on bended knee
Christ the Lord the new-born King

Ending 1

Gloria
Gloria
Glory to God in the highest",A,"","",,,,,,,,,,,,
29266839,Come Behold The Wondrous Mystery,7026028,"","",,"",Worship Together,68,0,"Romans 5:12-14, John 1:1-5, Colossians 1:27, Romans 11:25-26, 1 Corinthians 15:51, Ephesians 3:6,  Ephesians 5:32, 1 Timothy 3:16",F: F,"INTRO
[|Db /  Ab/Db|Gb / / |Bbm7 / / |Absus / / |]
[|Db /  Ab/Db|Gb / / |Bbm7 / / |Absus / / |]

VERSE 1
Come be[Db]hold the wondrous [Gb]mystery
In the [Db]dawning of the [Absus]king
He the [Bbm7]theme of Heaven's [Gb]praises
Robed in [Gb]frail hu[Absus]mani[Db]ty
In our [Gb]longing, in our [Db/F]darkness
Now, the [Bbm7]light of [Absus]life has [Gb]come
Look to [Db]Christ who con[Gb]descended
Took on [Gb]flesh to [Absus]ransom us

TURNAROUND
[|Db /  Ab/Db|Gb / / |Bbm7 / / |Absus / / |]

VERSE 2
Come be[Db]hold the wondrous [Gb]mystery
He is the [Db]perfect Son of [Absus]Man
In His [Bbm7]living, in His [Gb]suffering
Never [Gb]trace nor [Absus]stain of [Db]sin
[Db/F]See the [Gb]true and better [Db/F]Adam
Come to [Bbm7]save the [Absus]hell-bound [Gb]man
Christ, the [Db]great and sure ful[Gb]filment
Of the [Gb]law in [Absus]Him, we stand

TURNAROUND
[|Db /  Ab/Db|Gb / / |Bbm7 / / |Absus / / |]

VERSE 3
Come be[Bbm7]hold the wondrous [Gb]mystery
Christ, the [Db]Lord upon the [Absus]tree
In the [Bbm7]stead of ruined [Gb]sinners
Hangs the [Gb]Lamb in [Absus]victo[Db]ry
See the [Gb]price of our re[Db/F]demption
See the [Bbm7]Father's [Ab]plan un[Gb]fold
Bringing [Db]many sons to [Gb]glory
Grace un[Gb]measured, [Absus]love untold

TURNAROUND
[|Db /  Ab/Db|Gb / / |Bbm7 / / |Absus / / |]

VERSE 4
Come be[Db]hold the wondrous [Dbsus]mystery
Slain by [Db]death, the God of [Db]life
But no [Db]grave could ever re[Dbsus]strain Him
Praise the [Dbsus]Lord, He is a[Db]live
What a [Gb]foretaste of de[Db/F]liverance
How un[Bbm7]waver[Ab]ing our [Gb]hope
Christ in [Db]power resur[Gb]rected
As we [Gb]will be [Absus]when He [Db]comes

TAG
What a [Gb]foretaste of de[Db/F]liverance
How un[Bbm7]waver[Ab]ing our [Gb]hope
Christ in [Db]power resur[Gb]rected
As we [Gb]will be [Absus]when He [Db]comes

REPEAT TAG",F,"","",,,,,,,,,,,,
29362920,Holy Forever (Christmas),,"","","December 21, 2025","",Chris Tomlin,72,353,"","B, G","VERSE 1
[B]Held within a manger, the [E/B]Son of God [B]arrived
The [G#m7]One who would be [F#sus]called Emmanu[E]el
The [B]promise was delivered un[E/B]to a virgin [B]bride
The [G#m7]One who would be [F#]called Emmanu[E]el

PRE-CHORUS
(Jesus) Your [E]name is the highest[G#m]
Your [F#]name is the greatest
Your [G#m]name stands above them [E]all
All [E]thrones and dominions[G#m]
All [F#]powers and positions
Your [G#m]name stands above them [C#m7]all

CHORUS 1
And the angels [E]cry, Ho  [G#m]- [F#]ly
All creation [B2/D#]cries, Ho - [G#m7]ly
You are lifted [C#m7]high, Ho - [F#]ly
Holy for[B]ever  [Bsus]  [B]

VERSE 2
In the [B]humble town of David, a [E/B]Savior born to[B]day
The [G#m7]One who would be [F#]called Emmanu[E]el
Be[B]hold the host of Heaven with [E/B]holy roar, pro[B]claim
The [G#m7]One who would be [F#]called Emmanu[E]el
The [G#m7]Messiah, our [F#]God, Emmanu[E]el

PAGE_BREAK
CHORUS 2
Hear Your people [E]sing, Ho-[G#m][F#]ly
To the King of [B2/D#]Kings, Ho-[G#m]ly
You will always [C#m7]be,    Ho-[F#]ly
Holy for[B]ever  [Bsus]  [B]

TAG
You will always [C#m7]be      Ho-[F#]ly
Holy for - [B]ever   [Bsus]    [B]",B,"","",,,,,,,,,,,,
29363713,Light Of The World,7023299,"","","December 21, 2025","",Default Arrangement,,0,"","F, F#, G","Verse 1

The world waits for a miracle
The heart longs for a little bit of hope
O come O come Emmanuel
A child prays for peace on earth
And she's calling out from a sea of hurt
O come O come Emmanuel
And can you hear the angels singing

Chorus 1

Glory to the Light of the world
Glory the Light of the world is here

Verse 2

The drought breaks with the tears of a mother
A baby’s cry is the sound of love come down
Come down Emmanuel woh
He is the song for the suffering
He is Messiah the Prince of peace has come
He has come Emmanuel oh

Chorus 2

Glory to the light of the world
Glory to the light of the world
Glory to the light of the world
Glory to the light of the world

Bridge 1

For all who wait for all who hunger
For all who’ve prayed for all who wonder
Behold your King behold Messiah
Emmanuel Emmanuel

Chorus 3

Glory to the light of the world
Glory to the light of the world
Glory to the light of the world
Behold your King behold Messiah
Emmanuel Emmanuel

Ending 1

The world waits for a miracle
The heart longs for a little bit of hope
O come O come Emmanuel",F#,"","",,,,,,,,,,,,
29461075,The Church,7245762,"Father, Holy Spirit, Son Of God, The Church, Trinity, Unity","",,"",Worship Together,69,0,Acts 2:42–47; 1 Timothy 3:14–15; Romans 12:4–5; Colossians 1:17–20,"Ab: Ab, G","Intro
[| Gb / Db / | B / / / | Gb / Db / | B / / / |]
[| Gb / Db / | B / / / | Gb / Db / | B / / / |]

Verse 1
For the di[Gb]fferent ways we[Db/F] see You
For [Ebm]all the ways You [Db]move 
All the co[B]lors and ex[Gb/Bb]pressions
Oh the [Gb/Db]beauty of Your Ch[Db]urch
What a ma[Gb]sterful re[Db/F]flection when [Ebm]we are un[Db]ified 
Truly cele[B]brate each [Gb/Bb]other and[Gb/Db] let go of our [Db]pride 

Pre-Chorus
That You would h[B]ave a spotless [Db]bride  

Chorus
Oh praise the Fa[B]ther, praise the [Gb]Son
Holy [Ebm]Spirit, make u[Db]s one
Every na[B]tion, t[Db]ribe [Ebm]and tongue
This is our [Abm]cry, Your Kin[Db]gdom c[Gb]ome

CHANNEL
[| Gb / Db / | B / / / |]

Verse 2
We sur[Gb]render our a[Db/F]gendas, our pref[Ebm]erences, our p[Db]lans
Would You [B]help us work[Gb/Bb] together 
T[Gb/Db]o be Your feet and h[Db]ands
Our [Gb]heart is just to [Db/F]know You
To [Ebm]show them who You [Db]are
The Gos[B]pel’s still the [Gb/Db]answer for every searching [Db]heart

CHANNEL
[| Gb / / / | / / / / |]

Bridge
[Gb]   Brothers, sisters under the banner of Your Name
[Ebm]   Mothers, fathers under the banner of Your Name
[B]   All Your childr[Db]en, all for the glory of Your [Gb]Name

REPEAT CHORUS 2X

REPEAT BRIDGE 2X

Verse 3
For every [Gb]story of [Db/F]revival
Every m[Ebm]iracle we’ve [Db]seen
It’s a gli[B]mpse of what is [Gb/Bb]coming
So by[Gb/Db] faith help us be[Db]lieve
And we [Gb]know the day is c[Db]oming 
When[Ebm]we will see Your f[Db]ace
Every k[B]nee will bow [Gb/Bb]before You 
And[Gb/Db] every heart will [Db]say

REPEAT CHORUS

TAG
Lord hear our[Abm] cry, Your [Db]will be [Ebm]done [Db]
This is our[Abm] cry, Your Kin[Db]gdom [Gb]come",Ab,"","",,,,,,,,,,,,
29467112,Knowing You,1045238,"God's Attributes, Righteousness, Joy, Declaration, Adoration","","January 11, 2026","",Default Arrangement,,0,"",C,"",,"","",,,,,,,,,,,,
29542765,Always (feat. Jessie Harris) [Live],,"","",,"",Gateway Worship,73,434,"",Db,"",,"","",,,,,,,,,,,,
29681801,Have Thine Own Way,28225,"Invitation, Surrender, Dedication, Consecration","","February 18, 2026","",Default Arrangement,,0,"","A, C, D","Verse 1

Have Thine own way Lord have Thine own way
Thou art the Potter I am the clay
Mold me and make me after Thy will
While I am waiting yielded and still

Verse 2

Have Thine own way Lord have Thine own way
Search me and try me Master today
Whiter than snow Lord wash me just now
As in Thy presence humbly I bow

Verse 3

Have Thine own way Lord have Thine own way
Wounded and weary help me I pray
Power all power surely is Thine
Touch me and heal me Savior divine

Verse 4

Have Thine own way Lord have Thine own way
Hold o'er my being absolute sway
Fill with Thy Spirit till all shall see
Christ only always living in me",D,"","",,,,,,,,,,,,
29681827,Take My Life And Let It Be (Hendon),1390,"Confidence, Life, Surre, Purpose, Humility, Offering, Petition, Christian Life, Dedication, Submission, Salvation, Commitment, Prayer, Sacrifice, Praise, Consecration, Holiness","","February 18, 2026","",Default Arrangement,,0,"","C, D, F","Verse 1

Take my life and let it be
Consecrated Lord to Thee
Take my moments and my days
Let them flow in ceaseless praise

Verse 2

Take my hands and let them move
At the impulse of Thy love
Take my feet and let them be
Swift and beautiful for Thee

Verse 3

Take my voice and let me sing
Always only for my King
Take my lips and let them be
Filled with messages from Thee

Verse 4

Take my silver and my gold
Not a mite would I withhold
Take my intellect and use
Ev’ry pow’r as Thou shalt choose

Verse 5

Take my will and make it Thine
It shall be no longer mine
Take my heart it is Thine own
It shall be Thy royal throne

Verse 6

Take my love my Lord I pour
At Thy feet its treasure store
Take myself and I will be
Ever only all for Thee

Ending 1

Amen",F,"","",,,,,,,,,,,,
29697730,Kyrie Eleison (A Song Of Confession),7086625,"","",,"",Vineyard Worship,67,528,"",E,"Verse 1

For the things we’ve done and left undone
For the ways we’ve wandered from your heart
Forgive us we pray
Forgive us we pray

Verse 2

For the idols we put on Your throne
For the loves we choose above Your own
Forgive us we pray
Forgive us we pray

Chorus 1

Lord have mercy
Christ have mercy
Lord have mercy on us on us

Verse 3

For the lies that we clutch to our chests
For the fear that wants to steal our breath
Forgive us we pray
And give us Your grace

Bridge 1

Forgiving God forgiving us (4X)",G,"","",,,,,,,,,,,,
29880087,Covered By The Blood,7253079,"Atonement, Blood, Cross, Crucifixion, Testimony, Worthiness","",,"",Default Arrangement,,0,"",B,"Verse 1

The hill I could not climb
Though the cross to bear was mine
A sinner's death You chose
And with love and grace atoned

Chorus 1

I'm covered by the blood of Jesus
It's all under the blood of Jesus
All sin and shame
Is washed away
My debt is paid
'Cause I'm covered by the blood

Verse 2

Oh what a mystery
The cross has ransomed me
That I would find new life
Crucified with Christ
Oh I'm alive in Christ

Bridge 1

Let all the saints proclaim His glory
Sing worthy is the Lamb
Sing worthy

The empty grave our testimony
Sing worthy is the Lamb
Sing worthy

Tag 1

Sing worthy
He's worthy
Sing worthy is the Lamb
(REPEAT)",B,"","",,,,,,,,,,,,
29884635,The Servant Song,72673,"Brotherhood, Christian Love, Fellowship, Servanthood, Compassion","",,"",Default Arrangement,,0,"","Ab, D","Verse 1

Brother let me be your servant
Let me be as Christ to you
Pray that I might have the grace to
Let you be my servant too

Verse 2

We are pilgrims on a journey
We are brothers on the road
We are here to help each other
Walk the mile and bear the load

Verse 3

I will hold the Christ-light for you
In the night time of your fear
I will hold my hand out to you
Speak the peace you long to hear

Verse 4

I will weep when you are weeping
When you laugh I'll laugh with you
I will share your joy and sorrow
Till we've seen this journey through

Verse 5

When we sing to God in heaven
We shall find such harmony
Born of all we've known together
Of Christ's love and agony

Verse 6

Brother sister let me serve you
Let me be as Christ to you
Pray that I may have the grace to
Let you be my servant too",D,"","",,,,,,,,,,,,
29884679,A New Commandment,4540290,"Commandment, Discipleship, Guidance, Christian Life","",,"",Default Arrangement,,0,"",D,"Chorus 1

A new commandment I give unto you
That you love one another as I have loved you
That you love one another as I have loved you

Verse 1

By this shall all know that you are My disciples
If you have love one for another
By this shall all know that you are My disciples
If you have love one for another

Verse 2

You are My friends if you do what I command you
Without My help you can do nothing
You are My friends if you do what I command you
Without My help you can do nothing

Verse 3

I am the true vine My Father is the gard'ner
Abide in Me I will be with you
I am the true vine My Father is the gard'ner
Abide in Me I will be with you

Verse 4

True love is patient not arrogant nor boastful
Love bears all things love is eternal
True love is patient not arrogant nor boastful
Love bears all things love is eternal",D,"","",,,,,,,,,,,,
29885759,A New Commandment,3148734,"Christian Life, Commandment, Discipleship, Faith, Guidance, Jesus, Love","",,"",Default Arrangement,,0,"","","Chorus 1

A new commandment I give unto you
That you love one another as I have loved you
That you love one another as I have loved you

Verse 1

By this shall all know you are my disciples
If you have love one for another
By this shall all know you are my disciples
If you have love one for another

Verse 2

You are my friends if you do what I command you
Without my help you can do nothing
You are my friends if you do what I command you
Without my help you can do nothing

Verse 3

I am the true vine my Father is the gard'ner
Abide in Me I will be with you
I am the true vine my Father is the gard'ner
Abide in Me I will be with you

Verse 4

True love is patient not arrogant nor boastful
Love bears all things love is eternal
True love is patient not arrogant nor boastful
Love bears all things love is eternal",G,"","",,,,,,,,,,,,
29969704,Greatness,7276936,"","","July 19, 2026","",Passion,79,346,"",B,"Verse 1

The greatness of the Lord is beyond compare
The greatness of the Lord is beyond compare
All splendor and glory
Forever He is holy
The greatness of the Lord is beyond compare

Verse 2

The friendship of the Lord is beyond compare
The friendship of the Lord is beyond compare
Oh Jesus my treasure
Abide with me forever
The friendship of the Lord is beyond compare

Verse 3

The faithfulness of God it will never fail
The faithfulness of God it will never fail
My hope is in You God
The Rock my life is built on
The faithfulness of God it will never fail

Verse 4

The Kingdom of our God it will never end
The Kingdom of our God it will never end
The great and glorious One who was and is to come
The Lamb of God is seated on the throne
Eternally You reign and we will sing the same
The Lamb of God has triumphed over all
The greatness of the Lord is beyond compare",B,"","",,,,,,,,,,,,
30067382,I Believe,7218424,"Believe, Hope, Resurrection, Salvation","","April 26, 2026","",Phil Wickham,133,303,"",D,"",,"","",,,,,,,,,,,,
30126641,Ancient of Days,,"","",,"",Nineties Worship Night,92,226,"",D,"",,"","",,,,,,,,,,,,
30126644,Ancient Of Days,798108,"Bow, Exalted, Glory, Name, Declaration, Praise","","May 03, 2026","",Default Arrangement,,0,"",D,"",,"","",,,,,,,,,,,,
30154492,Still I Will Praise,7139056,"","","May 10, 2026","",Default Arrangement,,0,"",A,"",,"","",,,,,,,,,,,,
30254530,Washed,7263433,"","","August 23, 2026","",Default Arrangement,,0,"","B, E, G","",,"","",,,,,,,,,,,,
30364555,The Stand,4705248,"Lordship, music stand, new covenant, provisin, serving, the body of christ, Discipleship, Service, , Provision, Kingship, Faithfulness, Promise, Surrender, Cross, Christmas, Salvation","","June 21, 2026","",Default Arrangement,,0,"",G,"Verse 1

You stood before creation
Eternity in Your hand
You spoke the earth into motion
My soul now to stand

Verse 2

You stood before my failure
And carried the cross for my shame
My sin weighed upon Your shoulders
My soul now to stand

Pre-Chorus 1

So what can I say
And what can I do
But offer this heart O God
Completely to You

Verse 3

So I'll walk upon salvation
Your Spirit alive in me
My life to declare Your promise
My soul now to stand

Chorus 1

So I'll stand
With arms high and heart abandoned
In awe of the One who gave it all
I'll stand
My soul Lord to You surrendered
All I am is Yours",G,"","",,,,,,,,,,,,
30364627,Be Thou My Vision (Be My Everything),7136963,"","",,"",Default Arrangement,,0,"",C,"Verse 1

Be Thou my vision O Lord of my heart
Naught be all else to me save that Thou art
Thou my best thought by day or by night
Waking or sleeping Thy presence my light

Verse 2

Be Thou my wisdom and Thou my true word
I ever with Thee and Thou with me Lord
Thou my great Father I Thy true son
Thou in me dwelling and I with Thee one

Chorus 1

Be my vision O God
Be my everything
Through this mess I call my life
Won’t You be my everything

Verse 3

Riches I need not nor man’s empty praise
Thou mine inheritance now and always
Thou and Thou only first in my heart
High King of heaven my treasure Thou art

Chorus 2

Be my vision O God
Be my everything
Through this mess I call my life
Won’t You be my everything

Chorus 3

Be my vision O God
Be my everything
Through this mess I call my life
Won’t You be my everything (2X)
High King of heaven my victory won
May I reach heaven's joys oh bright heaven's Son
Heart of my own heart whatever befall
Still be my vision oh ruler of all",C,"","",,,,,,,,,,,,
30501151,We Exalt Thee,7204019,"","","July 19, 2026","",Default Arrangement,,0,"",B,"",,"","",,,,,,,,,,,,
30543589,God I'm Just Grateful,7270317,"Faithfulness, Grace, Gratitude","","August 09, 2026","",Default Arrangement,,0,"","A, D, G","",D,"","",,,,,,,,,,,,
